GCF_002995915.1_ASM299591v1|NZ_PHOJ01000016.1|length=8402	GCF_002995915.1_ASM299591v1|NZ_PHOJ01000016.1|length=8402
GCF_002995915.1_ASM299591v1|NZ_PHOJ01000017.1|length=6803	GCF_002995915.1_ASM299591v1|NZ_PHOJ01000017.1|length=6803
GCF_002995915.1_ASM299591v1|NZ_PHOJ01000006.1|length=24264	GCF_002995915.1_ASM299591v1|NZ_PHOJ01000006.1|length=24264
GCF_002995935.1_ASM299593v1|NZ_PHOK01000002.1|length=59397	GCF_002995935.1_ASM299593v1|NZ_PHOK01000002.1|length=59397
GCF_002995935.1_ASM299593v1|NZ_PHOK01000002.1|length=59397	GCF_002996125.1_ASM299612v1|NZ_PHPF01000015.1|length=8430
GCF_002995935.1_ASM299593v1|NZ_PHOK01000002.1|length=59397	GCF_002996395.1_ASM299639v1|NZ_PHQF01000003.1|length=30190
GCF_002995935.1_ASM299593v1|NZ_PHOK01000002.1|length=59397	GCF_002996395.1_ASM299639v1|NZ_PHQF01000004.1|length=29042
GCF_002995935.1_ASM299593v1|NZ_PHOK01000002.1|length=59397	GCF_002997265.1_ASM299726v1|NZ_PHQN01000012.1|length=7199
GCF_002995935.1_ASM299593v1|NZ_PHOK01000002.1|length=59397	GCF_002995865.1_ASM299586v1|NZ_PHOD01000008.1|length=23416
GCF_002995935.1_ASM299593v1|NZ_PHOK01000002.1|length=59397	GCF_002996005.1_ASM299600v1|NZ_PHOT01000006.1|length=26842
GCF_002995935.1_ASM299593v1|NZ_PHOK01000002.1|length=59397	GCF_002996125.1_ASM299612v1|NZ_PHPF01000007.1|length=20053
GCF_002995935.1_ASM299593v1|NZ_PHOK01000002.1|length=59397	GCF_002996265.1_ASM299626v1|NZ_PHPX01000004.1|length=29115
GCF_002995935.1_ASM299593v1|NZ_PHOK01000002.1|length=59397	GCF_002996305.1_ASM299630v1|NZ_PHPZ01000004.1|length=29120
GCF_002995935.1_ASM299593v1|NZ_PHOK01000002.1|length=59397	GCF_002996345.1_ASM299634v1|NZ_PHQB01000003.1|length=29030
GCF_002995935.1_ASM299593v1|NZ_PHOK01000002.1|length=59397	GCF_002996365.1_ASM299636v1|NZ_PHQC01000004.1|length=28898
GCF_002995935.1_ASM299593v1|NZ_PHOK01000002.1|length=59397	GCF_002996385.1_ASM299638v1|NZ_PHQE01000006.1|length=27673
GCF_002995935.1_ASM299593v1|NZ_PHOK01000002.1|length=59397	GCF_002996405.1_ASM299640v1|NZ_PHQH01000006.1|length=23028
GCF_002995935.1_ASM299593v1|NZ_PHOK01000002.1|length=59397	GCF_002996475.1_ASM299647v1|NZ_PHOF01000004.1|length=29258
GCF_002995935.1_ASM299593v1|NZ_PHOK01000002.1|length=59397	GCF_002997285.1_ASM299728v1|NZ_PHQO01000004.1|length=29098
GCF_002995935.1_ASM299593v1|NZ_PHOK01000002.1|length=59397	GCF_002996545.1_ASM299654v1|NZ_PHOH01000005.1|length=29074
GCF_002995935.1_ASM299593v1|NZ_PHOK01000002.1|length=59397	GCF_002996705.1_ASM299670v1|NZ_PHOU01000007.1|length=24454
GCF_002995935.1_ASM299593v1|NZ_PHOK01000002.1|length=59397	GCF_002996925.1_ASM299692v1|NZ_PHPP01000003.1|length=31005
GCF_002995935.1_ASM299593v1|NZ_PHOK01000002.1|length=59397	GCF_000166635.1_ASM16663v1|NC_017416.1|length=29424
GCF_002995935.1_ASM299593v1|NZ_PHOK01000002.1|length=59397	GCF_000181555.2_ASM18155v2|NC_011862.1|length=29501
GCF_002995935.1_ASM299593v1|NZ_PHOK01000002.1|length=59397	GCF_002995885.1_ASM299588v1|NZ_PHOM01000004.1|length=28994
GCF_002995935.1_ASM299593v1|NZ_PHOK01000002.1|length=59397	GCF_002995985.1_ASM299598v1|NZ_PHOW01000004.1|length=28917
GCF_002995935.1_ASM299593v1|NZ_PHOK01000002.1|length=59397	GCF_002996105.1_ASM299610v1|NZ_PHPH01000005.1|length=28753
GCF_002995935.1_ASM299593v1|NZ_PHOK01000002.1|length=59397	GCF_002996245.1_ASM299624v1|NZ_PHPS01000005.1|length=28802
GCF_002995935.1_ASM299593v1|NZ_PHOK01000002.1|length=59397	GCF_002996285.1_ASM299628v1|NZ_PHPU01000005.1|length=28455
GCF_002995935.1_ASM299593v1|NZ_PHOK01000002.1|length=59397	GCF_002996465.1_ASM299646v1|NZ_PHOE01000006.1|length=28947
GCF_002995935.1_ASM299593v1|NZ_PHOK01000002.1|length=59397	GCF_002996485.1_ASM299648v1|NZ_PHOG01000005.1|length=28952
GCF_002995935.1_ASM299593v1|NZ_PHOK01000002.1|length=59397	GCF_002996585.1_ASM299658v1|NZ_PHOL01000004.1|length=28856
GCF_002995935.1_ASM299593v1|NZ_PHOK01000002.1|length=59397	GCF_002996605.1_ASM299660v1|NZ_PHON01000005.1|length=28283
GCF_002995935.1_ASM299593v1|NZ_PHOK01000002.1|length=59397	GCF_002996625.1_ASM299662v1|NZ_PHOO01000004.1|length=28925
GCF_002995935.1_ASM299593v1|NZ_PHOK01000002.1|length=59397	GCF_002996685.1_ASM299668v1|NZ_PHOR01000006.1|length=29075
GCF_002995935.1_ASM299593v1|NZ_PHOK01000002.1|length=59397	GCF_002996865.1_ASM299686v1|NZ_PHPG01000004.1|length=28795
GCF_002995935.1_ASM299593v1|NZ_PHOK01000002.1|length=59397	GCF_002997065.1_ASM299706v1|NZ_PHQA01000005.1|length=28932
GCF_002995935.1_ASM299593v1|NZ_PHOK01000002.1|length=59397	GCF_002997205.1_ASM299720v1|NZ_PHQL01000005.1|length=28929
GCF_002995935.1_ASM299593v1|NZ_PHOK01000002.1|length=59397	GCF_024662175.1_ASM2466217v1|NZ_CP094591.1|length=29187
GCF_002995935.1_ASM299593v1|NZ_PHOK01000002.1|length=59397	GCF_040790745.1_ASM4079074v1|NZ_CP161080.1|length=29824
GCF_002995935.1_ASM299593v1|NZ_PHOK01000002.1|length=59397	GCF_040790795.1_ASM4079079v1|NZ_CP161163.1|length=29837
GCF_002995935.1_ASM299593v1|NZ_PHOK01000002.1|length=59397	GCF_051054305.1_ASM5105430v1|NZ_CP147761.1|length=15987
GCF_002995935.1_ASM299593v1|NZ_PHOK01000002.1|length=59397	GCF_002996965.1_ASM299696v1|NZ_PHPM01000005.1|length=28959
GCF_002995935.1_ASM299593v1|NZ_PHOK01000002.1|length=59397	GCF_002997045.1_ASM299704v1|NZ_PHPV01000004.1|length=28940
GCF_002995935.1_ASM299593v1|NZ_PHOK01000002.1|length=59397	GCF_002997085.1_ASM299708v1|NZ_PHPW01000003.1|length=30237
GCF_002995935.1_ASM299593v1|NZ_PHOK01000002.1|length=59397	GCF_002997085.1_ASM299708v1|NZ_PHPW01000004.1|length=27703
GCF_002995935.1_ASM299593v1|NZ_PHOK01000002.1|length=59397	GCF_002997105.1_ASM299710v1|NZ_PHPY01000004.1|length=28880
GCF_002995935.1_ASM299593v1|NZ_PHOK01000002.1|length=59397	GCF_030440345.1_ASM3044034v2|NZ_CP179413.1|length=29090
GCF_002995935.1_ASM299593v1|NZ_PHOK01000002.1|length=59397	GCF_051054355.1_ASM5105435v1|NZ_CP147147.1|length=20037
GCF_002995935.1_ASM299593v1|NZ_PHOK01000002.1|length=59397	GCF_051054485.1_ASM5105448v1|NZ_CP147292.1|length=15842
GCF_002995935.1_ASM299593v1|NZ_PHOK01000002.1|length=59397	GCF_030439665.1_ASM3043966v2|NZ_CP179301.1|length=14408
GCF_002995935.1_ASM299593v1|NZ_PHOK01000019.1|length=5170	GCF_002995935.1_ASM299593v1|NZ_PHOK01000019.1|length=5170
GCF_002995935.1_ASM299593v1|NZ_PHOK01000019.1|length=5170	GCF_002996395.1_ASM299639v1|NZ_PHQF01000021.1|length=5198
GCF_002995935.1_ASM299593v1|NZ_PHOK01000004.1|length=27763	GCF_002995935.1_ASM299593v1|NZ_PHOK01000004.1|length=27763
GCF_002995935.1_ASM299593v1|NZ_PHOK01000005.1|length=27700	GCF_002995935.1_ASM299593v1|NZ_PHOK01000005.1|length=27700
GCF_002995935.1_ASM299593v1|NZ_PHOK01000005.1|length=27700	GCF_002996395.1_ASM299639v1|NZ_PHQF01000006.1|length=27314
GCF_002995985.1_ASM299598v1|NZ_PHOW01000010.1|length=19008	GCF_002995985.1_ASM299598v1|NZ_PHOW01000010.1|length=19008
GCF_002995985.1_ASM299598v1|NZ_PHOW01000010.1|length=19008	GCF_002996105.1_ASM299610v1|NZ_PHPH01000010.1|length=18808
GCF_002995985.1_ASM299598v1|NZ_PHOW01000010.1|length=19008	GCF_002996285.1_ASM299628v1|NZ_PHPU01000012.1|length=9365
GCF_002995985.1_ASM299598v1|NZ_PHOW01000010.1|length=19008	GCF_002997065.1_ASM299706v1|NZ_PHQA01000014.1|length=8658
GCF_002995985.1_ASM299598v1|NZ_PHOW01000010.1|length=19008	GCF_002997205.1_ASM299720v1|NZ_PHQL01000013.1|length=8658
GCF_002996005.1_ASM299600v1|NZ_PHOT01000001.1|length=909965	GCF_002996005.1_ASM299600v1|NZ_PHOT01000001.1|length=909965
GCF_002996005.1_ASM299600v1|NZ_PHOT01000001.1|length=909965	GCF_002996385.1_ASM299638v1|NZ_PHQE01000001.1|length=909992
GCF_002996005.1_ASM299600v1|NZ_PHOT01000001.1|length=909965	GCF_002997285.1_ASM299728v1|NZ_PHQO01000001.1|length=909609
GCF_002996005.1_ASM299600v1|NZ_PHOT01000001.1|length=909965	GCF_002996475.1_ASM299647v1|NZ_PHOF01000001.1|length=905868
GCF_002996005.1_ASM299600v1|NZ_PHOT01000004.1|length=28932	GCF_002996005.1_ASM299600v1|NZ_PHOT01000004.1|length=28932
GCF_002996005.1_ASM299600v1|NZ_PHOT01000009.1|length=21335	GCF_002996005.1_ASM299600v1|NZ_PHOT01000009.1|length=21335
GCF_002996025.1_ASM299602v1|NZ_PHOV01000001.1|length=909876	GCF_002996025.1_ASM299602v1|NZ_PHOV01000001.1|length=909876
GCF_002996105.1_ASM299610v1|NZ_PHPH01000001.1|length=903046	GCF_002996105.1_ASM299610v1|NZ_PHPH01000001.1|length=903046
GCF_002996105.1_ASM299610v1|NZ_PHPH01000001.1|length=903046	GCF_002995985.1_ASM299598v1|NZ_PHOW01000001.1|length=902872
GCF_002996105.1_ASM299610v1|NZ_PHPH01000012.1|length=17096	GCF_002996105.1_ASM299610v1|NZ_PHPH01000012.1|length=17096
GCF_002996105.1_ASM299610v1|NZ_PHPH01000012.1|length=17096	GCF_002995985.1_ASM299598v1|NZ_PHOW01000012.1|length=16874
GCF_002996105.1_ASM299610v1|NZ_PHPH01000012.1|length=17096	GCF_002996285.1_ASM299628v1|NZ_PHPU01000011.1|length=16989
GCF_002996105.1_ASM299610v1|NZ_PHPH01000012.1|length=17096	GCF_002997065.1_ASM299706v1|NZ_PHQA01000011.1|length=16842
GCF_002996105.1_ASM299610v1|NZ_PHPH01000012.1|length=17096	GCF_002997205.1_ASM299720v1|NZ_PHQL01000011.1|length=17096
GCF_002996105.1_ASM299610v1|NZ_PHPH01000012.1|length=17096	GCF_051054305.1_ASM5105430v1|NZ_CP147757.1|length=13422
GCF_002996105.1_ASM299610v1|NZ_PHPH01000012.1|length=17096	GCF_002996965.1_ASM299696v1|NZ_PHPM01000011.1|length=17070
GCF_002996105.1_ASM299610v1|NZ_PHPH01000012.1|length=17096	GCF_051054485.1_ASM5105448v1|NZ_CP147289.1|length=12389
GCF_024662155.1_ASM2466215v1|NZ_CP094562.1|length=26507	GCF_024662155.1_ASM2466215v1|NZ_CP094562.1|length=26507
GCF_024662175.1_ASM2466217v1|NZ_CP094589.1|length=17965	GCF_024662175.1_ASM2466217v1|NZ_CP094589.1|length=17965
GCF_024662175.1_ASM2466217v1|NZ_CP094589.1|length=17965	GCF_002996125.1_ASM299612v1|NZ_PHPF01000008.1|length=17610
GCF_024662175.1_ASM2466217v1|NZ_CP094589.1|length=17965	GCF_030440345.1_ASM3044034v2|NZ_CP124078.1|length=17944
GCF_024662175.1_ASM2466217v1|NZ_CP094589.1|length=17965	GCF_040790795.1_ASM4079079v1|NZ_CP161172.1|length=17973
GCF_024662175.1_ASM2466217v1|NZ_CP094580.1|length=26515	GCF_024662175.1_ASM2466217v1|NZ_CP094580.1|length=26515
GCF_024662175.1_ASM2466217v1|NZ_CP094580.1|length=26515	GCF_030440345.1_ASM3044034v2|NZ_CP124077.1|length=26514
GCF_024662175.1_ASM2466217v1|NZ_CP094580.1|length=26515	GCF_038801875.1_ASM3880187v1|NZ_CP152379.1|length=26514
GCF_024662175.1_ASM2466217v1|NZ_CP094580.1|length=26515	GCF_040790795.1_ASM4079079v1|NZ_CP161167.1|length=26512
GCF_024662175.1_ASM2466217v1|NZ_CP094584.1|length=30263	GCF_024662175.1_ASM2466217v1|NZ_CP094584.1|length=30263
GCF_024662175.1_ASM2466217v1|NZ_CP094584.1|length=30263	GCF_030440345.1_ASM3044034v2|NZ_CP179415.1|length=30255
GCF_024662175.1_ASM2466217v1|NZ_CP094584.1|length=30263	GCF_040790795.1_ASM4079079v1|NZ_CP161162.1|length=29914
GCF_024662175.1_ASM2466217v1|NZ_CP094585.1|length=30637	GCF_024662175.1_ASM2466217v1|NZ_CP094585.1|length=30637
GCF_024662175.1_ASM2466217v1|NZ_CP094585.1|length=30637	GCF_030440345.1_ASM3044034v2|NZ_CP179422.1|length=30636
GCF_024662175.1_ASM2466217v1|NZ_CP094586.1|length=30642	GCF_024662175.1_ASM2466217v1|NZ_CP094586.1|length=30642
GCF_024662175.1_ASM2466217v1|NZ_CP094586.1|length=30642	GCF_002995885.1_ASM299588v1|NZ_PHOM01000019.1|length=5196
GCF_024662175.1_ASM2466217v1|NZ_CP094586.1|length=30642	GCF_002996125.1_ASM299612v1|NZ_PHPF01000014.1|length=8516
GCF_024662175.1_ASM2466217v1|NZ_CP094586.1|length=30642	GCF_002996585.1_ASM299658v1|NZ_PHOL01000020.1|length=5316
GCF_024662175.1_ASM2466217v1|NZ_CP094586.1|length=30642	GCF_002996625.1_ASM299662v1|NZ_PHOO01000018.1|length=5785
GCF_024662175.1_ASM2466217v1|NZ_CP094586.1|length=30642	GCF_030440345.1_ASM3044034v2|NZ_CP179424.1|length=30641
GCF_024662175.1_ASM2466217v1|NZ_CP094586.1|length=30642	GCF_040790735.1_ASM4079073v1|NZ_CP161059.1|length=30645
GCF_024662175.1_ASM2466217v1|NZ_CP094587.1|length=21166	GCF_024662175.1_ASM2466217v1|NZ_CP094587.1|length=21166
GCF_024662175.1_ASM2466217v1|NZ_CP094587.1|length=21166	GCF_030440345.1_ASM3044034v2|NZ_CP179417.1|length=21164
GCF_024662175.1_ASM2466217v1|NZ_CP094587.1|length=21166	GCF_040790795.1_ASM4079079v1|NZ_CP161171.1|length=21164
GCF_024662175.1_ASM2466217v1|NZ_CP094588.1|length=21173	GCF_024662175.1_ASM2466217v1|NZ_CP094588.1|length=21173
GCF_024662175.1_ASM2466217v1|NZ_CP094588.1|length=21173	GCF_030440345.1_ASM3044034v2|NZ_CP179425.1|length=21172
GCF_024662175.1_ASM2466217v1|NZ_CP094588.1|length=21173	GCF_002995885.1_ASM299588v1|NZ_PHOM01000014.1|length=7467
GCF_024662175.1_ASM2466217v1|NZ_CP094588.1|length=21173	GCF_002996585.1_ASM299658v1|NZ_PHOL01000017.1|length=7410
GCF_024662175.1_ASM2466217v1|NZ_CP094588.1|length=21173	GCF_002996625.1_ASM299662v1|NZ_PHOO01000014.1|length=7753
GCF_024662175.1_ASM2466217v1|NZ_CP094594.1|length=31386	GCF_024662175.1_ASM2466217v1|NZ_CP094594.1|length=31386
GCF_024662195.1_ASM2466219v1|NZ_CP094598.1|length=26499	GCF_024662195.1_ASM2466219v1|NZ_CP094598.1|length=26499
GCF_024662195.1_ASM2466219v1|NZ_CP094610.1|length=29936	GCF_024662195.1_ASM2466219v1|NZ_CP094610.1|length=29936
GCF_024662195.1_ASM2466219v1|NZ_CP094610.1|length=29936	GCF_000008685.2_ASM868v2|NC_001852.1|length=29766
GCF_024662195.1_ASM2466219v1|NZ_CP094610.1|length=29936	GCF_000021405.1_ASM2140v1|NC_011779.1|length=29758
GCF_024662195.1_ASM2466219v1|NZ_CP094610.1|length=29936	GCF_002083055.2_ASM208305v2|NZ_NBTP02000012.1|length=28930
GCF_024662195.1_ASM2466219v1|NZ_CP094610.1|length=29936	GCF_030439605.1_ASM3043960v2|NZ_CP179350.1|length=29924
GCF_024662195.1_ASM2466219v1|NZ_CP094610.1|length=29936	GCF_030445065.1_ASM3044506v2|NZ_CP179365.1|length=29924
GCF_024662195.1_ASM2466219v1|NZ_CP094610.1|length=29936	GCF_040790775.1_ASM4079077v1|NZ_CP161184.1|length=29925
GCF_024662195.1_ASM2466219v1|NZ_CP094610.1|length=29936	GCF_040790805.1_ASM4079080v1|NZ_CP161197.1|length=29924
GCF_024662195.1_ASM2466219v1|NZ_CP094610.1|length=29936	GCF_051054345.1_ASM5105434v1|NZ_CP147255.1|length=24424
GCF_024662195.1_ASM2466219v1|NZ_CP094610.1|length=29936	GCF_040819585.1_PFhe_I_PB_Ill_cons|NZ_CP161912.1|length=29969
GCF_024662195.1_ASM2466219v1|NZ_CP094610.1|length=29936	GCF_002996265.1_ASM299626v1|NZ_PHPX01000003.1|length=29746
GCF_024662195.1_ASM2466219v1|NZ_CP094610.1|length=29936	GCF_002996385.1_ASM299638v1|NZ_PHQE01000005.1|length=29890
GCF_024662195.1_ASM2466219v1|NZ_CP094610.1|length=29936	GCF_032595375.1_ASM3259537v2|NZ_CP179312.1|length=29846
GCF_026571635.1_ASM2657163v1|NZ_CP075199.1|length=904928	GCF_026571635.1_ASM2657163v1|NZ_CP075199.1|length=904928
GCF_026571655.1_ASM2657165v1|NZ_CP075200.1|length=904618	GCF_026571655.1_ASM2657165v1|NZ_CP075200.1|length=904618
GCF_026571675.1_ASM2657167v1|NZ_CP075201.1|length=901907	GCF_026571675.1_ASM2657167v1|NZ_CP075201.1|length=901907
GCF_026571695.1_ASM2657169v1|NZ_CP075202.1|length=901555	GCF_026571695.1_ASM2657169v1|NZ_CP075202.1|length=901555
GCF_026571715.1_ASM2657171v1|NZ_CP075203.1|length=904750	GCF_026571715.1_ASM2657171v1|NZ_CP075203.1|length=904750
GCF_026571735.1_ASM2657173v1|NZ_CP075204.1|length=905354	GCF_026571735.1_ASM2657173v1|NZ_CP075204.1|length=905354
GCF_026571755.1_ASM2657175v1|NZ_CP075205.1|length=903159	GCF_026571755.1_ASM2657175v1|NZ_CP075205.1|length=903159
GCF_026571755.1_ASM2657175v1|NZ_CP075205.1|length=903159	GCF_026571615.1_ASM2657161v1|NZ_CP075198.1|length=902686
GCF_026571775.1_ASM2657177v1|NZ_CP075206.1|length=905110	GCF_026571775.1_ASM2657177v1|NZ_CP075206.1|length=905110
GCF_026571795.1_ASM2657179v1|NZ_CP075207.1|length=906080	GCF_026571795.1_ASM2657179v1|NZ_CP075207.1|length=906080
GCF_026571795.1_ASM2657179v1|NZ_CP075207.1|length=906080	GCF_000962775.1_ASM96277v1|NZ_CP009058.1|length=905949
GCF_026571795.1_ASM2657179v1|NZ_CP075207.1|length=906080	GCF_026571835.1_ASM2657183v1|NZ_CP075209.1|length=906136
GCF_026571815.1_ASM2657181v1|NZ_CP075208.1|length=883646	GCF_026571815.1_ASM2657181v1|NZ_CP075208.1|length=883646
GCF_026571875.1_ASM2657187v1|NZ_CP075210.1|length=903085	GCF_026571875.1_ASM2657187v1|NZ_CP075210.1|length=903085
GCF_026571895.1_ASM2657189v1|NZ_CP075211.1|length=902667	GCF_026571895.1_ASM2657189v1|NZ_CP075211.1|length=902667
GCF_026571915.1_ASM2657191v1|NZ_CP075212.1|length=903046	GCF_026571915.1_ASM2657191v1|NZ_CP075212.1|length=903046
GCF_026571935.1_ASM2657193v1|NZ_CP075213.1|length=896680	GCF_026571935.1_ASM2657193v1|NZ_CP075213.1|length=896680
GCF_026571955.1_ASM2657195v1|NZ_CP075214.1|length=906057	GCF_026571955.1_ASM2657195v1|NZ_CP075214.1|length=906057
GCF_026571995.1_ASM2657199v1|NZ_CP075216.1|length=906076	GCF_026571995.1_ASM2657199v1|NZ_CP075216.1|length=906076
GCF_026571995.1_ASM2657199v1|NZ_CP075216.1|length=906076	GCF_000741005.1_ASM74100v1|NZ_CP009212.1|length=905861
GCF_026572015.1_ASM2657201v1|NZ_CP075217.1|length=905790	GCF_026572015.1_ASM2657201v1|NZ_CP075217.1|length=905790
GCF_026572035.1_ASM2657203v1|NZ_CP075218.1|length=902483	GCF_026572035.1_ASM2657203v1|NZ_CP075218.1|length=902483
GCF_026572055.1_ASM2657205v1|NZ_CP075219.1|length=902309	GCF_026572055.1_ASM2657205v1|NZ_CP075219.1|length=902309
GCF_026572095.1_ASM2657209v1|NZ_CP075221.1|length=905129	GCF_026572095.1_ASM2657209v1|NZ_CP075221.1|length=905129
GCF_026572095.1_ASM2657209v1|NZ_CP075221.1|length=905129	GCF_026572115.1_ASM2657211v1|NZ_CP075222.1|length=903887
GCF_026572135.1_ASM2657213v1|NZ_CP075223.1|length=904531	GCF_026572135.1_ASM2657213v1|NZ_CP075223.1|length=904531
GCF_026572155.1_ASM2657215v1|NZ_CP075224.1|length=876765	GCF_026572155.1_ASM2657215v1|NZ_CP075224.1|length=876765
GCF_026572175.1_ASM2657217v1|NZ_CP075225.1|length=905016	GCF_026572175.1_ASM2657217v1|NZ_CP075225.1|length=905016
GCF_026572195.1_ASM2657219v1|NZ_CP075226.1|length=901166	GCF_026572195.1_ASM2657219v1|NZ_CP075226.1|length=901166
GCF_026572215.1_ASM2657221v1|NZ_CP075227.1|length=904882	GCF_026572215.1_ASM2657221v1|NZ_CP075227.1|length=904882
GCF_026572235.1_ASM2657223v1|NZ_CP075228.1|length=901961	GCF_026572235.1_ASM2657223v1|NZ_CP075228.1|length=901961
GCF_026572255.1_ASM2657225v1|NZ_CP075229.1|length=902350	GCF_026572255.1_ASM2657225v1|NZ_CP075229.1|length=902350
GCF_026572275.1_ASM2657227v1|NZ_CP075230.1|length=905314	GCF_026572275.1_ASM2657227v1|NZ_CP075230.1|length=905314
GCF_026572275.1_ASM2657227v1|NZ_CP075230.1|length=905314	GCF_026642375.1_ASM2664237v1|NZ_CP075407.1|length=905112
GCF_026572275.1_ASM2657227v1|NZ_CP075230.1|length=905314	GCF_026572075.1_ASM2657207v1|NZ_CP075220.1|length=905059
GCF_026572295.1_ASM2657229v1|NZ_CP075231.1|length=905206	GCF_026572295.1_ASM2657229v1|NZ_CP075231.1|length=905206
GCF_026572315.1_ASM2657231v1|NZ_CP075232.1|length=905692	GCF_026572315.1_ASM2657231v1|NZ_CP075232.1|length=905692
GCF_026572335.1_ASM2657233v1|NZ_CP075233.1|length=904854	GCF_026572335.1_ASM2657233v1|NZ_CP075233.1|length=904854
GCF_026572355.1_ASM2657235v1|NZ_CP075234.1|length=905207	GCF_026572355.1_ASM2657235v1|NZ_CP075234.1|length=905207
GCF_026572395.1_ASM2657239v1|NZ_CP075236.1|length=901613	GCF_026572395.1_ASM2657239v1|NZ_CP075236.1|length=901613
GCF_026572415.1_ASM2657241v1|NZ_CP075237.1|length=899771	GCF_026572415.1_ASM2657241v1|NZ_CP075237.1|length=899771
GCF_026572455.1_ASM2657245v1|NZ_CP075238.1|length=903539	GCF_026572455.1_ASM2657245v1|NZ_CP075238.1|length=903539
GCF_026572475.1_ASM2657247v1|NZ_CP075239.1|length=905782	GCF_026572475.1_ASM2657247v1|NZ_CP075239.1|length=905782
GCF_026572515.1_ASM2657251v1|NZ_CP075241.1|length=899629	GCF_026572515.1_ASM2657251v1|NZ_CP075241.1|length=899629
GCF_026572535.1_ASM2657253v1|NZ_CP075242.1|length=905249	GCF_026572535.1_ASM2657253v1|NZ_CP075242.1|length=905249
GCF_002996585.1_ASM299658v1|NZ_PHOL01000014.1|length=8019	GCF_002996585.1_ASM299658v1|NZ_PHOL01000014.1|length=8019
GCF_002996585.1_ASM299658v1|NZ_PHOL01000014.1|length=8019	GCF_002995885.1_ASM299588v1|NZ_PHOM01000013.1|length=7981
GCF_002996585.1_ASM299658v1|NZ_PHOL01000002.1|length=54100	GCF_002996585.1_ASM299658v1|NZ_PHOL01000002.1|length=54100
GCF_002996585.1_ASM299658v1|NZ_PHOL01000002.1|length=54100	GCF_002996005.1_ASM299600v1|NZ_PHOT01000002.1|length=53168
GCF_002996585.1_ASM299658v1|NZ_PHOL01000002.1|length=54100	GCF_002996125.1_ASM299612v1|NZ_PHPF01000003.1|length=53859
GCF_002996585.1_ASM299658v1|NZ_PHOL01000002.1|length=54100	GCF_002996625.1_ASM299662v1|NZ_PHOO01000002.1|length=53938
GCF_002996585.1_ASM299658v1|NZ_PHOL01000002.1|length=54100	GCF_002995885.1_ASM299588v1|NZ_PHOM01000002.1|length=53871
GCF_002996585.1_ASM299658v1|NZ_PHOL01000002.1|length=54100	GCF_040790715.1_ASM4079071v1|NZ_CP161145.1|length=53878
GCF_002996585.1_ASM299658v1|NZ_PHOL01000002.1|length=54100	GCF_040790735.1_ASM4079073v1|NZ_CP161056.1|length=53905
GCF_002996585.1_ASM299658v1|NZ_PHOL01000003.1|length=48181	GCF_002996585.1_ASM299658v1|NZ_PHOL01000003.1|length=48181
GCF_002996585.1_ASM299658v1|NZ_PHOL01000003.1|length=48181	GCF_002995885.1_ASM299588v1|NZ_PHOM01000010.1|length=17878
GCF_002996585.1_ASM299658v1|NZ_PHOL01000003.1|length=48181	GCF_002996625.1_ASM299662v1|NZ_PHOO01000009.1|length=18032
GCF_002996585.1_ASM299658v1|NZ_PHOL01000003.1|length=48181	GCF_002997285.1_ASM299728v1|NZ_PHQO01000009.1|length=17613
GCF_002996585.1_ASM299658v1|NZ_PHOL01000003.1|length=48181	GCF_040790715.1_ASM4079071v1|NZ_CP161157.1|length=17907
GCF_002996585.1_ASM299658v1|NZ_PHOL01000003.1|length=48181	GCF_000166655.1_ASM16665v1|NC_017410.1|length=17522
GCF_002996605.1_ASM299660v1|NZ_PHON01000001.1|length=909679	GCF_002996605.1_ASM299660v1|NZ_PHON01000001.1|length=909679
GCF_002996605.1_ASM299660v1|NZ_PHON01000016.1|length=8424	GCF_002996605.1_ASM299660v1|NZ_PHON01000016.1|length=8424
GCF_002996605.1_ASM299660v1|NZ_PHON01000002.1|length=54894	GCF_002996605.1_ASM299660v1|NZ_PHON01000002.1|length=54894
GCF_002996605.1_ASM299660v1|NZ_PHON01000002.1|length=54894	GCF_000166655.1_ASM16665v1|NC_013129.1|length=52916
GCF_002996605.1_ASM299660v1|NZ_PHON01000002.1|length=54894	GCF_002995865.1_ASM299586v1|NZ_PHOD01000002.1|length=53798
GCF_002996605.1_ASM299660v1|NZ_PHON01000002.1|length=54894	GCF_002996165.1_ASM299616v1|NZ_PHPK01000002.1|length=53796
GCF_002996605.1_ASM299660v1|NZ_PHON01000002.1|length=54894	GCF_002996265.1_ASM299626v1|NZ_PHPX01000002.1|length=53777
GCF_002996605.1_ASM299660v1|NZ_PHON01000002.1|length=54894	GCF_002996545.1_ASM299654v1|NZ_PHOH01000002.1|length=54870
GCF_002996605.1_ASM299660v1|NZ_PHON01000002.1|length=54894	GCF_002996645.1_ASM299664v1|NZ_PHOP01000002.1|length=53784
GCF_002996605.1_ASM299660v1|NZ_PHON01000002.1|length=54894	GCF_002997245.1_ASM299724v1|NZ_PHQM01000003.1|length=53819
GCF_002996605.1_ASM299660v1|NZ_PHON01000002.1|length=54894	GCF_002997265.1_ASM299726v1|NZ_PHQN01000003.1|length=53748
GCF_002996605.1_ASM299660v1|NZ_PHON01000002.1|length=54894	GCF_040790785.1_ASM4079078v1|NZ_CP161127.1|length=53698
GCF_002996605.1_ASM299660v1|NZ_PHON01000002.1|length=54894	GCF_002996705.1_ASM299670v1|NZ_PHOU01000002.1|length=54908
GCF_002996605.1_ASM299660v1|NZ_PHON01000002.1|length=54894	GCF_002997085.1_ASM299708v1|NZ_PHPW01000002.1|length=53899
GCF_002996605.1_ASM299660v1|NZ_PHON01000002.1|length=54894	GCF_002997145.1_ASM299714v1|NZ_PHQJ01000002.1|length=53831
GCF_002996605.1_ASM299660v1|NZ_PHON01000002.1|length=54894	GCF_040790765.1_ASM4079076v1|NZ_CP161108.1|length=53667
GCF_002996605.1_ASM299660v1|NZ_PHON01000002.1|length=54894	GCF_002997285.1_ASM299728v1|NZ_PHQO01000002.1|length=53941
GCF_002996605.1_ASM299660v1|NZ_PHON01000002.1|length=54894	GCF_003367295.1_ASM336729v1|NZ_CP031397.1|length=53798
GCF_002996605.1_ASM299660v1|NZ_PHON01000002.1|length=54894	GCF_051054355.1_ASM5105435v1|NZ_CP147150.1|length=53829
GCF_002996605.1_ASM299660v1|NZ_PHON01000002.1|length=54894	GCF_002996025.1_ASM299602v1|NZ_PHOV01000002.1|length=53549
GCF_002996605.1_ASM299660v1|NZ_PHON01000002.1|length=54894	GCF_051054475.1_ASM5105447v1|NZ_CP147282.1|length=47323
GCF_002996605.1_ASM299660v1|NZ_PHON01000002.1|length=54894	GCF_051054855.1_ASM5105485v1|NZ_CP147307.1|length=54118
GCF_002996605.1_ASM299660v1|NZ_PHON01000002.1|length=54894	GCF_051147265.1_ASM5114726v1|NZ_CP147401.1|length=54047
GCF_002996625.1_ASM299662v1|NZ_PHOO01000005.1|length=26642	GCF_002996625.1_ASM299662v1|NZ_PHOO01000005.1|length=26642
GCF_002996685.1_ASM299668v1|NZ_PHOR01000003.1|length=31126	GCF_002996685.1_ASM299668v1|NZ_PHOR01000003.1|length=31126
GCF_002996685.1_ASM299668v1|NZ_PHOR01000003.1|length=31126	GCF_002996465.1_ASM299646v1|NZ_PHOE01000004.1|length=29736
GCF_002996685.1_ASM299668v1|NZ_PHOR01000004.1|length=31048	GCF_002996685.1_ASM299668v1|NZ_PHOR01000004.1|length=31048
GCF_002996685.1_ASM299668v1|NZ_PHOR01000004.1|length=31048	GCF_002996465.1_ASM299646v1|NZ_PHOE01000008.1|length=23575
GCF_002996685.1_ASM299668v1|NZ_PHOR01000004.1|length=31048	GCF_002996485.1_ASM299648v1|NZ_PHOG01000008.1|length=23618
GCF_002996685.1_ASM299668v1|NZ_PHOR01000004.1|length=31048	GCF_002996245.1_ASM299624v1|NZ_PHPS01000003.1|length=30706
GCF_002996685.1_ASM299668v1|NZ_PHOR01000004.1|length=31048	GCF_002996865.1_ASM299686v1|NZ_PHPG01000003.1|length=31005
GCF_002996685.1_ASM299668v1|NZ_PHOR01000004.1|length=31048	GCF_002996925.1_ASM299692v1|NZ_PHPP01000004.1|length=30820
GCF_002996705.1_ASM299670v1|NZ_PHOU01000001.1|length=902806	GCF_002996705.1_ASM299670v1|NZ_PHOU01000001.1|length=902806
GCF_002996705.1_ASM299670v1|NZ_PHOU01000010.1|length=16223	GCF_002996705.1_ASM299670v1|NZ_PHOU01000010.1|length=16223
GCF_002996705.1_ASM299670v1|NZ_PHOU01000003.1|length=32810	GCF_002996705.1_ASM299670v1|NZ_PHOU01000003.1|length=32810
GCF_002996705.1_ASM299670v1|NZ_PHOU01000003.1|length=32810	GCF_002995865.1_ASM299586v1|NZ_PHOD01000003.1|length=32732
GCF_002996705.1_ASM299670v1|NZ_PHOU01000003.1|length=32810	GCF_002997145.1_ASM299714v1|NZ_PHQJ01000003.1|length=29760
GCF_002996705.1_ASM299670v1|NZ_PHOU01000003.1|length=32810	GCF_003367295.1_ASM336729v1|NZ_CP031401.1|length=24154
GCF_002996705.1_ASM299670v1|NZ_PHOU01000004.1|length=31692	GCF_002996705.1_ASM299670v1|NZ_PHOU01000004.1|length=31692
GCF_002996705.1_ASM299670v1|NZ_PHOU01000004.1|length=31692	GCF_002995865.1_ASM299586v1|NZ_PHOD01000004.1|length=30771
GCF_002996705.1_ASM299670v1|NZ_PHOU01000004.1|length=31692	GCF_002995915.1_ASM299591v1|NZ_PHOJ01000003.1|length=30983
GCF_002996705.1_ASM299670v1|NZ_PHOU01000004.1|length=31692	GCF_002997165.1_ASM299716v1|NZ_PHQD01000003.1|length=30741
GCF_002996705.1_ASM299670v1|NZ_PHOU01000004.1|length=31692	GCF_040790745.1_ASM4079074v1|NZ_CP161076.1|length=30909
GCF_002996705.1_ASM299670v1|NZ_PHOU01000005.1|length=25860	GCF_002996705.1_ASM299670v1|NZ_PHOU01000005.1|length=25860
GCF_002996705.1_ASM299670v1|NZ_PHOU01000008.1|length=22595	GCF_002996705.1_ASM299670v1|NZ_PHOU01000008.1|length=22595
GCF_002996705.1_ASM299670v1|NZ_PHOU01000009.1|length=19337	GCF_002996705.1_ASM299670v1|NZ_PHOU01000009.1|length=19337
GCF_002996705.1_ASM299670v1|NZ_PHOU01000009.1|length=19337	GCF_030439665.1_ASM3043966v2|NZ_CP179300.1|length=14996
GCF_002996865.1_ASM299686v1|NZ_PHPG01000001.1|length=902480	GCF_002996865.1_ASM299686v1|NZ_PHPG01000001.1|length=902480
GCF_002996865.1_ASM299686v1|NZ_PHPG01000001.1|length=902480	GCF_000166635.1_ASM16663v1|NC_017418.1|length=902191
GCF_002996865.1_ASM299686v1|NZ_PHPG01000001.1|length=902480	GCF_002996245.1_ASM299624v1|NZ_PHPS01000001.1|length=902450
GCF_002996865.1_ASM299686v1|NZ_PHPG01000001.1|length=902480	GCF_002996685.1_ASM299668v1|NZ_PHOR01000001.1|length=902473
GCF_002996865.1_ASM299686v1|NZ_PHPG01000021.1|length=5953	GCF_002996865.1_ASM299686v1|NZ_PHPG01000021.1|length=5953
GCF_002996865.1_ASM299686v1|NZ_PHPG01000008.1|length=22445	GCF_002996865.1_ASM299686v1|NZ_PHPG01000008.1|length=22445
GCF_002996925.1_ASM299692v1|NZ_PHPP01000001.1|length=902272	GCF_002996925.1_ASM299692v1|NZ_PHPP01000001.1|length=902272
GCF_002996925.1_ASM299692v1|NZ_PHPP01000011.1|length=18760	GCF_002996925.1_ASM299692v1|NZ_PHPP01000011.1|length=18760
GCF_002996925.1_ASM299692v1|NZ_PHPP01000009.1|length=21788	GCF_002996925.1_ASM299692v1|NZ_PHPP01000009.1|length=21788
GCF_002996965.1_ASM299696v1|NZ_PHPM01000001.1|length=903104	GCF_002996965.1_ASM299696v1|NZ_PHPM01000001.1|length=903104
GCF_002996965.1_ASM299696v1|NZ_PHPM01000014.1|length=9422	GCF_002996965.1_ASM299696v1|NZ_PHPM01000014.1|length=9422
GCF_002996965.1_ASM299696v1|NZ_PHPM01000016.1|length=7802	GCF_002996965.1_ASM299696v1|NZ_PHPM01000016.1|length=7802
GCF_002996965.1_ASM299696v1|NZ_PHPM01000008.1|length=25169	GCF_002996965.1_ASM299696v1|NZ_PHPM01000008.1|length=25169
GCF_002996965.1_ASM299696v1|NZ_PHPM01000009.1|length=22713	GCF_002996965.1_ASM299696v1|NZ_PHPM01000009.1|length=22713
GCF_002997045.1_ASM299704v1|NZ_PHPV01000007.1|length=22589	GCF_002997045.1_ASM299704v1|NZ_PHPV01000007.1|length=22589
GCF_002997065.1_ASM299706v1|NZ_PHQA01000001.1|length=903184	GCF_002997065.1_ASM299706v1|NZ_PHQA01000001.1|length=903184
GCF_002997065.1_ASM299706v1|NZ_PHQA01000001.1|length=903184	GCF_002996285.1_ASM299628v1|NZ_PHPU01000001.1|length=902881
GCF_002997065.1_ASM299706v1|NZ_PHQA01000001.1|length=903184	GCF_002997205.1_ASM299720v1|NZ_PHQL01000001.1|length=902885
GCF_002997065.1_ASM299706v1|NZ_PHQA01000002.1|length=53884	GCF_002997065.1_ASM299706v1|NZ_PHQA01000002.1|length=53884
GCF_002997065.1_ASM299706v1|NZ_PHQA01000002.1|length=53884	GCF_002996285.1_ASM299628v1|NZ_PHPU01000002.1|length=53713
GCF_002997085.1_ASM299708v1|NZ_PHPW01000001.1|length=903319	GCF_002997085.1_ASM299708v1|NZ_PHPW01000001.1|length=903319
GCF_002997085.1_ASM299708v1|NZ_PHPW01000001.1|length=903319	GCF_002996405.1_ASM299640v1|NZ_PHQH01000001.1|length=902945
GCF_002997085.1_ASM299708v1|NZ_PHPW01000011.1|length=15547	GCF_002997085.1_ASM299708v1|NZ_PHPW01000011.1|length=15547
GCF_002997085.1_ASM299708v1|NZ_PHPW01000012.1|length=8818	GCF_002997085.1_ASM299708v1|NZ_PHPW01000012.1|length=8818
GCF_002997085.1_ASM299708v1|NZ_PHPW01000005.1|length=27343	GCF_002997085.1_ASM299708v1|NZ_PHPW01000005.1|length=27343
GCF_002997085.1_ASM299708v1|NZ_PHPW01000007.1|length=24853	GCF_002997085.1_ASM299708v1|NZ_PHPW01000007.1|length=24853
GCF_002997105.1_ASM299710v1|NZ_PHPY01000007.1|length=22739	GCF_002997105.1_ASM299710v1|NZ_PHPY01000007.1|length=22739
GCF_002997145.1_ASM299714v1|NZ_PHQJ01000011.1|length=13002	GCF_002997145.1_ASM299714v1|NZ_PHQJ01000011.1|length=13002
GCF_002997165.1_ASM299716v1|NZ_PHQD01000020.1|length=5851	GCF_002997165.1_ASM299716v1|NZ_PHQD01000020.1|length=5851
GCF_002997165.1_ASM299716v1|NZ_PHQD01000006.1|length=24451	GCF_002997165.1_ASM299716v1|NZ_PHQD01000006.1|length=24451
GCF_002997205.1_ASM299720v1|NZ_PHQL01000002.1|length=53898	GCF_002997205.1_ASM299720v1|NZ_PHQL01000002.1|length=53898
GCF_002997205.1_ASM299720v1|NZ_PHQL01000002.1|length=53898	GCF_002996385.1_ASM299638v1|NZ_PHQE01000002.1|length=53834
GCF_002997205.1_ASM299720v1|NZ_PHQL01000003.1|length=35473	GCF_002997205.1_ASM299720v1|NZ_PHQL01000003.1|length=35473
GCF_002997205.1_ASM299720v1|NZ_PHQL01000003.1|length=35473	GCF_002995985.1_ASM299598v1|NZ_PHOW01000003.1|length=31857
GCF_002997205.1_ASM299720v1|NZ_PHQL01000003.1|length=35473	GCF_002996105.1_ASM299610v1|NZ_PHPH01000003.1|length=31832
GCF_002997205.1_ASM299720v1|NZ_PHQL01000003.1|length=35473	GCF_002996285.1_ASM299628v1|NZ_PHPU01000004.1|length=29149
GCF_002997205.1_ASM299720v1|NZ_PHQL01000003.1|length=35473	GCF_002997065.1_ASM299706v1|NZ_PHQA01000004.1|length=29093
GCF_002997205.1_ASM299720v1|NZ_PHQL01000003.1|length=35473	GCF_051054305.1_ASM5105430v1|NZ_CP147764.1|length=13972
GCF_002997205.1_ASM299720v1|NZ_PHQL01000003.1|length=35473	GCF_051054305.1_ASM5105430v1|NZ_CP147763.1|length=10979
GCF_002997205.1_ASM299720v1|NZ_PHQL01000003.1|length=35473	GCF_002996965.1_ASM299696v1|NZ_PHPM01000003.1|length=33099
GCF_002997245.1_ASM299724v1|NZ_PHQM01000001.1|length=910101	GCF_002997245.1_ASM299724v1|NZ_PHQM01000001.1|length=910101
GCF_002997245.1_ASM299724v1|NZ_PHQM01000001.1|length=910101	GCF_002996645.1_ASM299664v1|NZ_PHOP01000001.1|length=910063
GCF_002997245.1_ASM299724v1|NZ_PHQM01000001.1|length=910101	GCF_040790785.1_ASM4079078v1|NZ_CP161126.1|length=910048
GCF_002997245.1_ASM299724v1|NZ_PHQM01000001.1|length=910101	GCF_002997265.1_ASM299726v1|NZ_PHQN01000001.1|length=909692
GCF_002997245.1_ASM299724v1|NZ_PHQM01000002.1|length=55813	GCF_002997245.1_ASM299724v1|NZ_PHQM01000002.1|length=55813
GCF_002997245.1_ASM299724v1|NZ_PHQM01000002.1|length=55813	GCF_002996645.1_ASM299664v1|NZ_PHOP01000005.1|length=27230
GCF_002997245.1_ASM299724v1|NZ_PHQM01000002.1|length=55813	GCF_002996645.1_ASM299664v1|NZ_PHOP01000007.1|length=26554
GCF_002997245.1_ASM299724v1|NZ_PHQM01000002.1|length=55813	GCF_002997265.1_ASM299726v1|NZ_PHQN01000004.1|length=27163
GCF_002997245.1_ASM299724v1|NZ_PHQM01000002.1|length=55813	GCF_002997265.1_ASM299726v1|NZ_PHQN01000008.1|length=19965
GCF_002997245.1_ASM299724v1|NZ_PHQM01000002.1|length=55813	GCF_040790735.1_ASM4079073v1|NZ_CP161064.1|length=29371
GCF_002997245.1_ASM299724v1|NZ_PHQM01000002.1|length=55813	GCF_040790785.1_ASM4079078v1|NZ_CP161136.1|length=28349
GCF_002997245.1_ASM299724v1|NZ_PHQM01000002.1|length=55813	GCF_040790785.1_ASM4079078v1|NZ_CP161137.1|length=27456
GCF_002997245.1_ASM299724v1|NZ_PHQM01000002.1|length=55813	GCF_002996165.1_ASM299616v1|NZ_PHPK01000004.1|length=27789
GCF_002997245.1_ASM299724v1|NZ_PHQM01000002.1|length=55813	GCF_051054475.1_ASM5105447v1|NZ_CP147279.1|length=21127
GCF_002997245.1_ASM299724v1|NZ_PHQM01000004.1|length=47077	GCF_002997245.1_ASM299724v1|NZ_PHQM01000004.1|length=47077
GCF_002997245.1_ASM299724v1|NZ_PHQM01000004.1|length=47077	GCF_002996165.1_ASM299616v1|NZ_PHPK01000009.1|length=17638
GCF_002997245.1_ASM299724v1|NZ_PHQM01000004.1|length=47077	GCF_002996645.1_ASM299664v1|NZ_PHOP01000011.1|length=18022
GCF_002997245.1_ASM299724v1|NZ_PHQM01000004.1|length=47077	GCF_002997145.1_ASM299714v1|NZ_PHQJ01000009.1|length=18476
GCF_002997245.1_ASM299724v1|NZ_PHQM01000004.1|length=47077	GCF_002997265.1_ASM299726v1|NZ_PHQN01000010.1|length=18072
GCF_002997245.1_ASM299724v1|NZ_PHQM01000004.1|length=47077	GCF_003367295.1_ASM336729v1|NZ_CP031400.1|length=14437
GCF_002997245.1_ASM299724v1|NZ_PHQM01000004.1|length=47077	GCF_040790765.1_ASM4079076v1|NZ_CP161123.1|length=18208
GCF_002997245.1_ASM299724v1|NZ_PHQM01000004.1|length=47077	GCF_040790785.1_ASM4079078v1|NZ_CP161142.1|length=18115
GCF_002997245.1_ASM299724v1|NZ_PHQM01000004.1|length=47077	GCF_051054475.1_ASM5105447v1|NZ_CP147276.1|length=14514
GCF_002997245.1_ASM299724v1|NZ_PHQM01000004.1|length=47077	GCF_002995935.1_ASM299593v1|NZ_PHOK01000009.1|length=13125
GCF_002997245.1_ASM299724v1|NZ_PHQM01000004.1|length=47077	GCF_002996395.1_ASM299639v1|NZ_PHQF01000011.1|length=12978
GCF_002997245.1_ASM299724v1|NZ_PHQM01000004.1|length=47077	GCF_002996405.1_ASM299640v1|NZ_PHQH01000008.1|length=12802
GCF_002997245.1_ASM299724v1|NZ_PHQM01000004.1|length=47077	GCF_002996025.1_ASM299602v1|NZ_PHOV01000009.1|length=18427
GCF_002997245.1_ASM299724v1|NZ_PHQM01000004.1|length=47077	GCF_051054355.1_ASM5105435v1|NZ_CP147143.1|length=18173
GCF_002997245.1_ASM299724v1|NZ_PHQM01000004.1|length=47077	GCF_002996605.1_ASM299660v1|NZ_PHON01000012.1|length=18351
GCF_002997245.1_ASM299724v1|NZ_PHQM01000004.1|length=47077	GCF_032595535.1_ASM3259553v1|NZ_CP132431.1|length=19836
GCF_002997245.1_ASM299724v1|NZ_PHQM01000004.1|length=47077	GCF_019134655.1_ASM1913465v1|NZ_CP077733.1|length=18205
GCF_002997245.1_ASM299724v1|NZ_PHQM01000004.1|length=47077	GCF_044941625.1_ASM4494162v1|NZ_CP132439.1|length=18160
GCF_002997245.1_ASM299724v1|NZ_PHQM01000004.1|length=47077	GCF_032595755.1_ASM3259575v2|NZ_CP132443.1|length=18135
GCF_002997265.1_ASM299726v1|NZ_PHQN01000002.1|length=58163	GCF_002997265.1_ASM299726v1|NZ_PHQN01000002.1|length=58163
GCF_002997265.1_ASM299726v1|NZ_PHQN01000002.1|length=58163	GCF_002442595.2_ASM244259v2|NZ_CP017215.2|length=29288
GCF_002997265.1_ASM299726v1|NZ_PHQN01000002.1|length=58163	GCF_002995865.1_ASM299586v1|NZ_PHOD01000005.1|length=29561
GCF_002997265.1_ASM299726v1|NZ_PHQN01000002.1|length=58163	GCF_002996125.1_ASM299612v1|NZ_PHPF01000018.1|length=6350
GCF_002997265.1_ASM299726v1|NZ_PHQN01000002.1|length=58163	GCF_002996475.1_ASM299647v1|NZ_PHOF01000014.1|length=6375
GCF_002997265.1_ASM299726v1|NZ_PHQN01000002.1|length=58163	GCF_002996475.1_ASM299647v1|NZ_PHOF01000007.1|length=21423
GCF_002997265.1_ASM299726v1|NZ_PHQN01000002.1|length=58163	GCF_002996605.1_ASM299660v1|NZ_PHON01000003.1|length=29152
GCF_002997265.1_ASM299726v1|NZ_PHQN01000002.1|length=58163	GCF_002996645.1_ASM299664v1|NZ_PHOP01000004.1|length=28996
GCF_002997265.1_ASM299726v1|NZ_PHQN01000002.1|length=58163	GCF_002996865.1_ASM299686v1|NZ_PHPG01000011.1|length=10397
GCF_002997265.1_ASM299726v1|NZ_PHQN01000002.1|length=58163	GCF_002997145.1_ASM299714v1|NZ_PHQJ01000004.1|length=29534
GCF_002997265.1_ASM299726v1|NZ_PHQN01000002.1|length=58163	GCF_002997145.1_ASM299714v1|NZ_PHQJ01000005.1|length=28606
GCF_002997265.1_ASM299726v1|NZ_PHQN01000002.1|length=58163	GCF_002997285.1_ASM299728v1|NZ_PHQO01000018.1|length=6515
GCF_002997265.1_ASM299726v1|NZ_PHQN01000002.1|length=58163	GCF_019464575.1_ASM1946457v1|NZ_CP074062.1|length=29288
GCF_002997265.1_ASM299726v1|NZ_PHQN01000002.1|length=58163	GCF_024662155.1_ASM2466215v1|NZ_CP094574.1|length=29294
GCF_002997265.1_ASM299726v1|NZ_PHQN01000002.1|length=58163	GCF_040790715.1_ASM4079071v1|NZ_CP161150.1|length=29345
GCF_002997265.1_ASM299726v1|NZ_PHQN01000002.1|length=58163	GCF_040790765.1_ASM4079076v1|NZ_CP161117.1|length=28709
GCF_002997265.1_ASM299726v1|NZ_PHQN01000002.1|length=58163	GCF_040790765.1_ASM4079076v1|NZ_CP161116.1|length=29370
GCF_002997265.1_ASM299726v1|NZ_PHQN01000002.1|length=58163	GCF_040790785.1_ASM4079078v1|NZ_CP161135.1|length=28600
GCF_002997265.1_ASM299726v1|NZ_PHQN01000002.1|length=58163	GCF_040790785.1_ASM4079078v1|NZ_CP161134.1|length=29346
GCF_002997265.1_ASM299726v1|NZ_PHQN01000002.1|length=58163	GCF_051054475.1_ASM5105447v1|NZ_CP147278.1|length=10128
GCF_002997265.1_ASM299726v1|NZ_PHQN01000002.1|length=58163	GCF_002996025.1_ASM299602v1|NZ_PHOV01000006.1|length=27106
GCF_002997265.1_ASM299726v1|NZ_PHQN01000002.1|length=58163	GCF_051054355.1_ASM5105435v1|NZ_CP147145.1|length=17779
GCF_002997265.1_ASM299726v1|NZ_PHQN01000002.1|length=58163	GCF_002996125.1_ASM299612v1|NZ_PHPF01000004.1|length=28944
GCF_002997265.1_ASM299726v1|NZ_PHQN01000002.1|length=58163	GCF_000181555.2_ASM18155v2|NC_011872.1|length=26705
GCF_002997265.1_ASM299726v1|NZ_PHQN01000002.1|length=58163	GCF_024662175.1_ASM2466217v1|NZ_CP094593.1|length=26653
GCF_002997265.1_ASM299726v1|NZ_PHQN01000002.1|length=58163	GCF_030440345.1_ASM3044034v2|NZ_CP179420.1|length=26822
GCF_002997265.1_ASM299726v1|NZ_PHQN01000002.1|length=58163	GCF_040790795.1_ASM4079079v1|NZ_CP161166.1|length=26823
GCF_002997265.1_ASM299726v1|NZ_PHQN01000002.1|length=58163	GCF_002996165.1_ASM299616v1|NZ_PHPK01000003.1|length=28768
GCF_002997265.1_ASM299726v1|NZ_PHQN01000002.1|length=58163	GCF_002996265.1_ASM299626v1|NZ_PHPX01000005.1|length=28675
GCF_002997265.1_ASM299726v1|NZ_PHQN01000002.1|length=58163	GCF_000008685.2_ASM868v2|NC_001853.1|length=28601
GCF_002997265.1_ASM299726v1|NZ_PHQN01000002.1|length=58163	GCF_002083055.2_ASM208305v2|NZ_NBTP02000011.1|length=28222
GCF_002997265.1_ASM299726v1|NZ_PHQN01000002.1|length=58163	GCF_002996005.1_ASM299600v1|NZ_PHOT01000005.1|length=28486
GCF_002997265.1_ASM299726v1|NZ_PHQN01000002.1|length=58163	GCF_024662195.1_ASM2466219v1|NZ_CP094611.1|length=28332
GCF_002997265.1_ASM299726v1|NZ_PHQN01000002.1|length=58163	GCF_040790775.1_ASM4079077v1|NZ_CP161186.1|length=28636
GCF_002997265.1_ASM299726v1|NZ_PHQN01000002.1|length=58163	GCF_040790805.1_ASM4079080v1|NZ_CP161198.1|length=28636
GCF_002997265.1_ASM299726v1|NZ_PHQN01000002.1|length=58163	GCF_051054345.1_ASM5105434v1|NZ_CP147256.1|length=10234
GCF_002997265.1_ASM299726v1|NZ_PHQN01000002.1|length=58163	GCF_002996385.1_ASM299638v1|NZ_PHQE01000007.1|length=27057
GCF_002997265.1_ASM299726v1|NZ_PHQN01000002.1|length=58163	GCF_002996395.1_ASM299639v1|NZ_PHQF01000005.1|length=27491
GCF_002997265.1_ASM299726v1|NZ_PHQN01000002.1|length=58163	GCF_002996585.1_ASM299658v1|NZ_PHOL01000008.1|length=20631
GCF_002997265.1_ASM299726v1|NZ_PHQN01000002.1|length=58163	GCF_002997285.1_ASM299728v1|NZ_PHQO01000008.1|length=21571
GCF_002997265.1_ASM299726v1|NZ_PHQN01000002.1|length=58163	GCF_003367295.1_ASM336729v1|NZ_CP031402.1|length=26768
GCF_002997265.1_ASM299726v1|NZ_PHQN01000002.1|length=58163	GCF_030440345.1_ASM3044034v2|NZ_CP179412.1|length=28866
GCF_002997265.1_ASM299726v1|NZ_PHQN01000002.1|length=58163	GCF_024662175.1_ASM2466217v1|NZ_CP094590.1|length=28768
GCF_002997265.1_ASM299726v1|NZ_PHQN01000002.1|length=58163	GCF_040790795.1_ASM4079079v1|NZ_CP161164.1|length=28868
GCF_002997265.1_ASM299726v1|NZ_PHQN01000002.1|length=58163	GCF_051054855.1_ASM5105485v1|NZ_CP147304.1|length=10118
GCF_002997265.1_ASM299726v1|NZ_PHQN01000002.1|length=58163	GCF_040790735.1_ASM4079073v1|NZ_CP161065.1|length=28856
GCF_002997265.1_ASM299726v1|NZ_PHQN01000002.1|length=58163	GCF_051054475.1_ASM5105447v1|NZ_CP147277.1|length=16979
GCF_002997285.1_ASM299728v1|NZ_PHQO01000012.1|length=9427	GCF_002997285.1_ASM299728v1|NZ_PHQO01000012.1|length=9427
GCF_003367295.1_ASM336729v1|NZ_CP031399.1|length=11401	GCF_003367295.1_ASM336729v1|NZ_CP031399.1|length=11401
GCF_003367295.1_ASM336729v1|NZ_CP031399.1|length=11401	GCF_002997245.1_ASM299724v1|NZ_PHQM01000010.1|length=8792
GCF_003367295.1_ASM336729v1|NZ_CP031399.1|length=11401	GCF_002997265.1_ASM299726v1|NZ_PHQN01000011.1|length=8851
GCF_003367295.1_ASM336729v1|NZ_CP031399.1|length=11401	GCF_040790785.1_ASM4079078v1|NZ_CP161143.1|length=8707
GCF_003367295.1_ASM336729v1|NZ_CP031398.1|length=26507	GCF_003367295.1_ASM336729v1|NZ_CP031398.1|length=26507
GCF_003367295.1_ASM336729v1|NZ_CP031403.1|length=27467	GCF_003367295.1_ASM336729v1|NZ_CP031403.1|length=27467
GCF_003367295.1_ASM336729v1|NZ_CP031409.1|length=28515	GCF_003367295.1_ASM336729v1|NZ_CP031409.1|length=28515
GCF_003367295.1_ASM336729v1|NZ_CP031409.1|length=28515	GCF_040790765.1_ASM4079076v1|NZ_CP161120.1|length=26220
GCF_003367295.1_ASM336729v1|NZ_CP031409.1|length=28515	GCF_051054475.1_ASM5105447v1|NZ_CP147280.1|length=19113
GCF_003367295.1_ASM336729v1|NZ_CP031408.1|length=30883	GCF_003367295.1_ASM336729v1|NZ_CP031408.1|length=30883
GCF_003367295.1_ASM336729v1|NZ_CP031408.1|length=30883	GCF_002996285.1_ASM299628v1|NZ_PHPU01000015.1|length=8002
GCF_003367295.1_ASM336729v1|NZ_CP031408.1|length=30883	GCF_002996645.1_ASM299664v1|NZ_PHOP01000013.1|length=7760
GCF_003367295.1_ASM336729v1|NZ_CP031411.1|length=21898	GCF_003367295.1_ASM336729v1|NZ_CP031411.1|length=21898
GCF_003367295.1_ASM336729v1|NZ_CP031405.1|length=19997	GCF_003367295.1_ASM336729v1|NZ_CP031405.1|length=19997
GCF_003367295.1_ASM336729v1|NZ_CP031406.1|length=30606	GCF_003367295.1_ASM336729v1|NZ_CP031406.1|length=30606
GCF_003367295.1_ASM336729v1|NZ_CP031406.1|length=30606	GCF_040790765.1_ASM4079076v1|NZ_CP161113.1|length=30180
GCF_003367295.1_ASM336729v1|NZ_CP031404.1|length=27951	GCF_003367295.1_ASM336729v1|NZ_CP031404.1|length=27951
GCF_003367295.1_ASM336729v1|NZ_CP031404.1|length=27951	GCF_002995865.1_ASM299586v1|NZ_PHOD01000020.1|length=5945
GCF_003367295.1_ASM336729v1|NZ_CP031404.1|length=27951	GCF_002996165.1_ASM299616v1|NZ_PHPK01000010.1|length=16847
GCF_003367295.1_ASM336729v1|NZ_CP031404.1|length=27951	GCF_051054355.1_ASM5105435v1|NZ_CP147148.1|length=20483
GCF_003367295.1_ASM336729v1|NZ_CP031404.1|length=27951	GCF_051054475.1_ASM5105447v1|NZ_CP147281.1|length=19974
GCF_003367295.1_ASM336729v1|NZ_CP031404.1|length=27951	GCF_002996025.1_ASM299602v1|NZ_PHOV01000005.1|length=27434
GCF_003814405.1_ASM381440v1|NZ_CP028861.1|length=906449	GCF_003814405.1_ASM381440v1|NZ_CP028861.1|length=906449
GCF_003814405.1_ASM381440v1|NZ_CP028861.1|length=906449	GCF_001922545.1_ASM192254v1|NZ_CP018744.1|length=905638
GCF_003814405.1_ASM381440v1|NZ_CP028861.1|length=906449	GCF_026642495.1_ASM2664249v1|NZ_CP075413.1|length=905593
GCF_003814405.1_ASM381440v1|NZ_CP028861.1|length=906449	GCF_040732965.1_ASM4073296v1|NZ_CP160381.1|length=905581
GCF_003814405.1_ASM381440v1|NZ_CP028870.1|length=26552	GCF_003814405.1_ASM381440v1|NZ_CP028870.1|length=26552
GCF_003814405.1_ASM381440v1|NZ_CP028863.1|length=41311	GCF_003814405.1_ASM381440v1|NZ_CP028863.1|length=41311
GCF_003814405.1_ASM381440v1|NZ_CP028863.1|length=41311	GCF_040790705.1_ASM4079070v1|NZ_CP161032.1|length=41313
GCF_003814405.1_ASM381440v1|NZ_CP028864.1|length=29563	GCF_003814405.1_ASM381440v1|NZ_CP028864.1|length=29563
GCF_003814405.1_ASM381440v1|NZ_CP028868.1|length=30422	GCF_003814405.1_ASM381440v1|NZ_CP028868.1|length=30422
GCF_003814405.1_ASM381440v1|NZ_CP028868.1|length=30422	GCF_001922545.1_ASM192254v1|NZ_CP018748.1|length=27114
GCF_003814405.1_ASM381440v1|NZ_CP028868.1|length=30422	GCF_040790705.1_ASM4079070v1|NZ_CP161034.1|length=30422
GCF_003814425.1_ASM381442v1|NZ_CP028872.1|length=905817	GCF_003814425.1_ASM381442v1|NZ_CP028872.1|length=905817
GCF_003814425.1_ASM381442v1|NZ_CP028874.1|length=54911	GCF_003814425.1_ASM381442v1|NZ_CP028874.1|length=54911
GCF_003814425.1_ASM381442v1|NZ_CP028874.1|length=54911	GCF_014525535.1_ASM1452553v1|NZ_JACFAN010000006.1|length=54901
GCF_003814425.1_ASM381442v1|NZ_CP028874.1|length=54911	GCF_014525565.1_ASM1452556v1|NZ_JACFAO010000006.1|length=54925
GCF_003814425.1_ASM381442v1|NZ_CP028874.1|length=54911	GCF_014525665.1_ASM1452566v1|NZ_JACFAS010000006.1|length=54871
GCF_003814425.1_ASM381442v1|NZ_CP028874.1|length=54911	GCF_014525685.1_ASM1452568v1|NZ_JACFAT010000006.1|length=54955
GCF_003814425.1_ASM381442v1|NZ_CP028874.1|length=54911	GCF_014525705.1_ASM1452570v1|NZ_JACFAV010000006.1|length=54921
GCF_003814425.1_ASM381442v1|NZ_CP028874.1|length=54911	GCF_014525715.1_ASM1452571v1|NZ_JACFAU010000006.1|length=54877
GCF_003814425.1_ASM381442v1|NZ_CP028874.1|length=54911	GCF_014525755.1_ASM1452575v1|NZ_JACFAW010000006.1|length=54818
GCF_003814425.1_ASM381442v1|NZ_CP028874.1|length=54911	GCF_014525785.1_ASM1452578v1|NZ_JACFAY010000006.1|length=54882
GCF_003814425.1_ASM381442v1|NZ_CP028874.1|length=54911	GCF_014525815.1_ASM1452581v1|NZ_JACFBA010000006.1|length=54906
GCF_003814425.1_ASM381442v1|NZ_CP028874.1|length=54911	GCF_014525845.1_ASM1452584v1|NZ_JACFBB010000006.1|length=54881
GCF_003814425.1_ASM381442v1|NZ_CP028874.1|length=54911	GCF_014526005.1_ASM1452600v1|NZ_JACFBC010000006.1|length=54769
GCF_003814425.1_ASM381442v1|NZ_CP028874.1|length=54911	GCF_014526025.1_ASM1452602v1|NZ_JACFBG010000008.1|length=54914
GCF_003814425.1_ASM381442v1|NZ_CP028874.1|length=54911	GCF_014526045.1_ASM1452604v1|NZ_JACFBF010000006.1|length=54874
GCF_003814425.1_ASM381442v1|NZ_CP028874.1|length=54911	GCF_014525805.2_ASM1452580v2|NZ_CP117801.1|length=54929
GCF_003814425.1_ASM381442v1|NZ_CP028877.1|length=27108	GCF_003814425.1_ASM381442v1|NZ_CP028877.1|length=27108
GCF_003814425.1_ASM381442v1|NZ_CP028880.1|length=28588	GCF_003814425.1_ASM381442v1|NZ_CP028880.1|length=28588
GCF_003814425.1_ASM381442v1|NZ_CP028880.1|length=28588	GCF_014525565.1_ASM1452556v1|NZ_JACFAO010000012.1|length=27236
GCF_003814425.1_ASM381442v1|NZ_CP028880.1|length=28588	GCF_014525685.1_ASM1452568v1|NZ_JACFAT010000007.1|length=26938
GCF_003814425.1_ASM381442v1|NZ_CP028880.1|length=28588	GCF_014525705.1_ASM1452570v1|NZ_JACFAV010000013.1|length=27459
GCF_003814425.1_ASM381442v1|NZ_CP028880.1|length=28588	GCF_014526005.1_ASM1452600v1|NZ_JACFBC010000011.1|length=27350
GCF_003814425.1_ASM381442v1|NZ_CP028880.1|length=28588	GCF_014526025.1_ASM1452602v1|NZ_JACFBG010000009.1|length=27760
GCF_003814425.1_ASM381442v1|NZ_CP028880.1|length=28588	GCF_014525845.1_ASM1452584v1|NZ_JACFBB010000012.1|length=27758
GCF_014525455.1_ASM1452545v1|NZ_JACFAL010000001.1|length=904910	GCF_014525455.1_ASM1452545v1|NZ_JACFAL010000001.1|length=904910
GCF_014525455.1_ASM1452545v1|NZ_JACFAL010000006.1|length=54348	GCF_014525455.1_ASM1452545v1|NZ_JACFAL010000006.1|length=54348
GCF_014525455.1_ASM1452545v1|NZ_JACFAL010000010.1|length=20960	GCF_014525455.1_ASM1452545v1|NZ_JACFAL010000010.1|length=20960
GCF_014525455.1_ASM1452545v1|NZ_JACFAL010000011.1|length=26735	GCF_014525455.1_ASM1452545v1|NZ_JACFAL010000011.1|length=26735
GCF_014525455.1_ASM1452545v1|NZ_JACFAL010000008.1|length=48920	GCF_014525455.1_ASM1452545v1|NZ_JACFAL010000008.1|length=48920
GCF_014525525.1_ASM1452552v1|NZ_JACFAM010000001.1|length=901603	GCF_014525525.1_ASM1452552v1|NZ_JACFAM010000001.1|length=901603
GCF_014525525.1_ASM1452552v1|NZ_JACFAM010000013.1|length=29804	GCF_014525525.1_ASM1452552v1|NZ_JACFAM010000013.1|length=29804
GCF_014525525.1_ASM1452552v1|NZ_JACFAM010000013.1|length=29804	GCF_014525455.1_ASM1452545v1|NZ_JACFAL010000012.1|length=29454
GCF_014525525.1_ASM1452552v1|NZ_JACFAM010000006.1|length=54395	GCF_014525525.1_ASM1452552v1|NZ_JACFAM010000006.1|length=54395
GCF_014525525.1_ASM1452552v1|NZ_JACFAM010000011.1|length=21090	GCF_014525525.1_ASM1452552v1|NZ_JACFAM010000011.1|length=21090
GCF_014525525.1_ASM1452552v1|NZ_JACFAM010000012.1|length=28585	GCF_014525525.1_ASM1452552v1|NZ_JACFAM010000012.1|length=28585
GCF_014525525.1_ASM1452552v1|NZ_JACFAM010000005.1|length=25957	GCF_014525525.1_ASM1452552v1|NZ_JACFAM010000005.1|length=25957
GCF_014525525.1_ASM1452552v1|NZ_JACFAM010000009.1|length=27431	GCF_014525525.1_ASM1452552v1|NZ_JACFAM010000009.1|length=27431
GCF_014525525.1_ASM1452552v1|NZ_JACFAM010000010.1|length=11285	GCF_014525525.1_ASM1452552v1|NZ_JACFAM010000010.1|length=11285
GCF_014525535.1_ASM1452553v1|NZ_JACFAN010000001.1|length=905496	GCF_014525535.1_ASM1452553v1|NZ_JACFAN010000001.1|length=905496
GCF_014525535.1_ASM1452553v1|NZ_JACFAN010000002.1|length=27205	GCF_014525535.1_ASM1452553v1|NZ_JACFAN010000002.1|length=27205
GCF_014525535.1_ASM1452553v1|NZ_JACFAN010000002.1|length=27205	GCF_014525845.1_ASM1452584v1|NZ_JACFBB010000002.1|length=27256
GCF_014525535.1_ASM1452553v1|NZ_JACFAN010000002.1|length=27205	GCF_014526025.1_ASM1452602v1|NZ_JACFBG010000002.1|length=27257
GCF_014525535.1_ASM1452553v1|NZ_JACFAN010000002.1|length=27205	GCF_014525455.1_ASM1452545v1|NZ_JACFAL010000002.1|length=27151
GCF_014525535.1_ASM1452553v1|NZ_JACFAN010000002.1|length=27205	GCF_014525565.1_ASM1452556v1|NZ_JACFAO010000002.1|length=26964
GCF_014525535.1_ASM1452553v1|NZ_JACFAN010000002.1|length=27205	GCF_014525685.1_ASM1452568v1|NZ_JACFAT010000002.1|length=27007
GCF_014525535.1_ASM1452553v1|NZ_JACFAN010000002.1|length=27205	GCF_014525755.1_ASM1452575v1|NZ_JACFAW010000002.1|length=27071
GCF_014525535.1_ASM1452553v1|NZ_JACFAN010000002.1|length=27205	GCF_014525785.1_ASM1452578v1|NZ_JACFAY010000002.1|length=27109
GCF_014525535.1_ASM1452553v1|NZ_JACFAN010000002.1|length=27205	GCF_014525815.1_ASM1452581v1|NZ_JACFBA010000002.1|length=27104
GCF_014525535.1_ASM1452553v1|NZ_JACFAN010000002.1|length=27205	GCF_014526005.1_ASM1452600v1|NZ_JACFBC010000002.1|length=27067
GCF_014525535.1_ASM1452553v1|NZ_JACFAN010000013.1|length=29983	GCF_014525535.1_ASM1452553v1|NZ_JACFAN010000013.1|length=29983
GCF_014525535.1_ASM1452553v1|NZ_JACFAN010000013.1|length=29983	GCF_014525715.1_ASM1452571v1|NZ_JACFAU010000013.1|length=29986
GCF_014525535.1_ASM1452553v1|NZ_JACFAN010000013.1|length=29983	GCF_014525755.1_ASM1452575v1|NZ_JACFAW010000013.1|length=29985
GCF_014525535.1_ASM1452553v1|NZ_JACFAN010000013.1|length=29983	GCF_014525785.1_ASM1452578v1|NZ_JACFAY010000013.1|length=29986
GCF_014525535.1_ASM1452553v1|NZ_JACFAN010000013.1|length=29983	GCF_014525845.1_ASM1452584v1|NZ_JACFBB010000013.1|length=29983
GCF_014525535.1_ASM1452553v1|NZ_JACFAN010000011.1|length=21192	GCF_014525535.1_ASM1452553v1|NZ_JACFAN010000011.1|length=21192
GCF_014525535.1_ASM1452553v1|NZ_JACFAN010000011.1|length=21192	GCF_014525845.1_ASM1452584v1|NZ_JACFBB010000011.1|length=21187
GCF_014525535.1_ASM1452553v1|NZ_JACFAN010000011.1|length=21192	GCF_014526045.1_ASM1452604v1|NZ_JACFBF010000011.1|length=21187
GCF_014525535.1_ASM1452553v1|NZ_JACFAN010000012.1|length=27985	GCF_014525535.1_ASM1452553v1|NZ_JACFAN010000012.1|length=27985
GCF_014525535.1_ASM1452553v1|NZ_JACFAN010000008.1|length=51052	GCF_014525535.1_ASM1452553v1|NZ_JACFAN010000008.1|length=51052
GCF_014525535.1_ASM1452553v1|NZ_JACFAN010000008.1|length=51052	GCF_014525845.1_ASM1452584v1|NZ_JACFBB010000008.1|length=50769
GCF_014525535.1_ASM1452553v1|NZ_JACFAN010000010.1|length=12910	GCF_014525535.1_ASM1452553v1|NZ_JACFAN010000010.1|length=12910
GCF_014525535.1_ASM1452553v1|NZ_JACFAN010000010.1|length=12910	GCF_014525845.1_ASM1452584v1|NZ_JACFBB010000010.1|length=8197
GCF_014525565.1_ASM1452556v1|NZ_JACFAO010000001.1|length=903844	GCF_014525565.1_ASM1452556v1|NZ_JACFAO010000001.1|length=903844
GCF_014525565.1_ASM1452556v1|NZ_JACFAO010000009.1|length=22573	GCF_014525565.1_ASM1452556v1|NZ_JACFAO010000009.1|length=22573
GCF_014525565.1_ASM1452556v1|NZ_JACFAO010000011.1|length=26026	GCF_014525565.1_ASM1452556v1|NZ_JACFAO010000011.1|length=26026
GCF_014525665.1_ASM1452566v1|NZ_JACFAS010000001.1|length=904463	GCF_014525665.1_ASM1452566v1|NZ_JACFAS010000001.1|length=904463
GCF_014525665.1_ASM1452566v1|NZ_JACFAS010000002.1|length=26969	GCF_014525665.1_ASM1452566v1|NZ_JACFAS010000002.1|length=26969
GCF_014525665.1_ASM1452566v1|NZ_JACFAS010000011.1|length=21218	GCF_014525665.1_ASM1452566v1|NZ_JACFAS010000011.1|length=21218
GCF_014525665.1_ASM1452566v1|NZ_JACFAS010000011.1|length=21218	GCF_014525755.1_ASM1452575v1|NZ_JACFAW010000011.1|length=20984
GCF_014525665.1_ASM1452566v1|NZ_JACFAS010000011.1|length=21218	GCF_014525805.2_ASM1452580v2|NZ_CP117809.1|length=21099
GCF_014525665.1_ASM1452566v1|NZ_JACFAS010000011.1|length=21218	GCF_014525815.1_ASM1452581v1|NZ_JACFBA010000011.1|length=21222
GCF_014525665.1_ASM1452566v1|NZ_JACFAS010000012.1|length=27393	GCF_014525665.1_ASM1452566v1|NZ_JACFAS010000012.1|length=27393
GCF_014525665.1_ASM1452566v1|NZ_JACFAS010000004.1|length=21113	GCF_014525665.1_ASM1452566v1|NZ_JACFAS010000004.1|length=21113
GCF_014525665.1_ASM1452566v1|NZ_JACFAS010000003.1|length=59811	GCF_014525665.1_ASM1452566v1|NZ_JACFAS010000003.1|length=59811
GCF_014525685.1_ASM1452568v1|NZ_JACFAT010000001.1|length=905712	GCF_014525685.1_ASM1452568v1|NZ_JACFAT010000001.1|length=905712
GCF_014525705.1_ASM1452570v1|NZ_JACFAV010000001.1|length=904930	GCF_014525705.1_ASM1452570v1|NZ_JACFAV010000001.1|length=904930
GCF_014525705.1_ASM1452570v1|NZ_JACFAV010000008.1|length=50964	GCF_014525705.1_ASM1452570v1|NZ_JACFAV010000008.1|length=50964
GCF_014525705.1_ASM1452570v1|NZ_JACFAV010000008.1|length=50964	GCF_003814425.1_ASM381442v1|NZ_CP028875.1|length=50866
GCF_014525705.1_ASM1452570v1|NZ_JACFAV010000008.1|length=50964	GCF_014525565.1_ASM1452556v1|NZ_JACFAO010000008.1|length=50393
GCF_014525705.1_ASM1452570v1|NZ_JACFAV010000008.1|length=50964	GCF_014525685.1_ASM1452568v1|NZ_JACFAT010000010.1|length=48827
GCF_014525705.1_ASM1452570v1|NZ_JACFAV010000008.1|length=50964	GCF_014525745.1_ASM1452574v1|NZ_JACFAX010000008.1|length=49485
GCF_014525705.1_ASM1452570v1|NZ_JACFAV010000008.1|length=50964	GCF_014526005.1_ASM1452600v1|NZ_JACFBC010000008.1|length=50830
GCF_014525705.1_ASM1452570v1|NZ_JACFAV010000008.1|length=50964	GCF_014526025.1_ASM1452602v1|NZ_JACFBG010000006.1|length=50961
GCF_014525705.1_ASM1452570v1|NZ_JACFAV010000008.1|length=50964	GCF_014526045.1_ASM1452604v1|NZ_JACFBF010000008.1|length=50188
GCF_014525705.1_ASM1452570v1|NZ_JACFAV010000010.1|length=13594	GCF_014525705.1_ASM1452570v1|NZ_JACFAV010000010.1|length=13594
GCF_014525705.1_ASM1452570v1|NZ_JACFAV010000010.1|length=13594	GCF_014525565.1_ASM1452556v1|NZ_JACFAO010000010.1|length=13349
GCF_014525715.1_ASM1452571v1|NZ_JACFAU010000001.1|length=905551	GCF_014525715.1_ASM1452571v1|NZ_JACFAU010000001.1|length=905551
GCF_014525715.1_ASM1452571v1|NZ_JACFAU010000001.1|length=905551	GCF_014525815.1_ASM1452581v1|NZ_JACFBA010000001.1|length=905408
GCF_014525715.1_ASM1452571v1|NZ_JACFAU010000002.1|length=27234	GCF_014525715.1_ASM1452571v1|NZ_JACFAU010000002.1|length=27234
GCF_014525715.1_ASM1452571v1|NZ_JACFAU010000002.1|length=27234	GCF_000196215.1_ASM19621v1|NC_006128.1|length=27108
GCF_014525715.1_ASM1452571v1|NZ_JACFAU010000002.1|length=27234	GCF_014525525.1_ASM1452552v1|NZ_JACFAM010000002.1|length=27107
GCF_014525715.1_ASM1452571v1|NZ_JACFAU010000002.1|length=27234	GCF_014525705.1_ASM1452570v1|NZ_JACFAV010000002.1|length=27089
GCF_014525715.1_ASM1452571v1|NZ_JACFAU010000002.1|length=27234	GCF_014525805.2_ASM1452580v2|NZ_CP117808.1|length=27107
GCF_014525715.1_ASM1452571v1|NZ_JACFAU010000002.1|length=27234	GCF_014526045.1_ASM1452604v1|NZ_JACFBF010000002.1|length=27256
GCF_014525715.1_ASM1452571v1|NZ_JACFAU010000011.1|length=21188	GCF_014525715.1_ASM1452571v1|NZ_JACFAU010000011.1|length=21188
GCF_014525715.1_ASM1452571v1|NZ_JACFAU010000012.1|length=27757	GCF_014525715.1_ASM1452571v1|NZ_JACFAU010000012.1|length=27757
GCF_014525715.1_ASM1452571v1|NZ_JACFAU010000012.1|length=27757	GCF_014525815.1_ASM1452581v1|NZ_JACFBA010000010.1|length=27757
GCF_014525715.1_ASM1452571v1|NZ_JACFAU010000005.1|length=25143	GCF_014525715.1_ASM1452571v1|NZ_JACFAU010000005.1|length=25143
GCF_014525715.1_ASM1452571v1|NZ_JACFAU010000005.1|length=25143	GCF_014525755.1_ASM1452575v1|NZ_JACFAW010000005.1|length=24929
GCF_014525715.1_ASM1452571v1|NZ_JACFAU010000005.1|length=25143	GCF_014525785.1_ASM1452578v1|NZ_JACFAY010000005.1|length=25137
GCF_014525715.1_ASM1452571v1|NZ_JACFAU010000005.1|length=25143	GCF_014525805.2_ASM1452580v2|NZ_CP117807.1|length=24961
GCF_014525715.1_ASM1452571v1|NZ_JACFAU010000005.1|length=25143	GCF_014525815.1_ASM1452581v1|NZ_JACFBA010000005.1|length=24933
GCF_014525715.1_ASM1452571v1|NZ_JACFAU010000008.1|length=50749	GCF_014525715.1_ASM1452571v1|NZ_JACFAU010000008.1|length=50749
GCF_014525715.1_ASM1452571v1|NZ_JACFAU010000008.1|length=50749	GCF_014525525.1_ASM1452552v1|NZ_JACFAM010000008.1|length=50412
GCF_014525715.1_ASM1452571v1|NZ_JACFAU010000008.1|length=50749	GCF_014525665.1_ASM1452566v1|NZ_JACFAS010000008.1|length=50474
GCF_014525715.1_ASM1452571v1|NZ_JACFAU010000008.1|length=50749	GCF_014525755.1_ASM1452575v1|NZ_JACFAW010000008.1|length=50570
GCF_014525715.1_ASM1452571v1|NZ_JACFAU010000008.1|length=50749	GCF_014525785.1_ASM1452578v1|NZ_JACFAY010000008.1|length=47513
GCF_014525715.1_ASM1452571v1|NZ_JACFAU010000008.1|length=50749	GCF_014525805.2_ASM1452580v2|NZ_CP117802.1|length=50735
GCF_014525715.1_ASM1452571v1|NZ_JACFAU010000008.1|length=50749	GCF_014525815.1_ASM1452581v1|NZ_JACFBA010000008.1|length=46833
GCF_014525715.1_ASM1452571v1|NZ_JACFAU010000009.1|length=28429	GCF_014525715.1_ASM1452571v1|NZ_JACFAU010000009.1|length=28429
GCF_014525715.1_ASM1452571v1|NZ_JACFAU010000009.1|length=28429	GCF_003814425.1_ASM381442v1|NZ_CP028878.1|length=22821
GCF_014525715.1_ASM1452571v1|NZ_JACFAU010000009.1|length=28429	GCF_014525455.1_ASM1452545v1|NZ_JACFAL010000009.1|length=28150
GCF_014525715.1_ASM1452571v1|NZ_JACFAU010000009.1|length=28429	GCF_014525535.1_ASM1452553v1|NZ_JACFAN010000009.1|length=28214
GCF_014525715.1_ASM1452571v1|NZ_JACFAU010000009.1|length=28429	GCF_014525665.1_ASM1452566v1|NZ_JACFAS010000009.1|length=27794
GCF_014525715.1_ASM1452571v1|NZ_JACFAU010000009.1|length=28429	GCF_014525705.1_ASM1452570v1|NZ_JACFAV010000009.1|length=22656
GCF_014525715.1_ASM1452571v1|NZ_JACFAU010000009.1|length=28429	GCF_014525755.1_ASM1452575v1|NZ_JACFAW010000009.1|length=27681
GCF_014525715.1_ASM1452571v1|NZ_JACFAU010000009.1|length=28429	GCF_014525785.1_ASM1452578v1|NZ_JACFAY010000009.1|length=27552
GCF_014525715.1_ASM1452571v1|NZ_JACFAU010000009.1|length=28429	GCF_014525805.2_ASM1452580v2|NZ_CP117806.1|length=28286
GCF_014525715.1_ASM1452571v1|NZ_JACFAU010000009.1|length=28429	GCF_014525815.1_ASM1452581v1|NZ_JACFBA010000009.1|length=28275
GCF_014525715.1_ASM1452571v1|NZ_JACFAU010000009.1|length=28429	GCF_014525845.1_ASM1452584v1|NZ_JACFBB010000009.1|length=28383
GCF_014525715.1_ASM1452571v1|NZ_JACFAU010000009.1|length=28429	GCF_014526005.1_ASM1452600v1|NZ_JACFBC010000009.1|length=21807
GCF_014525715.1_ASM1452571v1|NZ_JACFAU010000009.1|length=28429	GCF_014526045.1_ASM1452604v1|NZ_JACFBF010000009.1|length=28028
GCF_014525715.1_ASM1452571v1|NZ_JACFAU010000004.1|length=21549	GCF_014525715.1_ASM1452571v1|NZ_JACFAU010000004.1|length=21549
GCF_014525715.1_ASM1452571v1|NZ_JACFAU010000004.1|length=21549	GCF_014525455.1_ASM1452545v1|NZ_JACFAL010000004.1|length=21320
GCF_014525715.1_ASM1452571v1|NZ_JACFAU010000004.1|length=21549	GCF_014525525.1_ASM1452552v1|NZ_JACFAM010000004.1|length=21127
GCF_014525715.1_ASM1452571v1|NZ_JACFAU010000004.1|length=21549	GCF_014525535.1_ASM1452553v1|NZ_JACFAN010000004.1|length=21386
GCF_014525715.1_ASM1452571v1|NZ_JACFAU010000004.1|length=21549	GCF_014525755.1_ASM1452575v1|NZ_JACFAW010000004.1|length=21494
GCF_014525715.1_ASM1452571v1|NZ_JACFAU010000004.1|length=21549	GCF_014525785.1_ASM1452578v1|NZ_JACFAY010000004.1|length=21319
GCF_014525715.1_ASM1452571v1|NZ_JACFAU010000004.1|length=21549	GCF_014525805.2_ASM1452580v2|NZ_CP117805.1|length=21397
GCF_014525715.1_ASM1452571v1|NZ_JACFAU010000004.1|length=21549	GCF_014525815.1_ASM1452581v1|NZ_JACFBA010000004.1|length=21389
GCF_014525715.1_ASM1452571v1|NZ_JACFAU010000004.1|length=21549	GCF_014525845.1_ASM1452584v1|NZ_JACFBB010000004.1|length=21336
GCF_014525715.1_ASM1452571v1|NZ_JACFAU010000004.1|length=21549	GCF_014526025.1_ASM1452602v1|NZ_JACFBG010000007.1|length=21453
GCF_014525715.1_ASM1452571v1|NZ_JACFAU010000004.1|length=21549	GCF_003814425.1_ASM381442v1|NZ_CP028883.1|length=21171
GCF_014525715.1_ASM1452571v1|NZ_JACFAU010000004.1|length=21549	GCF_014525565.1_ASM1452556v1|NZ_JACFAO010000004.1|length=21361
GCF_014525715.1_ASM1452571v1|NZ_JACFAU010000004.1|length=21549	GCF_014525685.1_ASM1452568v1|NZ_JACFAT010000004.1|length=21309
GCF_014525715.1_ASM1452571v1|NZ_JACFAU010000004.1|length=21549	GCF_014525705.1_ASM1452570v1|NZ_JACFAV010000004.1|length=21322
GCF_014525715.1_ASM1452571v1|NZ_JACFAU010000004.1|length=21549	GCF_014525745.1_ASM1452574v1|NZ_JACFAX010000004.1|length=21324
GCF_014525715.1_ASM1452571v1|NZ_JACFAU010000004.1|length=21549	GCF_014526005.1_ASM1452600v1|NZ_JACFBC010000004.1|length=21292
GCF_014525715.1_ASM1452571v1|NZ_JACFAU010000004.1|length=21549	GCF_014526045.1_ASM1452604v1|NZ_JACFBF010000004.1|length=21404
GCF_014525715.1_ASM1452571v1|NZ_JACFAU010000003.1|length=60578	GCF_014525715.1_ASM1452571v1|NZ_JACFAU010000003.1|length=60578
GCF_014525715.1_ASM1452571v1|NZ_JACFAU010000003.1|length=60578	GCF_000196215.1_ASM19621v1|NC_006129.1|length=55560
GCF_014525715.1_ASM1452571v1|NZ_JACFAU010000003.1|length=60578	GCF_003814425.1_ASM381442v1|NZ_CP028873.1|length=60361
GCF_014525715.1_ASM1452571v1|NZ_JACFAU010000003.1|length=60578	GCF_014525455.1_ASM1452545v1|NZ_JACFAL010000003.1|length=60384
GCF_014525715.1_ASM1452571v1|NZ_JACFAU010000003.1|length=60578	GCF_014525525.1_ASM1452552v1|NZ_JACFAM010000003.1|length=60396
GCF_014525715.1_ASM1452571v1|NZ_JACFAU010000003.1|length=60578	GCF_014525535.1_ASM1452553v1|NZ_JACFAN010000003.1|length=60532
GCF_014525715.1_ASM1452571v1|NZ_JACFAU010000003.1|length=60578	GCF_014525565.1_ASM1452556v1|NZ_JACFAO010000003.1|length=60350
GCF_014525715.1_ASM1452571v1|NZ_JACFAU010000003.1|length=60578	GCF_014525685.1_ASM1452568v1|NZ_JACFAT010000003.1|length=46597
GCF_014525715.1_ASM1452571v1|NZ_JACFAU010000003.1|length=60578	GCF_014525705.1_ASM1452570v1|NZ_JACFAV010000003.1|length=60345
GCF_014525715.1_ASM1452571v1|NZ_JACFAU010000003.1|length=60578	GCF_014525745.1_ASM1452574v1|NZ_JACFAX010000003.1|length=46616
GCF_014525715.1_ASM1452571v1|NZ_JACFAU010000003.1|length=60578	GCF_014525755.1_ASM1452575v1|NZ_JACFAW010000003.1|length=60284
GCF_014525715.1_ASM1452571v1|NZ_JACFAU010000003.1|length=60578	GCF_014525785.1_ASM1452578v1|NZ_JACFAY010000003.1|length=60418
GCF_014525715.1_ASM1452571v1|NZ_JACFAU010000003.1|length=60578	GCF_014525805.2_ASM1452580v2|NZ_CP117800.1|length=60397
GCF_014525715.1_ASM1452571v1|NZ_JACFAU010000003.1|length=60578	GCF_014525815.1_ASM1452581v1|NZ_JACFBA010000003.1|length=60541
GCF_014525715.1_ASM1452571v1|NZ_JACFAU010000003.1|length=60578	GCF_014525845.1_ASM1452584v1|NZ_JACFBB010000003.1|length=60362
GCF_014525715.1_ASM1452571v1|NZ_JACFAU010000003.1|length=60578	GCF_014526005.1_ASM1452600v1|NZ_JACFBC010000003.1|length=60234
GCF_014525715.1_ASM1452571v1|NZ_JACFAU010000003.1|length=60578	GCF_014526025.1_ASM1452602v1|NZ_JACFBG010000003.1|length=60358
GCF_014525715.1_ASM1452571v1|NZ_JACFAU010000003.1|length=60578	GCF_014526045.1_ASM1452604v1|NZ_JACFBF010000003.1|length=60396
GCF_014525745.1_ASM1452574v1|NZ_JACFAX010000001.1|length=902196	GCF_014525745.1_ASM1452574v1|NZ_JACFAX010000001.1|length=902196
GCF_014525745.1_ASM1452574v1|NZ_JACFAX010000002.1|length=26718	GCF_014525745.1_ASM1452574v1|NZ_JACFAX010000002.1|length=26718
GCF_014525745.1_ASM1452574v1|NZ_JACFAX010000006.1|length=53575	GCF_014525745.1_ASM1452574v1|NZ_JACFAX010000006.1|length=53575
GCF_014525745.1_ASM1452574v1|NZ_JACFAX010000010.1|length=27800	GCF_014525745.1_ASM1452574v1|NZ_JACFAX010000010.1|length=27800
GCF_014525745.1_ASM1452574v1|NZ_JACFAX010000009.1|length=33522	GCF_014525745.1_ASM1452574v1|NZ_JACFAX010000009.1|length=33522
GCF_014525745.1_ASM1452574v1|NZ_JACFAX010000009.1|length=33522	GCF_000962775.1_ASM96277v1|NZ_CP009062.1|length=28272
GCF_014525745.1_ASM1452574v1|NZ_JACFAX010000009.1|length=33522	GCF_003814425.1_ASM381442v1|NZ_CP028879.1|length=28433
GCF_014525745.1_ASM1452574v1|NZ_JACFAX010000009.1|length=33522	GCF_014525685.1_ASM1452568v1|NZ_JACFAT010000011.1|length=28420
GCF_014525745.1_ASM1452574v1|NZ_JACFAX010000009.1|length=33522	GCF_014525705.1_ASM1452570v1|NZ_JACFAV010000014.1|length=10116
GCF_014525745.1_ASM1452574v1|NZ_JACFAX010000009.1|length=33522	GCF_014525705.1_ASM1452570v1|NZ_JACFAV010000011.1|length=28422
GCF_014525755.1_ASM1452575v1|NZ_JACFAW010000001.1|length=905236	GCF_014525755.1_ASM1452575v1|NZ_JACFAW010000001.1|length=905236
GCF_014525755.1_ASM1452575v1|NZ_JACFAW010000012.1|length=27757	GCF_014525755.1_ASM1452575v1|NZ_JACFAW010000012.1|length=27757
GCF_014525785.1_ASM1452578v1|NZ_JACFAY010000001.1|length=904602	GCF_014525785.1_ASM1452578v1|NZ_JACFAY010000001.1|length=904602
GCF_014525785.1_ASM1452578v1|NZ_JACFAY010000011.1|length=21188	GCF_014525785.1_ASM1452578v1|NZ_JACFAY010000011.1|length=21188
GCF_014525785.1_ASM1452578v1|NZ_JACFAY010000012.1|length=27456	GCF_014525785.1_ASM1452578v1|NZ_JACFAY010000012.1|length=27456
GCF_014525785.1_ASM1452578v1|NZ_JACFAY010000007.1|length=19566	GCF_014525785.1_ASM1452578v1|NZ_JACFAY010000007.1|length=19566
GCF_014525805.2_ASM1452580v2|NZ_CP117799.1|length=905911	GCF_014525805.2_ASM1452580v2|NZ_CP117799.1|length=905911
GCF_014525805.2_ASM1452580v2|NZ_CP117803.1|length=13162	GCF_014525805.2_ASM1452580v2|NZ_CP117803.1|length=13162
GCF_014525805.2_ASM1452580v2|NZ_CP117803.1|length=13162	GCF_014525665.1_ASM1452566v1|NZ_JACFAS010000010.1|length=12005
GCF_014525805.2_ASM1452580v2|NZ_CP117803.1|length=13162	GCF_014525755.1_ASM1452575v1|NZ_JACFAW010000010.1|length=11965
GCF_014525805.2_ASM1452580v2|NZ_CP117803.1|length=13162	GCF_014525715.1_ASM1452571v1|NZ_JACFAU010000010.1|length=11741
GCF_014525805.2_ASM1452580v2|NZ_CP117803.1|length=13162	GCF_014525785.1_ASM1452578v1|NZ_JACFAY010000010.1|length=11299
GCF_014525805.2_ASM1452580v2|NZ_CP117810.1|length=29941	GCF_014525805.2_ASM1452580v2|NZ_CP117810.1|length=29941
GCF_014525805.2_ASM1452580v2|NZ_CP117810.1|length=29941	GCF_018831585.1_ASM1883158v1|NZ_CP059022.1|length=7295
GCF_014525805.2_ASM1452580v2|NZ_CP117810.1|length=29941	GCF_014525925.1_ASM1452592v1|NZ_JACGTX010000013.1|length=5178
GCF_014525815.1_ASM1452581v1|NZ_JACFBA010000007.1|length=32504	GCF_014525815.1_ASM1452581v1|NZ_JACFBA010000007.1|length=32504
GCF_014525815.1_ASM1452581v1|NZ_JACFBA010000007.1|length=32504	GCF_003814425.1_ASM381442v1|NZ_CP028882.1|length=24141
GCF_014525815.1_ASM1452581v1|NZ_JACFBA010000007.1|length=32504	GCF_014525455.1_ASM1452545v1|NZ_JACFAL010000007.1|length=24151
GCF_014525815.1_ASM1452581v1|NZ_JACFBA010000007.1|length=32504	GCF_014525525.1_ASM1452552v1|NZ_JACFAM010000007.1|length=24126
GCF_014525815.1_ASM1452581v1|NZ_JACFBA010000007.1|length=32504	GCF_014525535.1_ASM1452553v1|NZ_JACFAN010000007.1|length=24113
GCF_014525815.1_ASM1452581v1|NZ_JACFBA010000007.1|length=32504	GCF_014525565.1_ASM1452556v1|NZ_JACFAO010000007.1|length=24081
GCF_014525815.1_ASM1452581v1|NZ_JACFBA010000007.1|length=32504	GCF_014525665.1_ASM1452566v1|NZ_JACFAS010000007.1|length=23997
GCF_014525815.1_ASM1452581v1|NZ_JACFBA010000007.1|length=32504	GCF_014525705.1_ASM1452570v1|NZ_JACFAV010000007.1|length=24217
GCF_014525815.1_ASM1452581v1|NZ_JACFBA010000007.1|length=32504	GCF_014525715.1_ASM1452571v1|NZ_JACFAU010000007.1|length=24329
GCF_014525815.1_ASM1452581v1|NZ_JACFBA010000007.1|length=32504	GCF_014525745.1_ASM1452574v1|NZ_JACFAX010000007.1|length=24236
GCF_014525815.1_ASM1452581v1|NZ_JACFBA010000007.1|length=32504	GCF_014525755.1_ASM1452575v1|NZ_JACFAW010000007.1|length=24232
GCF_014525815.1_ASM1452581v1|NZ_JACFBA010000007.1|length=32504	GCF_014525805.2_ASM1452580v2|NZ_CP117804.1|length=24153
GCF_014525815.1_ASM1452581v1|NZ_JACFBA010000007.1|length=32504	GCF_014525845.1_ASM1452584v1|NZ_JACFBB010000007.1|length=24113
GCF_014525815.1_ASM1452581v1|NZ_JACFBA010000007.1|length=32504	GCF_014526025.1_ASM1452602v1|NZ_JACFBG010000005.1|length=24314
GCF_014525815.1_ASM1452581v1|NZ_JACFBA010000007.1|length=32504	GCF_014526045.1_ASM1452604v1|NZ_JACFBF010000007.1|length=24195
GCF_014525815.1_ASM1452581v1|NZ_JACFBA010000007.1|length=32504	GCF_014526045.1_ASM1452604v1|NZ_JACFBF010000010.1|length=10001
GCF_014525815.1_ASM1452581v1|NZ_JACFBA010000007.1|length=32504	GCF_014525685.1_ASM1452568v1|NZ_JACFAT010000009.1|length=24088
GCF_014525815.1_ASM1452581v1|NZ_JACFBA010000007.1|length=32504	GCF_032606795.1_ASM3260679v1|NZ_CP117915.1|length=12943
GCF_014525845.1_ASM1452584v1|NZ_JACFBB010000001.1|length=905485	GCF_014525845.1_ASM1452584v1|NZ_JACFBB010000001.1|length=905485
GCF_014525845.1_ASM1452584v1|NZ_JACFBB010000014.1|length=6583	GCF_014525845.1_ASM1452584v1|NZ_JACFBB010000014.1|length=6583
GCF_014525925.1_ASM1452592v1|NZ_JACGTX010000001.1|length=906691	GCF_014525925.1_ASM1452592v1|NZ_JACGTX010000001.1|length=906691
GCF_014525925.1_ASM1452592v1|NZ_JACGTX010000002.1|length=27291	GCF_014525925.1_ASM1452592v1|NZ_JACGTX010000002.1|length=27291
GCF_014525925.1_ASM1452592v1|NZ_JACGTX010000002.1|length=27291	GCF_014525935.1_ASM1452593v1|NZ_JACGTV010000002.1|length=27291
GCF_014525925.1_ASM1452592v1|NZ_JACGTX010000017.1|length=32733	GCF_014525925.1_ASM1452592v1|NZ_JACGTX010000017.1|length=32733
GCF_014525925.1_ASM1452592v1|NZ_JACGTX010000017.1|length=32733	GCF_014525935.1_ASM1452593v1|NZ_JACGTV010000015.1|length=32432
GCF_014525925.1_ASM1452592v1|NZ_JACGTX010000017.1|length=32733	GCF_018831585.1_ASM1883158v1|NZ_CP059019.1|length=32549
GCF_014525925.1_ASM1452592v1|NZ_JACGTX010000018.1|length=13285	GCF_014525925.1_ASM1452592v1|NZ_JACGTX010000018.1|length=13285
GCF_014525925.1_ASM1452592v1|NZ_JACGTX010000019.1|length=18419	GCF_014525925.1_ASM1452592v1|NZ_JACGTX010000019.1|length=18419
GCF_014525925.1_ASM1452592v1|NZ_JACGTX010000012.1|length=21379	GCF_014525925.1_ASM1452592v1|NZ_JACGTX010000012.1|length=21379
GCF_014525925.1_ASM1452592v1|NZ_JACGTX010000014.1|length=17748	GCF_014525925.1_ASM1452592v1|NZ_JACGTX010000014.1|length=17748
GCF_014525925.1_ASM1452592v1|NZ_JACGTX010000016.1|length=20116	GCF_014525925.1_ASM1452592v1|NZ_JACGTX010000016.1|length=20116
GCF_014525925.1_ASM1452592v1|NZ_JACGTX010000006.1|length=27408	GCF_014525925.1_ASM1452592v1|NZ_JACGTX010000006.1|length=27408
GCF_014525925.1_ASM1452592v1|NZ_JACGTX010000006.1|length=27408	GCF_014525935.1_ASM1452593v1|NZ_JACGTV010000006.1|length=27395
GCF_014525925.1_ASM1452592v1|NZ_JACGTX010000006.1|length=27408	GCF_018831585.1_ASM1883158v1|NZ_CP059014.1|length=27418
GCF_014525925.1_ASM1452592v1|NZ_JACGTX010000007.1|length=19591	GCF_014525925.1_ASM1452592v1|NZ_JACGTX010000007.1|length=19591
GCF_014525925.1_ASM1452592v1|NZ_JACGTX010000009.1|length=29770	GCF_014525925.1_ASM1452592v1|NZ_JACGTX010000009.1|length=29770
GCF_014525935.1_ASM1452593v1|NZ_JACGTV010000001.1|length=903996	GCF_014525935.1_ASM1452593v1|NZ_JACGTV010000001.1|length=903996
GCF_014525935.1_ASM1452593v1|NZ_JACGTV010000016.1|length=13956	GCF_014525935.1_ASM1452593v1|NZ_JACGTV010000016.1|length=13956
GCF_014525935.1_ASM1452593v1|NZ_JACGTV010000016.1|length=13956	GCF_018831585.1_ASM1883158v1|NZ_CP059026.1|length=13956
GCF_014525935.1_ASM1452593v1|NZ_JACGTV010000017.1|length=18985	GCF_014525935.1_ASM1452593v1|NZ_JACGTV010000017.1|length=18985
GCF_014525935.1_ASM1452593v1|NZ_JACGTV010000017.1|length=18985	GCF_018831585.1_ASM1883158v1|NZ_CP059027.1|length=18985
GCF_014525935.1_ASM1452593v1|NZ_JACGTV010000012.1|length=20121	GCF_014525935.1_ASM1452593v1|NZ_JACGTV010000012.1|length=20121
GCF_014525935.1_ASM1452593v1|NZ_JACGTV010000013.1|length=10092	GCF_014525935.1_ASM1452593v1|NZ_JACGTV010000013.1|length=10092
GCF_014525935.1_ASM1452593v1|NZ_JACGTV010000013.1|length=10092	GCF_018831585.1_ASM1883158v1|NZ_CP059023.1|length=7301
GCF_014525935.1_ASM1452593v1|NZ_JACGTV010000005.1|length=51611	GCF_014525935.1_ASM1452593v1|NZ_JACGTV010000005.1|length=51611
GCF_014525935.1_ASM1452593v1|NZ_JACGTV010000005.1|length=51611	GCF_014525925.1_ASM1452592v1|NZ_JACGTX010000005.1|length=21641
GCF_014525935.1_ASM1452593v1|NZ_JACGTV010000005.1|length=51611	GCF_014525925.1_ASM1452592v1|NZ_JACGTX010000008.1|length=30194
GCF_014525935.1_ASM1452593v1|NZ_JACGTV010000005.1|length=51611	GCF_018831585.1_ASM1883158v1|NZ_CP059016.1|length=30012
GCF_014525935.1_ASM1452593v1|NZ_JACGTV010000005.1|length=51611	GCF_018831585.1_ASM1883158v1|NZ_CP059013.1|length=21363
GCF_014525935.1_ASM1452593v1|NZ_JACGTV010000007.1|length=20080	GCF_014525935.1_ASM1452593v1|NZ_JACGTV010000007.1|length=20080
GCF_014525935.1_ASM1452593v1|NZ_JACGTV010000008.1|length=29009	GCF_014525935.1_ASM1452593v1|NZ_JACGTV010000008.1|length=29009
GCF_014525935.1_ASM1452593v1|NZ_JACGTV010000010.1|length=16880	GCF_014525935.1_ASM1452593v1|NZ_JACGTV010000010.1|length=16880
GCF_014525935.1_ASM1452593v1|NZ_JACGTV010000003.1|length=58741	GCF_014525935.1_ASM1452593v1|NZ_JACGTV010000003.1|length=58741
GCF_014525935.1_ASM1452593v1|NZ_JACGTV010000003.1|length=58741	GCF_014525925.1_ASM1452592v1|NZ_JACGTX010000003.1|length=58698
GCF_014525935.1_ASM1452593v1|NZ_JACGTV010000003.1|length=58741	GCF_018831585.1_ASM1883158v1|NZ_CP059011.1|length=58586
GCF_014525935.1_ASM1452593v1|NZ_JACGTV010000018.1|length=6343	GCF_014525935.1_ASM1452593v1|NZ_JACGTV010000018.1|length=6343
GCF_014526005.1_ASM1452600v1|NZ_JACFBC010000001.1|length=905181	GCF_014526005.1_ASM1452600v1|NZ_JACFBC010000001.1|length=905181
GCF_014526005.1_ASM1452600v1|NZ_JACFBC010000010.1|length=31252	GCF_014526005.1_ASM1452600v1|NZ_JACFBC010000010.1|length=31252
GCF_014526005.1_ASM1452600v1|NZ_JACFBC010000010.1|length=31252	GCF_014525685.1_ASM1452568v1|NZ_JACFAT010000008.1|length=31136
GCF_014526005.1_ASM1452600v1|NZ_JACFBC010000010.1|length=31252	GCF_014525705.1_ASM1452570v1|NZ_JACFAV010000012.1|length=31136
GCF_014526005.1_ASM1452600v1|NZ_JACFBC010000010.1|length=31252	GCF_014525745.1_ASM1452574v1|NZ_JACFAX010000011.1|length=30914
GCF_014526005.1_ASM1452600v1|NZ_JACFBC010000010.1|length=31252	GCF_014526045.1_ASM1452604v1|NZ_JACFBF010000013.1|length=31136
GCF_014526005.1_ASM1452600v1|NZ_JACFBC010000007.1|length=23880	GCF_014526005.1_ASM1452600v1|NZ_JACFBC010000007.1|length=23880
GCF_014526025.1_ASM1452602v1|NZ_JACFBG010000001.1|length=905344	GCF_014526025.1_ASM1452602v1|NZ_JACFBG010000001.1|length=905344
GCF_014526025.1_ASM1452602v1|NZ_JACFBG010000004.1|length=26341	GCF_014526025.1_ASM1452602v1|NZ_JACFBG010000004.1|length=26341
GCF_014526025.1_ASM1452602v1|NZ_JACFBG010000004.1|length=26341	GCF_003814425.1_ASM381442v1|NZ_CP028876.1|length=24633
GCF_014526025.1_ASM1452602v1|NZ_JACFBG010000004.1|length=26341	GCF_014525565.1_ASM1452556v1|NZ_JACFAO010000005.1|length=24603
GCF_014526025.1_ASM1452602v1|NZ_JACFBG010000004.1|length=26341	GCF_014525685.1_ASM1452568v1|NZ_JACFAT010000005.1|length=24645
GCF_014526025.1_ASM1452602v1|NZ_JACFBG010000004.1|length=26341	GCF_014525705.1_ASM1452570v1|NZ_JACFAV010000005.1|length=24634
GCF_014526025.1_ASM1452602v1|NZ_JACFBG010000004.1|length=26341	GCF_014525745.1_ASM1452574v1|NZ_JACFAX010000005.1|length=24623
GCF_014526025.1_ASM1452602v1|NZ_JACFBG010000004.1|length=26341	GCF_014526005.1_ASM1452600v1|NZ_JACFBC010000005.1|length=26299
GCF_014526025.1_ASM1452602v1|NZ_JACFBG010000004.1|length=26341	GCF_014525535.1_ASM1452553v1|NZ_JACFAN010000005.1|length=24368
GCF_014526025.1_ASM1452602v1|NZ_JACFBG010000004.1|length=26341	GCF_014525455.1_ASM1452545v1|NZ_JACFAL010000005.1|length=24307
GCF_014526025.1_ASM1452602v1|NZ_JACFBG010000004.1|length=26341	GCF_014525665.1_ASM1452566v1|NZ_JACFAS010000005.1|length=24368
GCF_014526025.1_ASM1452602v1|NZ_JACFBG010000004.1|length=26341	GCF_014525845.1_ASM1452584v1|NZ_JACFBB010000005.1|length=24511
GCF_014526045.1_ASM1452604v1|NZ_JACFBF010000001.1|length=905346	GCF_014526045.1_ASM1452604v1|NZ_JACFBF010000001.1|length=905346
GCF_014526045.1_ASM1452604v1|NZ_JACFBF010000012.1|length=27458	GCF_014526045.1_ASM1452604v1|NZ_JACFBF010000012.1|length=27458
GCF_014526045.1_ASM1452604v1|NZ_JACFBF010000005.1|length=26519	GCF_014526045.1_ASM1452604v1|NZ_JACFBF010000005.1|length=26519
GCF_018141305.1_ASM1814130v1|NZ_CP042238.1|length=918834	GCF_018141305.1_ASM1814130v1|NZ_CP042238.1|length=918834
GCF_018141305.1_ASM1814130v1|NZ_CP042238.1|length=918834	GCF_026643535.1_ASM2664353v1|NZ_CP075440.1|length=903559
GCF_018831585.1_ASM1883158v1|NZ_CP059009.1|length=906948	GCF_018831585.1_ASM1883158v1|NZ_CP059009.1|length=906948
GCF_018831585.1_ASM1883158v1|NZ_CP059009.1|length=906948	GCF_026572375.1_ASM2657237v1|NZ_CP075235.1|length=906190
GCF_018831585.1_ASM1883158v1|NZ_CP059010.1|length=27153	GCF_018831585.1_ASM1883158v1|NZ_CP059010.1|length=27153
GCF_018831585.1_ASM1883158v1|NZ_CP059015.1|length=20462	GCF_018831585.1_ASM1883158v1|NZ_CP059015.1|length=20462
GCF_018831585.1_ASM1883158v1|NZ_CP059017.1|length=21042	GCF_018831585.1_ASM1883158v1|NZ_CP059017.1|length=21042
GCF_018831585.1_ASM1883158v1|NZ_CP059017.1|length=21042	GCF_014525925.1_ASM1452592v1|NZ_JACGTX010000010.1|length=20679
GCF_018831585.1_ASM1883158v1|NZ_CP059017.1|length=21042	GCF_014525935.1_ASM1452593v1|NZ_JACGTV010000009.1|length=21025
GCF_018831585.1_ASM1883158v1|NZ_CP059018.1|length=17818	GCF_018831585.1_ASM1883158v1|NZ_CP059018.1|length=17818
GCF_018831585.1_ASM1883158v1|NZ_CP059018.1|length=17818	GCF_014525925.1_ASM1452592v1|NZ_JACGTX010000011.1|length=17393
GCF_018831585.1_ASM1883158v1|NZ_CP059020.1|length=22002	GCF_018831585.1_ASM1883158v1|NZ_CP059020.1|length=22002
GCF_018831585.1_ASM1883158v1|NZ_CP059020.1|length=22002	GCF_014525935.1_ASM1452593v1|NZ_JACGTV010000011.1|length=21860
GCF_018831585.1_ASM1883158v1|NZ_CP059021.1|length=21661	GCF_018831585.1_ASM1883158v1|NZ_CP059021.1|length=21661
GCF_018831585.1_ASM1883158v1|NZ_CP059024.1|length=9918	GCF_018831585.1_ASM1883158v1|NZ_CP059024.1|length=9918
GCF_018831585.1_ASM1883158v1|NZ_CP059024.1|length=9918	GCF_014525925.1_ASM1452592v1|NZ_JACGTX010000015.1|length=8810
GCF_018831585.1_ASM1883158v1|NZ_CP059024.1|length=9918	GCF_014525935.1_ASM1452593v1|NZ_JACGTV010000014.1|length=9389
GCF_018831585.1_ASM1883158v1|NZ_CP059025.1|length=30693	GCF_018831585.1_ASM1883158v1|NZ_CP059025.1|length=30693
GCF_018831585.1_ASM1883158v1|NZ_CP059012.1|length=22962	GCF_018831585.1_ASM1883158v1|NZ_CP059012.1|length=22962
GCF_018831585.1_ASM1883158v1|NZ_CP059012.1|length=22962	GCF_014525925.1_ASM1452592v1|NZ_JACGTX010000004.1|length=22916
GCF_018831585.1_ASM1883158v1|NZ_CP059012.1|length=22962	GCF_014525935.1_ASM1452593v1|NZ_JACGTV010000004.1|length=22929
GCF_019134655.1_ASM1913465v1|NZ_CP077730.1|length=30868	GCF_019134655.1_ASM1913465v1|NZ_CP077730.1|length=30868
GCF_019134655.1_ASM1913465v1|NZ_CP077730.1|length=30868	GCF_002996105.1_ASM299610v1|NZ_PHPH01000014.1|length=6155
GCF_019134655.1_ASM1913465v1|NZ_CP077731.1|length=29645	GCF_019134655.1_ASM1913465v1|NZ_CP077731.1|length=29645
GCF_019134655.1_ASM1913465v1|NZ_CP077732.1|length=28639	GCF_019134655.1_ASM1913465v1|NZ_CP077732.1|length=28639
GCF_019134655.1_ASM1913465v1|NZ_CP077734.1|length=28329	GCF_019134655.1_ASM1913465v1|NZ_CP077734.1|length=28329
GCF_019134655.1_ASM1913465v1|NZ_CP077734.1|length=28329	GCF_032595755.1_ASM3259575v2|NZ_CP179431.1|length=27737
GCF_019134655.1_ASM1913465v1|NZ_CP077735.1|length=30892	GCF_019134655.1_ASM1913465v1|NZ_CP077735.1|length=30892
GCF_019134655.1_ASM1913465v1|NZ_CP077736.1|length=31390	GCF_019134655.1_ASM1913465v1|NZ_CP077736.1|length=31390
GCF_019134655.1_ASM1913465v1|NZ_CP077736.1|length=31390	GCF_002996645.1_ASM299664v1|NZ_PHOP01000008.1|length=25091
GCF_019134655.1_ASM1913465v1|NZ_CP077736.1|length=31390	GCF_002997145.1_ASM299714v1|NZ_PHQJ01000008.1|length=24894
GCF_019134655.1_ASM1913465v1|NZ_CP077736.1|length=31390	GCF_002997245.1_ASM299724v1|NZ_PHQM01000006.1|length=25174
GCF_019134655.1_ASM1913465v1|NZ_CP077736.1|length=31390	GCF_002997265.1_ASM299726v1|NZ_PHQN01000006.1|length=25561
GCF_019134655.1_ASM1913465v1|NZ_CP077736.1|length=31390	GCF_032595755.1_ASM3259575v2|NZ_CP179429.1|length=25577
GCF_019134655.1_ASM1913465v1|NZ_CP077736.1|length=31390	GCF_040790765.1_ASM4079076v1|NZ_CP161121.1|length=25583
GCF_019134655.1_ASM1913465v1|NZ_CP077736.1|length=31390	GCF_040790785.1_ASM4079078v1|NZ_CP161139.1|length=25583
GCF_019134655.1_ASM1913465v1|NZ_CP077737.1|length=51773	GCF_019134655.1_ASM1913465v1|NZ_CP077737.1|length=51773
GCF_019464575.1_ASM1946457v1|NZ_CP074055.1|length=26512	GCF_019464575.1_ASM1946457v1|NZ_CP074055.1|length=26512
GCF_002996405.1_ASM299640v1|NZ_PHQH01000009.1|length=10658	GCF_002996405.1_ASM299640v1|NZ_PHQH01000009.1|length=10658
GCF_002996405.1_ASM299640v1|NZ_PHQH01000012.1|length=8576	GCF_002996405.1_ASM299640v1|NZ_PHQH01000012.1|length=8576
GCF_002996405.1_ASM299640v1|NZ_PHQH01000012.1|length=8576	GCF_002996685.1_ASM299668v1|NZ_PHOR01000012.1|length=8073
GCF_002996405.1_ASM299640v1|NZ_PHQH01000002.1|length=55778	GCF_002996405.1_ASM299640v1|NZ_PHQH01000002.1|length=55778
GCF_002996405.1_ASM299640v1|NZ_PHQH01000002.1|length=55778	GCF_002442595.2_ASM244259v2|NZ_CP017216.1|length=30210
GCF_002996405.1_ASM299640v1|NZ_PHQH01000002.1|length=55778	GCF_019464575.1_ASM1946457v1|NZ_CP074057.1|length=30208
GCF_002996405.1_ASM299640v1|NZ_PHQH01000002.1|length=55778	GCF_024662155.1_ASM2466215v1|NZ_CP094575.1|length=30028
GCF_002996405.1_ASM299640v1|NZ_PHQH01000002.1|length=55778	GCF_051054285.1_ASM5105428v1|NZ_CP144348.1|length=25252
GCF_002996405.1_ASM299640v1|NZ_PHQH01000002.1|length=55778	GCF_051054405.1_ASM5105440v1|NZ_CP147269.1|length=10827
GCF_002996405.1_ASM299640v1|NZ_PHQH01000002.1|length=55778	GCF_051054405.1_ASM5105440v1|NZ_CP147271.1|length=18656
GCF_002996405.1_ASM299640v1|NZ_PHQH01000002.1|length=55778	GCF_051054485.1_ASM5105448v1|NZ_CP147294.1|length=16666
GCF_002996405.1_ASM299640v1|NZ_PHQH01000002.1|length=55778	GCF_051147265.1_ASM5114726v1|NZ_CP147399.1|length=16696
GCF_002996405.1_ASM299640v1|NZ_PHQH01000002.1|length=55778	GCF_002997205.1_ASM299720v1|NZ_PHQL01000008.1|length=25769
GCF_002996405.1_ASM299640v1|NZ_PHQH01000002.1|length=55778	GCF_002995985.1_ASM299598v1|NZ_PHOW01000008.1|length=25715
GCF_002996405.1_ASM299640v1|NZ_PHQH01000002.1|length=55778	GCF_002996105.1_ASM299610v1|NZ_PHPH01000008.1|length=25267
GCF_002996405.1_ASM299640v1|NZ_PHQH01000002.1|length=55778	GCF_002996285.1_ASM299628v1|NZ_PHPU01000008.1|length=25579
GCF_002996405.1_ASM299640v1|NZ_PHQH01000002.1|length=55778	GCF_002996965.1_ASM299696v1|NZ_PHPM01000007.1|length=25695
GCF_002996405.1_ASM299640v1|NZ_PHQH01000002.1|length=55778	GCF_002997065.1_ASM299706v1|NZ_PHQA01000008.1|length=25698
GCF_002996405.1_ASM299640v1|NZ_PHQH01000002.1|length=55778	GCF_051054305.1_ASM5105430v1|NZ_CP147760.1|length=17178
GCF_002996405.1_ASM299640v1|NZ_PHQH01000002.1|length=55778	GCF_051054485.1_ASM5105448v1|NZ_CP147290.1|length=17691
GCF_002996465.1_ASM299646v1|NZ_PHOE01000001.1|length=899030	GCF_002996465.1_ASM299646v1|NZ_PHOE01000001.1|length=899030
GCF_002996465.1_ASM299646v1|NZ_PHOE01000003.1|length=31397	GCF_002996465.1_ASM299646v1|NZ_PHOE01000003.1|length=31397
GCF_002996465.1_ASM299646v1|NZ_PHOE01000003.1|length=31397	GCF_000166635.1_ASM16663v1|NC_017420.1|length=23394
GCF_002996465.1_ASM299646v1|NZ_PHOE01000003.1|length=31397	GCF_002996245.1_ASM299624v1|NZ_PHPS01000008.1|length=23397
GCF_002996465.1_ASM299646v1|NZ_PHOE01000003.1|length=31397	GCF_002996485.1_ASM299648v1|NZ_PHOG01000003.1|length=31131
GCF_002996465.1_ASM299646v1|NZ_PHOE01000003.1|length=31397	GCF_002996685.1_ASM299668v1|NZ_PHOR01000008.1|length=23592
GCF_002996465.1_ASM299646v1|NZ_PHOE01000003.1|length=31397	GCF_002996865.1_ASM299686v1|NZ_PHPG01000007.1|length=23492
GCF_002996465.1_ASM299646v1|NZ_PHOE01000003.1|length=31397	GCF_002996925.1_ASM299692v1|NZ_PHPP01000008.1|length=23587
GCF_002996465.1_ASM299646v1|NZ_PHOE01000003.1|length=31397	GCF_040790745.1_ASM4079074v1|NZ_CP161085.1|length=24216
GCF_002996465.1_ASM299646v1|NZ_PHOE01000003.1|length=31397	GCF_002995915.1_ASM299591v1|NZ_PHOJ01000007.1|length=23608
GCF_002996465.1_ASM299646v1|NZ_PHOE01000009.1|length=22000	GCF_002996465.1_ASM299646v1|NZ_PHOE01000009.1|length=22000
GCF_002996465.1_ASM299646v1|NZ_PHOE01000009.1|length=22000	GCF_002995915.1_ASM299591v1|NZ_PHOJ01000008.1|length=21841
GCF_002996465.1_ASM299646v1|NZ_PHOE01000009.1|length=22000	GCF_002996485.1_ASM299648v1|NZ_PHOG01000009.1|length=21866
GCF_002996465.1_ASM299646v1|NZ_PHOE01000009.1|length=22000	GCF_002996685.1_ASM299668v1|NZ_PHOR01000009.1|length=22033
GCF_002996475.1_ASM299647v1|NZ_PHOF01000009.1|length=9609	GCF_002996475.1_ASM299647v1|NZ_PHOF01000009.1|length=9609
GCF_002996475.1_ASM299647v1|NZ_PHOF01000009.1|length=9609	GCF_002442595.2_ASM244259v2|NZ_CP017210.1|length=8714
GCF_002996475.1_ASM299647v1|NZ_PHOF01000009.1|length=9609	GCF_002996625.1_ASM299662v1|NZ_PHOO01000011.1|length=9602
GCF_002996475.1_ASM299647v1|NZ_PHOF01000009.1|length=9609	GCF_030440345.1_ASM3044034v2|NZ_CP179426.1|length=8715
GCF_002996475.1_ASM299647v1|NZ_PHOF01000009.1|length=9609	GCF_002995935.1_ASM299593v1|NZ_PHOK01000010.1|length=9546
GCF_002996475.1_ASM299647v1|NZ_PHOF01000009.1|length=9609	GCF_002996005.1_ASM299600v1|NZ_PHOT01000012.1|length=9542
GCF_002996475.1_ASM299647v1|NZ_PHOF01000009.1|length=9609	GCF_002996585.1_ASM299658v1|NZ_PHOL01000013.1|length=9542
GCF_002996475.1_ASM299647v1|NZ_PHOF01000009.1|length=9609	GCF_002996125.1_ASM299612v1|NZ_PHPF01000013.1|length=9501
GCF_002996475.1_ASM299647v1|NZ_PHOF01000009.1|length=9609	GCF_000008685.2_ASM868v2|NC_001904.1|length=9386
GCF_002996475.1_ASM299647v1|NZ_PHOF01000009.1|length=9609	GCF_002996965.1_ASM299696v1|NZ_PHPM01000013.1|length=9509
GCF_002996475.1_ASM299647v1|NZ_PHOF01000009.1|length=9609	GCF_030445065.1_ASM3044506v2|NZ_CP179374.1|length=8526
GCF_002996475.1_ASM299647v1|NZ_PHOF01000009.1|length=9609	GCF_002997145.1_ASM299714v1|NZ_PHQJ01000012.1|length=9557
GCF_002996475.1_ASM299647v1|NZ_PHOF01000009.1|length=9609	GCF_040790765.1_ASM4079076v1|NZ_CP161124.1|length=9381
GCF_002996475.1_ASM299647v1|NZ_PHOF01000009.1|length=9609	GCF_024662195.1_ASM2466219v1|NZ_CP094606.1|length=9387
GCF_002996475.1_ASM299647v1|NZ_PHOF01000003.1|length=41592	GCF_002996475.1_ASM299647v1|NZ_PHOF01000003.1|length=41592
GCF_002996475.1_ASM299647v1|NZ_PHOF01000003.1|length=41592	GCF_000181555.2_ASM18155v2|NC_011865.1|length=17849
GCF_002996475.1_ASM299647v1|NZ_PHOF01000003.1|length=41592	GCF_000181555.2_ASM18155v2|NC_011870.1|length=23638
GCF_002996475.1_ASM299647v1|NZ_PHOF01000003.1|length=41592	GCF_002997285.1_ASM299728v1|NZ_PHQO01000007.1|length=23710
GCF_002996475.1_ASM299647v1|NZ_PHOF01000003.1|length=41592	GCF_040790735.1_ASM4079073v1|NZ_CP161071.1|length=18015
GCF_002996475.1_ASM299647v1|NZ_PHOF01000003.1|length=41592	GCF_040790735.1_ASM4079073v1|NZ_CP161069.1|length=23693
GCF_002996485.1_ASM299648v1|NZ_PHOG01000015.1|length=7510	GCF_002996485.1_ASM299648v1|NZ_PHOG01000015.1|length=7510
GCF_002996485.1_ASM299648v1|NZ_PHOG01000007.1|length=23840	GCF_002996485.1_ASM299648v1|NZ_PHOG01000007.1|length=23840
GCF_002996485.1_ASM299648v1|NZ_PHOG01000007.1|length=23840	GCF_002995865.1_ASM299586v1|NZ_PHOD01000015.1|length=8808
GCF_002996485.1_ASM299648v1|NZ_PHOG01000007.1|length=23840	GCF_002995915.1_ASM299591v1|NZ_PHOJ01000015.1|length=8882
GCF_002996485.1_ASM299648v1|NZ_PHOG01000007.1|length=23840	GCF_002996285.1_ASM299628v1|NZ_PHPU01000013.1|length=8808
GCF_002996485.1_ASM299648v1|NZ_PHOG01000007.1|length=23840	GCF_002996465.1_ASM299646v1|NZ_PHOE01000011.1|length=8870
GCF_002996485.1_ASM299648v1|NZ_PHOG01000007.1|length=23840	GCF_002996685.1_ASM299668v1|NZ_PHOR01000011.1|length=8870
GCF_002996485.1_ASM299648v1|NZ_PHOG01000007.1|length=23840	GCF_002997065.1_ASM299706v1|NZ_PHQA01000013.1|length=8808
GCF_002996485.1_ASM299648v1|NZ_PHOG01000007.1|length=23840	GCF_002996025.1_ASM299602v1|NZ_PHOV01000011.1|length=8869
GCF_002996485.1_ASM299648v1|NZ_PHOG01000007.1|length=23840	GCF_002996245.1_ASM299624v1|NZ_PHPS01000013.1|length=8837
GCF_002996485.1_ASM299648v1|NZ_PHOG01000007.1|length=23840	GCF_000166635.1_ASM16663v1|NC_017399.1|length=8722
GCF_002996485.1_ASM299648v1|NZ_PHOG01000007.1|length=23840	GCF_002996865.1_ASM299686v1|NZ_PHPG01000014.1|length=8837
GCF_002996485.1_ASM299648v1|NZ_PHOG01000007.1|length=23840	GCF_002996925.1_ASM299692v1|NZ_PHPP01000013.1|length=8837
GCF_002996485.1_ASM299648v1|NZ_PHOG01000007.1|length=23840	GCF_030439665.1_ASM3043966v2|NZ_CP179298.1|length=8725
GCF_002996485.1_ASM299648v1|NZ_PHOG01000007.1|length=23840	GCF_040790745.1_ASM4079074v1|NZ_CP161090.1|length=8722
GCF_002996485.1_ASM299648v1|NZ_PHOG01000007.1|length=23840	GCF_002996605.1_ASM299660v1|NZ_PHON01000014.1|length=11993
GCF_002996485.1_ASM299648v1|NZ_PHOG01000007.1|length=23840	GCF_002996165.1_ASM299616v1|NZ_PHPK01000011.1|length=8817
GCF_002996485.1_ASM299648v1|NZ_PHOG01000007.1|length=23840	GCF_002996395.1_ASM299639v1|NZ_PHQF01000013.1|length=8836
GCF_002996485.1_ASM299648v1|NZ_PHOG01000007.1|length=23840	GCF_002996405.1_ASM299640v1|NZ_PHQH01000011.1|length=8874
GCF_002996485.1_ASM299648v1|NZ_PHOG01000007.1|length=23840	GCF_002996545.1_ASM299654v1|NZ_PHOH01000011.1|length=8822
GCF_002996545.1_ASM299654v1|NZ_PHOH01000010.1|length=25418	GCF_002996545.1_ASM299654v1|NZ_PHOH01000010.1|length=25418
GCF_002996545.1_ASM299654v1|NZ_PHOH01000010.1|length=25418	GCF_002996605.1_ASM299660v1|NZ_PHON01000009.1|length=25181
GCF_002996545.1_ASM299654v1|NZ_PHOH01000012.1|length=7978	GCF_002996545.1_ASM299654v1|NZ_PHOH01000012.1|length=7978
GCF_002996545.1_ASM299654v1|NZ_PHOH01000013.1|length=7468	GCF_002996545.1_ASM299654v1|NZ_PHOH01000013.1|length=7468
GCF_002996545.1_ASM299654v1|NZ_PHOH01000003.1|length=54480	GCF_002996545.1_ASM299654v1|NZ_PHOH01000003.1|length=54480
GCF_002996545.1_ASM299654v1|NZ_PHOH01000003.1|length=54480	GCF_002995885.1_ASM299588v1|NZ_PHOM01000007.1|length=24612
GCF_002996545.1_ASM299654v1|NZ_PHOH01000003.1|length=54480	GCF_002996405.1_ASM299640v1|NZ_PHQH01000010.1|length=10332
GCF_002996545.1_ASM299654v1|NZ_PHOH01000003.1|length=54480	GCF_002996405.1_ASM299640v1|NZ_PHQH01000016.1|length=7123
GCF_002996545.1_ASM299654v1|NZ_PHOH01000003.1|length=54480	GCF_002996475.1_ASM299647v1|NZ_PHOF01000006.1|length=24630
GCF_002996545.1_ASM299654v1|NZ_PHOH01000003.1|length=54480	GCF_002996585.1_ASM299658v1|NZ_PHOL01000006.1|length=24614
GCF_002996545.1_ASM299654v1|NZ_PHOH01000003.1|length=54480	GCF_002996605.1_ASM299660v1|NZ_PHON01000010.1|length=24583
GCF_002996545.1_ASM299654v1|NZ_PHOH01000003.1|length=54480	GCF_002996625.1_ASM299662v1|NZ_PHOO01000006.1|length=24478
GCF_002996545.1_ASM299654v1|NZ_PHOH01000003.1|length=54480	GCF_002997285.1_ASM299728v1|NZ_PHQO01000006.1|length=24892
GCF_002996545.1_ASM299654v1|NZ_PHOH01000003.1|length=54480	GCF_040790715.1_ASM4079071v1|NZ_CP161155.1|length=24972
GCF_002996545.1_ASM299654v1|NZ_PHOH01000003.1|length=54480	GCF_051147265.1_ASM5114726v1|NZ_CP147360.1|length=7238
GCF_002996545.1_ASM299654v1|NZ_PHOH01000003.1|length=54480	GCF_040790735.1_ASM4079073v1|NZ_CP161068.1|length=24966
GCF_002996545.1_ASM299654v1|NZ_PHOH01000003.1|length=54480	GCF_040790795.1_ASM4079079v1|NZ_CP161169.1|length=24977
GCF_002996545.1_ASM299654v1|NZ_PHOH01000003.1|length=54480	GCF_051054855.1_ASM5105485v1|NZ_CP147302.1|length=21705
GCF_002996545.1_ASM299654v1|NZ_PHOH01000004.1|length=46960	GCF_002996545.1_ASM299654v1|NZ_PHOH01000004.1|length=46960
GCF_002996545.1_ASM299654v1|NZ_PHOH01000004.1|length=46960	GCF_002996605.1_ASM299660v1|NZ_PHON01000004.1|length=28308
GCF_002996545.1_ASM299654v1|NZ_PHOH01000004.1|length=46960	GCF_051054355.1_ASM5105435v1|NZ_CP147146.1|length=10963
GCF_002996545.1_ASM299654v1|NZ_PHOH01000004.1|length=46960	GCF_051054855.1_ASM5105485v1|NZ_CP147301.1|length=13961
GCF_002996545.1_ASM299654v1|NZ_PHOH01000006.1|length=28131	GCF_002996545.1_ASM299654v1|NZ_PHOH01000006.1|length=28131
GCF_002996545.1_ASM299654v1|NZ_PHOH01000006.1|length=28131	GCF_002996025.1_ASM299602v1|NZ_PHOV01000003.1|length=27831
GCF_002996545.1_ASM299654v1|NZ_PHOH01000007.1|length=27847	GCF_002996545.1_ASM299654v1|NZ_PHOH01000007.1|length=27847
GCF_002996545.1_ASM299654v1|NZ_PHOH01000007.1|length=27847	GCF_002996605.1_ASM299660v1|NZ_PHON01000007.1|length=27535
GCF_002996545.1_ASM299654v1|NZ_PHOH01000007.1|length=27847	GCF_051054355.1_ASM5105435v1|NZ_CP147149.1|length=27862
GCF_002996545.1_ASM299654v1|NZ_PHOH01000007.1|length=27847	GCF_002996025.1_ASM299602v1|NZ_PHOV01000004.1|length=27658
GCF_002996545.1_ASM299654v1|NZ_PHOH01000007.1|length=27847	GCF_051054855.1_ASM5105485v1|NZ_CP147306.1|length=27777
GCF_002996545.1_ASM299654v1|NZ_PHOH01000007.1|length=27847	GCF_051147265.1_ASM5114726v1|NZ_CP147400.1|length=27854
GCF_002996545.1_ASM299654v1|NZ_PHOH01000008.1|length=27465	GCF_002996545.1_ASM299654v1|NZ_PHOH01000008.1|length=27465
GCF_002996545.1_ASM299654v1|NZ_PHOH01000008.1|length=27465	GCF_002996605.1_ASM299660v1|NZ_PHON01000011.1|length=21815
GCF_002996545.1_ASM299654v1|NZ_PHOH01000008.1|length=27465	GCF_051054855.1_ASM5105485v1|NZ_CP147303.1|length=20091
GCF_002996285.1_ASM299628v1|NZ_PHPU01000009.1|length=22815	GCF_002996285.1_ASM299628v1|NZ_PHPU01000009.1|length=22815
GCF_002996285.1_ASM299628v1|NZ_PHPU01000009.1|length=22815	GCF_002997065.1_ASM299706v1|NZ_PHQA01000009.1|length=22687
GCF_002996285.1_ASM299628v1|NZ_PHPU01000009.1|length=22815	GCF_002995985.1_ASM299598v1|NZ_PHOW01000009.1|length=22506
GCF_002996285.1_ASM299628v1|NZ_PHPU01000009.1|length=22815	GCF_002996105.1_ASM299610v1|NZ_PHPH01000009.1|length=22599
GCF_002996285.1_ASM299628v1|NZ_PHPU01000009.1|length=22815	GCF_002997165.1_ASM299716v1|NZ_PHQD01000008.1|length=22155
GCF_002996285.1_ASM299628v1|NZ_PHPU01000009.1|length=22815	GCF_002997205.1_ASM299720v1|NZ_PHQL01000009.1|length=22773
GCF_002996285.1_ASM299628v1|NZ_PHPU01000009.1|length=22815	GCF_051054305.1_ASM5105430v1|NZ_CP147766.1|length=10319
GCF_002996305.1_ASM299630v1|NZ_PHPZ01000011.1|length=8892	GCF_002996305.1_ASM299630v1|NZ_PHPZ01000011.1|length=8892
GCF_002996305.1_ASM299630v1|NZ_PHPZ01000011.1|length=8892	GCF_002996345.1_ASM299634v1|NZ_PHQB01000009.1|length=8843
GCF_002996305.1_ASM299630v1|NZ_PHPZ01000011.1|length=8892	GCF_002996365.1_ASM299636v1|NZ_PHQC01000012.1|length=8880
GCF_002996305.1_ASM299630v1|NZ_PHPZ01000011.1|length=8892	GCF_002997045.1_ASM299704v1|NZ_PHPV01000011.1|length=8880
GCF_002996305.1_ASM299630v1|NZ_PHPZ01000011.1|length=8892	GCF_002997105.1_ASM299710v1|NZ_PHPY01000012.1|length=8892
GCF_002996305.1_ASM299630v1|NZ_PHPZ01000011.1|length=8892	GCF_002997165.1_ASM299716v1|NZ_PHQD01000014.1|length=8830
GCF_002996305.1_ASM299630v1|NZ_PHPZ01000011.1|length=8892	GCF_040790755.1_ASM4079075v1|NZ_CP161105.1|length=8831
GCF_002996305.1_ASM299630v1|NZ_PHPZ01000002.1|length=54978	GCF_002996305.1_ASM299630v1|NZ_PHPZ01000002.1|length=54978
GCF_002996305.1_ASM299630v1|NZ_PHPZ01000002.1|length=54978	GCF_002996345.1_ASM299634v1|NZ_PHQB01000002.1|length=54816
GCF_002996305.1_ASM299630v1|NZ_PHPZ01000002.1|length=54978	GCF_002996365.1_ASM299636v1|NZ_PHQC01000002.1|length=54785
GCF_002996305.1_ASM299630v1|NZ_PHPZ01000002.1|length=54978	GCF_002997045.1_ASM299704v1|NZ_PHPV01000002.1|length=54785
GCF_002996305.1_ASM299630v1|NZ_PHPZ01000002.1|length=54978	GCF_002997105.1_ASM299710v1|NZ_PHPY01000002.1|length=54892
GCF_002996305.1_ASM299630v1|NZ_PHPZ01000002.1|length=54978	GCF_040790755.1_ASM4079075v1|NZ_CP161092.1|length=54723
GCF_002996305.1_ASM299630v1|NZ_PHPZ01000002.1|length=54978	GCF_040819585.1_PFhe_I_PB_Ill_cons|NZ_CP161918.1|length=53783
GCF_002996305.1_ASM299630v1|NZ_PHPZ01000020.1|length=5109	GCF_002996305.1_ASM299630v1|NZ_PHPZ01000020.1|length=5109
GCF_002996305.1_ASM299630v1|NZ_PHPZ01000003.1|length=34883	GCF_002996305.1_ASM299630v1|NZ_PHPZ01000003.1|length=34883
GCF_002996305.1_ASM299630v1|NZ_PHPZ01000003.1|length=34883	GCF_000166635.1_ASM16663v1|NC_017419.1|length=29521
GCF_002996305.1_ASM299630v1|NZ_PHPZ01000003.1|length=34883	GCF_002995915.1_ASM299591v1|NZ_PHOJ01000004.1|length=29489
GCF_002996305.1_ASM299630v1|NZ_PHPZ01000003.1|length=34883	GCF_002995985.1_ASM299598v1|NZ_PHOW01000005.1|length=28380
GCF_002996305.1_ASM299630v1|NZ_PHPZ01000003.1|length=34883	GCF_002996105.1_ASM299610v1|NZ_PHPH01000004.1|length=29880
GCF_002996305.1_ASM299630v1|NZ_PHPZ01000003.1|length=34883	GCF_002996245.1_ASM299624v1|NZ_PHPS01000004.1|length=29667
GCF_002996305.1_ASM299630v1|NZ_PHPZ01000003.1|length=34883	GCF_002996285.1_ASM299628v1|NZ_PHPU01000003.1|length=29614
GCF_002996305.1_ASM299630v1|NZ_PHPZ01000003.1|length=34883	GCF_002996345.1_ASM299634v1|NZ_PHQB01000018.1|length=5385
GCF_002996305.1_ASM299630v1|NZ_PHPZ01000003.1|length=34883	GCF_002996365.1_ASM299636v1|NZ_PHQC01000021.1|length=5169
GCF_002996305.1_ASM299630v1|NZ_PHPZ01000003.1|length=34883	GCF_002996365.1_ASM299636v1|NZ_PHQC01000003.1|length=29823
GCF_002996305.1_ASM299630v1|NZ_PHPZ01000003.1|length=34883	GCF_002996865.1_ASM299686v1|NZ_PHPG01000013.1|length=10140
GCF_002996305.1_ASM299630v1|NZ_PHPZ01000003.1|length=34883	GCF_002996865.1_ASM299686v1|NZ_PHPG01000015.1|length=7673
GCF_002996305.1_ASM299630v1|NZ_PHPZ01000003.1|length=34883	GCF_002996925.1_ASM299692v1|NZ_PHPP01000005.1|length=29156
GCF_002996305.1_ASM299630v1|NZ_PHPZ01000003.1|length=34883	GCF_002996965.1_ASM299696v1|NZ_PHPM01000004.1|length=29680
GCF_002996305.1_ASM299630v1|NZ_PHPZ01000003.1|length=34883	GCF_002997045.1_ASM299704v1|NZ_PHPV01000021.1|length=5310
GCF_002996305.1_ASM299630v1|NZ_PHPZ01000003.1|length=34883	GCF_002997045.1_ASM299704v1|NZ_PHPV01000003.1|length=29712
GCF_002996305.1_ASM299630v1|NZ_PHPZ01000003.1|length=34883	GCF_002997065.1_ASM299706v1|NZ_PHQA01000003.1|length=29584
GCF_002996305.1_ASM299630v1|NZ_PHPZ01000003.1|length=34883	GCF_002997105.1_ASM299710v1|NZ_PHPY01000021.1|length=5338
GCF_002996305.1_ASM299630v1|NZ_PHPZ01000003.1|length=34883	GCF_002997105.1_ASM299710v1|NZ_PHPY01000003.1|length=29690
GCF_002996305.1_ASM299630v1|NZ_PHPZ01000003.1|length=34883	GCF_002997165.1_ASM299716v1|NZ_PHQD01000004.1|length=29342
GCF_002996305.1_ASM299630v1|NZ_PHPZ01000003.1|length=34883	GCF_002997205.1_ASM299720v1|NZ_PHQL01000004.1|length=29780
GCF_002996305.1_ASM299630v1|NZ_PHPZ01000003.1|length=34883	GCF_040790745.1_ASM4079074v1|NZ_CP161081.1|length=29776
GCF_002996305.1_ASM299630v1|NZ_PHPZ01000003.1|length=34883	GCF_040790755.1_ASM4079075v1|NZ_CP161098.1|length=29775
GCF_002996305.1_ASM299630v1|NZ_PHPZ01000003.1|length=34883	GCF_040790755.1_ASM4079075v1|NZ_CP161106.1|length=5259
GCF_002996305.1_ASM299630v1|NZ_PHPZ01000003.1|length=34883	GCF_051054305.1_ASM5105430v1|NZ_CP147759.1|length=27928
GCF_002996305.1_ASM299630v1|NZ_PHPZ01000003.1|length=34883	GCF_000008685.2_ASM868v2|NC_000957.1|length=5228
GCF_002996305.1_ASM299630v1|NZ_PHPZ01000003.1|length=34883	GCF_002995915.1_ASM299591v1|NZ_PHOJ01000021.1|length=5320
GCF_002996305.1_ASM299630v1|NZ_PHPZ01000003.1|length=34883	GCF_002996395.1_ASM299639v1|NZ_PHQF01000020.1|length=5338
GCF_002996305.1_ASM299630v1|NZ_PHPZ01000003.1|length=34883	GCF_002996465.1_ASM299646v1|NZ_PHOE01000019.1|length=5227
GCF_002996305.1_ASM299630v1|NZ_PHPZ01000003.1|length=34883	GCF_002996465.1_ASM299646v1|NZ_PHOE01000005.1|length=29577
GCF_002996305.1_ASM299630v1|NZ_PHPZ01000003.1|length=34883	GCF_002996405.1_ASM299640v1|NZ_PHQH01000015.1|length=7503
GCF_002996305.1_ASM299630v1|NZ_PHPZ01000003.1|length=34883	GCF_002996485.1_ASM299648v1|NZ_PHOG01000018.1|length=5344
GCF_002996305.1_ASM299630v1|NZ_PHPZ01000003.1|length=34883	GCF_002996485.1_ASM299648v1|NZ_PHOG01000004.1|length=29632
GCF_002996305.1_ASM299630v1|NZ_PHPZ01000003.1|length=34883	GCF_002996685.1_ASM299668v1|NZ_PHOR01000005.1|length=29446
GCF_002996305.1_ASM299630v1|NZ_PHPZ01000003.1|length=34883	GCF_002996545.1_ASM299654v1|NZ_PHOH01000017.1|length=5523
GCF_002996305.1_ASM299630v1|NZ_PHPZ01000003.1|length=34883	GCF_002996685.1_ASM299668v1|NZ_PHOR01000019.1|length=5346
GCF_002996305.1_ASM299630v1|NZ_PHPZ01000007.1|length=22677	GCF_002996305.1_ASM299630v1|NZ_PHPZ01000007.1|length=22677
GCF_002996345.1_ASM299634v1|NZ_PHQB01000006.1|length=22775	GCF_002996345.1_ASM299634v1|NZ_PHQB01000006.1|length=22775
GCF_002996365.1_ASM299636v1|NZ_PHQC01000007.1|length=22655	GCF_002996365.1_ASM299636v1|NZ_PHQC01000007.1|length=22655
GCF_002996385.1_ASM299638v1|NZ_PHQE01000003.1|length=41196	GCF_002996385.1_ASM299638v1|NZ_PHQE01000003.1|length=41196
GCF_002996385.1_ASM299638v1|NZ_PHQE01000003.1|length=41196	GCF_000021405.1_ASM2140v1|NC_011782.1|length=17266
GCF_002996385.1_ASM299638v1|NZ_PHQE01000003.1|length=41196	GCF_000021405.1_ASM2140v1|NC_011783.1|length=24326
GCF_002996385.1_ASM299638v1|NZ_PHQE01000003.1|length=41196	GCF_002996265.1_ASM299626v1|NZ_PHPX01000007.1|length=24342
GCF_002996385.1_ASM299638v1|NZ_PHQE01000003.1|length=41196	GCF_002996265.1_ASM299626v1|NZ_PHPX01000009.1|length=17377
GCF_002996385.1_ASM299638v1|NZ_PHQE01000003.1|length=41196	GCF_030439625.1_ASM3043962v2|NZ_CP124094.1|length=17221
GCF_002996385.1_ASM299638v1|NZ_PHQE01000003.1|length=41196	GCF_030445005.1_ASM3044500v2|NZ_CP124098.1|length=17222
GCF_002996385.1_ASM299638v1|NZ_PHQE01000003.1|length=41196	GCF_030445025.1_ASM3044502v2|NZ_CP124102.1|length=17282
GCF_002996385.1_ASM299638v1|NZ_PHQE01000003.1|length=41196	GCF_032595515.1_ASM3259551v2|NZ_CP132427.1|length=17285
GCF_002996385.1_ASM299638v1|NZ_PHQE01000003.1|length=41196	GCF_040819585.1_PFhe_I_PB_Ill_cons|NZ_CP161910.1|length=17357
GCF_002996385.1_ASM299638v1|NZ_PHQE01000003.1|length=41196	GCF_051054345.1_ASM5105434v1|NZ_CP147254.1|length=10750
GCF_002996385.1_ASM299638v1|NZ_PHQE01000003.1|length=41196	GCF_002996005.1_ASM299600v1|NZ_PHOT01000011.1|length=17283
GCF_002996385.1_ASM299638v1|NZ_PHQE01000003.1|length=41196	GCF_002996005.1_ASM299600v1|NZ_PHOT01000008.1|length=24192
GCF_002996385.1_ASM299638v1|NZ_PHQE01000003.1|length=41196	GCF_024662195.1_ASM2466219v1|NZ_CP094617.1|length=24404
GCF_002996385.1_ASM299638v1|NZ_PHQE01000003.1|length=41196	GCF_000008685.2_ASM868v2|NC_001850.1|length=24177
GCF_002996385.1_ASM299638v1|NZ_PHQE01000003.1|length=41196	GCF_030439605.1_ASM3043960v2|NZ_CP179359.1|length=24413
GCF_002996385.1_ASM299638v1|NZ_PHQE01000003.1|length=41196	GCF_040790775.1_ASM4079077v1|NZ_CP161188.1|length=24443
GCF_002996385.1_ASM299638v1|NZ_PHQE01000003.1|length=41196	GCF_040819585.1_PFhe_I_PB_Ill_cons|NZ_CP161911.1|length=24466
GCF_002996385.1_ASM299638v1|NZ_PHQE01000003.1|length=41196	GCF_030445065.1_ASM3044506v2|NZ_CP124086.1|length=16517
GCF_002996385.1_ASM299638v1|NZ_PHQE01000003.1|length=41196	GCF_030445065.1_ASM3044506v2|NZ_CP179373.1|length=23698
GCF_002996385.1_ASM299638v1|NZ_PHQE01000003.1|length=41196	GCF_032595375.1_ASM3259537v2|NZ_CP132423.1|length=17308
GCF_002996385.1_ASM299638v1|NZ_PHQE01000004.1|length=37333	GCF_002996385.1_ASM299638v1|NZ_PHQE01000004.1|length=37333
GCF_002996385.1_ASM299638v1|NZ_PHQE01000004.1|length=37333	GCF_000166635.1_ASM16663v1|NC_017423.1|length=27767
GCF_002996385.1_ASM299638v1|NZ_PHQE01000004.1|length=37333	GCF_002995865.1_ASM299586v1|NZ_PHOD01000006.1|length=27895
GCF_002996385.1_ASM299638v1|NZ_PHQE01000004.1|length=37333	GCF_002995935.1_ASM299593v1|NZ_PHOK01000018.1|length=5183
GCF_002996385.1_ASM299638v1|NZ_PHQE01000004.1|length=37333	GCF_002995985.1_ASM299598v1|NZ_PHOW01000006.1|length=27895
GCF_002996385.1_ASM299638v1|NZ_PHQE01000004.1|length=37333	GCF_002996245.1_ASM299624v1|NZ_PHPS01000006.1|length=27894
GCF_002996385.1_ASM299638v1|NZ_PHQE01000004.1|length=37333	GCF_002996285.1_ASM299628v1|NZ_PHPU01000006.1|length=27894
GCF_002996385.1_ASM299638v1|NZ_PHQE01000004.1|length=37333	GCF_002996605.1_ASM299660v1|NZ_PHON01000006.1|length=27885
GCF_002996385.1_ASM299638v1|NZ_PHQE01000004.1|length=37333	GCF_002996645.1_ASM299664v1|NZ_PHOP01000003.1|length=30628
GCF_002996385.1_ASM299638v1|NZ_PHQE01000004.1|length=37333	GCF_002996865.1_ASM299686v1|NZ_PHPG01000005.1|length=27894
GCF_002996385.1_ASM299638v1|NZ_PHQE01000004.1|length=37333	GCF_002996925.1_ASM299692v1|NZ_PHPP01000006.1|length=27894
GCF_002996385.1_ASM299638v1|NZ_PHQE01000004.1|length=37333	GCF_002996965.1_ASM299696v1|NZ_PHPM01000006.1|length=27831
GCF_002996385.1_ASM299638v1|NZ_PHQE01000004.1|length=37333	GCF_002997065.1_ASM299706v1|NZ_PHQA01000006.1|length=27894
GCF_002996385.1_ASM299638v1|NZ_PHQE01000004.1|length=37333	GCF_002997205.1_ASM299720v1|NZ_PHQL01000006.1|length=27896
GCF_002996385.1_ASM299638v1|NZ_PHQE01000004.1|length=37333	GCF_014525745.1_ASM1452574v1|NZ_JACFAX010000012.1|length=27866
GCF_002996385.1_ASM299638v1|NZ_PHQE01000004.1|length=37333	GCF_030439665.1_ASM3043966v2|NZ_CP179294.1|length=27767
GCF_002996385.1_ASM299638v1|NZ_PHQE01000004.1|length=37333	GCF_040790745.1_ASM4079074v1|NZ_CP161083.1|length=27767
GCF_002996385.1_ASM299638v1|NZ_PHQE01000004.1|length=37333	GCF_051054305.1_ASM5105430v1|NZ_CP147756.1|length=27585
GCF_002996385.1_ASM299638v1|NZ_PHQE01000004.1|length=37333	GCF_051054485.1_ASM5105448v1|NZ_CP147288.1|length=27685
GCF_002996395.1_ASM299639v1|NZ_PHQF01000001.1|length=902747	GCF_002996395.1_ASM299639v1|NZ_PHQF01000001.1|length=902747
GCF_002996395.1_ASM299639v1|NZ_PHQF01000001.1|length=902747	GCF_040790745.1_ASM4079074v1|NZ_CP161073.1|length=902797
GCF_002996395.1_ASM299639v1|NZ_PHQF01000010.1|length=19968	GCF_002996395.1_ASM299639v1|NZ_PHQF01000010.1|length=19968
GCF_002996395.1_ASM299639v1|NZ_PHQF01000010.1|length=19968	GCF_002997085.1_ASM299708v1|NZ_PHPW01000010.1|length=18798
GCF_002996395.1_ASM299639v1|NZ_PHQF01000009.1|length=22356	GCF_002996395.1_ASM299639v1|NZ_PHQF01000009.1|length=22356
GCF_002996395.1_ASM299639v1|NZ_PHQF01000009.1|length=22356	GCF_002995935.1_ASM299593v1|NZ_PHOK01000008.1|length=22219
GCF_000196215.1_ASM19621v1|NC_006156.1|length=904246	GCF_000196215.1_ASM19621v1|NC_006156.1|length=904246
GCF_000222835.1_ASM22283v1|NC_017238.1|length=903609	GCF_000222835.1_ASM22283v1|NC_017238.1|length=903609
GCF_000222835.1_ASM22283v1|NC_017239.1|length=26626	GCF_000222835.1_ASM22283v1|NC_017239.1|length=26626
GCF_000222835.1_ASM22283v1|NC_017239.1|length=26626	GCF_000165595.2_ASM16559v2|NT_167351.1|length=15403
GCF_000222835.1_ASM22283v1|NC_017235.1|length=27239	GCF_000222835.1_ASM22283v1|NC_017235.1|length=27239
GCF_000222835.1_ASM22283v1|NC_017230.1|length=30000	GCF_000222835.1_ASM22283v1|NC_017230.1|length=30000
GCF_000222835.1_ASM22283v1|NC_017230.1|length=30000	GCF_001900865.1_ASM190086v1|NZ_CP018270.1|length=12117
GCF_000222835.1_ASM22283v1|NC_017224.1|length=30718	GCF_000222835.1_ASM22283v1|NC_017224.1|length=30718
GCF_000222835.1_ASM22283v1|NC_017225.1|length=30065	GCF_000222835.1_ASM22283v1|NC_017225.1|length=30065
GCF_000222835.1_ASM22283v1|NC_017226.1|length=31118	GCF_000222835.1_ASM22283v1|NC_017226.1|length=31118
GCF_000222835.1_ASM22283v1|NC_017227.1|length=30949	GCF_000222835.1_ASM22283v1|NC_017227.1|length=30949
GCF_000222835.1_ASM22283v1|NC_017231.1|length=25262	GCF_000222835.1_ASM22283v1|NC_017231.1|length=25262
GCF_000222835.1_ASM22283v1|NC_017228.1|length=29421	GCF_000222835.1_ASM22283v1|NC_017228.1|length=29421
GCF_000239475.1_ASM23947v1|NC_017717.1|length=905534	GCF_000239475.1_ASM23947v1|NC_017717.1|length=905534
GCF_000239475.1_ASM23947v1|NC_017725.1|length=27111	GCF_000239475.1_ASM23947v1|NC_017725.1|length=27111
GCF_000239475.1_ASM23947v1|NC_017804.1|length=61166	GCF_000239475.1_ASM23947v1|NC_017804.1|length=61166
GCF_000300045.1_ASM30004v1|NC_018747.1|length=902789	GCF_000300045.1_ASM30004v1|NC_018747.1|length=902789
GCF_000304735.1_ASM30473v1|NC_018887.1|length=905471	GCF_000304735.1_ASM30473v1|NC_018887.1|length=905471
GCF_000691545.1_ASM69154v1|NZ_CP007564.1|length=902487	GCF_000691545.1_ASM69154v1|NZ_CP007564.1|length=902487
GCF_000714705.1_935T|NZ_JJNU01000001.1|length=40090	GCF_000714705.1_935T|NZ_JJNU01000001.1|length=40090
GCF_000714705.1_935T|NZ_JJNU01000001.1|length=40090	GCF_001922545.1_ASM192254v1|NZ_CP018750.1|length=27038
GCF_000714705.1_935T|NZ_JJNU01000001.1|length=40090	GCF_003814405.1_ASM381440v1|NZ_CP028867.1|length=27038
GCF_000714705.1_935T|NZ_JJNU01000001.1|length=40090	GCF_040790705.1_ASM4079070v1|NZ_CP161036.1|length=27039
GCF_000714705.1_935T|NZ_JJNU01000001.1|length=40090	GCF_002995985.1_ASM299598v1|NZ_PHOW01000007.1|length=26658
GCF_000714705.1_935T|NZ_JJNU01000001.1|length=40090	GCF_002995915.1_ASM299591v1|NZ_PHOJ01000005.1|length=26627
GCF_000714705.1_935T|NZ_JJNU01000001.1|length=40090	GCF_002996105.1_ASM299610v1|NZ_PHPH01000007.1|length=26658
GCF_000714705.1_935T|NZ_JJNU01000001.1|length=40090	GCF_002996285.1_ASM299628v1|NZ_PHPU01000007.1|length=26658
GCF_000714705.1_935T|NZ_JJNU01000001.1|length=40090	GCF_002996465.1_ASM299646v1|NZ_PHOE01000007.1|length=26625
GCF_000714705.1_935T|NZ_JJNU01000001.1|length=40090	GCF_002996485.1_ASM299648v1|NZ_PHOG01000006.1|length=26625
GCF_000714705.1_935T|NZ_JJNU01000001.1|length=40090	GCF_002996685.1_ASM299668v1|NZ_PHOR01000007.1|length=26625
GCF_000714705.1_935T|NZ_JJNU01000001.1|length=40090	GCF_002996865.1_ASM299686v1|NZ_PHPG01000006.1|length=26625
GCF_000714705.1_935T|NZ_JJNU01000001.1|length=40090	GCF_002996925.1_ASM299692v1|NZ_PHPP01000007.1|length=26625
GCF_000714705.1_935T|NZ_JJNU01000001.1|length=40090	GCF_002997065.1_ASM299706v1|NZ_PHQA01000007.1|length=26658
GCF_000714705.1_935T|NZ_JJNU01000001.1|length=40090	GCF_002997205.1_ASM299720v1|NZ_PHQL01000007.1|length=26658
GCF_000714705.1_935T|NZ_JJNU01000001.1|length=40090	GCF_026643455.2_ASM2664345v2|NZ_CP119352.1|length=26995
GCF_000714705.1_935T|NZ_JJNU01000001.1|length=40090	GCF_035341875.1_ASM3534187v1|NZ_CP117840.1|length=26984
GCF_000714705.1_935T|NZ_JJNU01000002.1|length=29571	GCF_000714705.1_935T|NZ_JJNU01000002.1|length=29571
GCF_000714705.1_935T|NZ_JJNU01000003.1|length=918136	GCF_000714705.1_935T|NZ_JJNU01000003.1|length=918136
GCF_000714705.1_935T|NZ_JJNU01000004.1|length=40674	GCF_000714705.1_935T|NZ_JJNU01000004.1|length=40674
GCF_000714705.1_935T|NZ_JJNU01000005.1|length=36850	GCF_000714705.1_935T|NZ_JJNU01000005.1|length=36850
GCF_000714705.1_935T|NZ_JJNU01000006.1|length=44309	GCF_000714705.1_935T|NZ_JJNU01000006.1|length=44309
GCF_000714705.1_935T|NZ_JJNU01000007.1|length=67109	GCF_000714705.1_935T|NZ_JJNU01000007.1|length=67109
GCF_000741005.1_ASM74100v1|NZ_CP009213.1|length=26561	GCF_000741005.1_ASM74100v1|NZ_CP009213.1|length=26561
GCF_000741005.1_ASM74100v1|NZ_CP009213.1|length=26561	GCF_000165595.2_ASM16559v2|NC_008274.1|length=26533
GCF_000741005.1_ASM74100v1|NZ_CP009213.1|length=26561	GCF_000222835.1_ASM22283v1|NC_017229.1|length=26539
GCF_000741005.1_ASM74100v1|NZ_CP009213.1|length=26561	GCF_000962775.1_ASM96277v1|NZ_CP009060.1|length=26571
GCF_000741005.1_ASM74100v1|NZ_CP009213.1|length=26561	GCF_040790685.1_ASM4079068v1|NZ_CP161025.1|length=26526
GCF_000962775.1_ASM96277v1|NZ_CP009061.1|length=25221	GCF_000962775.1_ASM96277v1|NZ_CP009061.1|length=25221
GCF_000962775.1_ASM96277v1|NZ_CP009063.1|length=28738	GCF_000962775.1_ASM96277v1|NZ_CP009063.1|length=28738
GCF_000962775.1_ASM96277v1|NZ_CP009064.1|length=24282	GCF_000962775.1_ASM96277v1|NZ_CP009064.1|length=24282
GCF_000962775.1_ASM96277v1|NZ_CP009066.1|length=28638	GCF_000962775.1_ASM96277v1|NZ_CP009066.1|length=28638
GCF_000962775.1_ASM96277v1|NZ_CP009070.1|length=30797	GCF_000962775.1_ASM96277v1|NZ_CP009070.1|length=30797
GCF_000962775.1_ASM96277v1|NZ_CP009069.1|length=30468	GCF_000962775.1_ASM96277v1|NZ_CP009069.1|length=30468
GCF_000962775.1_ASM96277v1|NZ_CP009071.1|length=30397	GCF_000962775.1_ASM96277v1|NZ_CP009071.1|length=30397
GCF_000962775.1_ASM96277v1|NZ_CP009068.1|length=31266	GCF_000962775.1_ASM96277v1|NZ_CP009068.1|length=31266
GCF_000962775.1_ASM96277v1|NZ_CP009067.1|length=36114	GCF_000962775.1_ASM96277v1|NZ_CP009067.1|length=36114
GCF_001900865.1_ASM190086v1|NZ_CP018262.1|length=905394	GCF_001900865.1_ASM190086v1|NZ_CP018262.1|length=905394
GCF_001900865.1_ASM190086v1|NZ_CP018268.1|length=24507	GCF_001900865.1_ASM190086v1|NZ_CP018268.1|length=24507
GCF_001900865.1_ASM190086v1|NZ_CP018269.1|length=22953	GCF_001900865.1_ASM190086v1|NZ_CP018269.1|length=22953
GCF_001900865.1_ASM190086v1|NZ_CP018269.1|length=22953	GCF_040790685.1_ASM4079068v1|NZ_CP161028.1|length=22816
GCF_001900865.1_ASM190086v1|NZ_CP018274.1|length=8898	GCF_001900865.1_ASM190086v1|NZ_CP018274.1|length=8898
GCF_001900865.1_ASM190086v1|NZ_CP018277.1|length=5623	GCF_001900865.1_ASM190086v1|NZ_CP018277.1|length=5623
GCF_001900865.1_ASM190086v1|NZ_CP018266.1|length=26523	GCF_001900865.1_ASM190086v1|NZ_CP018266.1|length=26523
GCF_001900865.1_ASM190086v1|NZ_CP018263.1|length=85180	GCF_001900865.1_ASM190086v1|NZ_CP018263.1|length=85180
GCF_001900865.1_ASM190086v1|NZ_CP018263.1|length=85180	GCF_040790685.1_ASM4079068v1|NZ_CP161019.1|length=36208
GCF_001900865.1_ASM190086v1|NZ_CP018263.1|length=85180	GCF_040790685.1_ASM4079068v1|NZ_CP161018.1|length=49245
GCF_001900865.1_ASM190086v1|NZ_CP018263.1|length=85180	GCF_000165595.2_ASM16559v2|NC_008564.1|length=59958
GCF_001900865.1_ASM190086v1|NZ_CP018263.1|length=85180	GCF_000222835.1_ASM22283v1|NC_017241.1|length=57919
GCF_001900865.1_ASM190086v1|NZ_CP018263.1|length=85180	GCF_000741005.1_ASM74100v1|NZ_CP009214.1|length=55230
GCF_001900865.1_ASM190086v1|NZ_CP018263.1|length=85180	GCF_000962775.1_ASM96277v1|NZ_CP009059.1|length=57181
GCF_001922545.1_ASM192254v1|NZ_CP018746.1|length=37053	GCF_001922545.1_ASM192254v1|NZ_CP018746.1|length=37053
GCF_001922545.1_ASM192254v1|NZ_CP018746.1|length=37053	GCF_003814405.1_ASM381440v1|NZ_CP028865.1|length=36994
GCF_001922545.1_ASM192254v1|NZ_CP018746.1|length=37053	GCF_040790705.1_ASM4079070v1|NZ_CP161033.1|length=36993
GCF_001922545.1_ASM192254v1|NZ_CP018751.1|length=20915	GCF_001922545.1_ASM192254v1|NZ_CP018751.1|length=20915
GCF_001922545.1_ASM192254v1|NZ_CP018751.1|length=20915	GCF_003814405.1_ASM381440v1|NZ_CP028866.1|length=20863
GCF_001922545.1_ASM192254v1|NZ_CP018751.1|length=20915	GCF_040790705.1_ASM4079070v1|NZ_CP161039.1|length=20892
GCF_001922545.1_ASM192254v1|NZ_CP018751.1|length=20915	GCF_026643455.2_ASM2664345v2|NZ_CP119354.1|length=20909
GCF_001922545.1_ASM192254v1|NZ_CP018751.1|length=20915	GCF_032604805.1_ASM3260480v1|NZ_CP117896.1|length=20762
GCF_001922545.1_ASM192254v1|NZ_CP018751.1|length=20915	GCF_032603535.1_ASM3260353v1|NZ_CP117889.1|length=18468
GCF_001922545.1_ASM192254v1|NZ_CP018749.1|length=27075	GCF_001922545.1_ASM192254v1|NZ_CP018749.1|length=27075
GCF_001922545.1_ASM192254v1|NZ_CP018749.1|length=27075	GCF_003814405.1_ASM381440v1|NZ_CP028869.1|length=27093
GCF_001922545.1_ASM192254v1|NZ_CP018749.1|length=27075	GCF_026643455.2_ASM2664345v2|NZ_CP119353.1|length=27059
GCF_001922545.1_ASM192254v1|NZ_CP018749.1|length=27075	GCF_040790705.1_ASM4079070v1|NZ_CP161037.1|length=26502
GCF_001922545.1_ASM192254v1|NZ_CP018745.1|length=57532	GCF_001922545.1_ASM192254v1|NZ_CP018745.1|length=57532
GCF_001922545.1_ASM192254v1|NZ_CP018745.1|length=57532	GCF_003814405.1_ASM381440v1|NZ_CP028862.1|length=57459
GCF_001922545.1_ASM192254v1|NZ_CP018745.1|length=57532	GCF_040790705.1_ASM4079070v1|NZ_CP161031.1|length=57456
GCF_001922545.1_ASM192254v1|NZ_CP018745.1|length=57532	GCF_026643455.2_ASM2664345v2|NZ_CP119347.1|length=50745
GCF_002083055.2_ASM208305v2|NZ_NBTP02000004.1|length=911226	GCF_002083055.2_ASM208305v2|NZ_NBTP02000004.1|length=911226
GCF_002083055.2_ASM208305v2|NZ_NBTP02000003.1|length=60894	GCF_002083055.2_ASM208305v2|NZ_NBTP02000003.1|length=60894
GCF_002083055.2_ASM208305v2|NZ_NBTP02000003.1|length=60894	GCF_002151505.1_ASM215150v1|NZ_CP019758.1|length=30222
GCF_002083055.2_ASM208305v2|NZ_NBTP02000003.1|length=60894	GCF_002995985.1_ASM299598v1|NZ_PHOW01000017.1|length=5005
GCF_002083055.2_ASM208305v2|NZ_NBTP02000003.1|length=60894	GCF_002996005.1_ASM299600v1|NZ_PHOT01000017.1|length=5432
GCF_002083055.2_ASM208305v2|NZ_NBTP02000003.1|length=60894	GCF_002996285.1_ASM299628v1|NZ_PHPU01000016.1|length=5345
GCF_002083055.2_ASM208305v2|NZ_NBTP02000003.1|length=60894	GCF_002996385.1_ASM299638v1|NZ_PHQE01000015.1|length=8383
GCF_002083055.2_ASM208305v2|NZ_NBTP02000003.1|length=60894	GCF_002996625.1_ASM299662v1|NZ_PHOO01000025.1|length=5037
GCF_002083055.2_ASM208305v2|NZ_NBTP02000003.1|length=60894	GCF_002997065.1_ASM299706v1|NZ_PHQA01000017.1|length=5345
GCF_002083055.2_ASM208305v2|NZ_NBTP02000003.1|length=60894	GCF_040790805.1_ASM4079080v1|NZ_CP161201.1|length=12666
GCF_002083055.2_ASM208305v2|NZ_NBTP02000003.1|length=60894	GCF_000008685.2_ASM868v2|NC_000949.1|length=30223
GCF_002083055.2_ASM208305v2|NZ_NBTP02000003.1|length=60894	GCF_002151465.1_ASM215146v1|NZ_CP019847.1|length=30418
GCF_002083055.2_ASM208305v2|NZ_NBTP02000003.1|length=60894	GCF_002151485.1_ASM215148v1|NZ_CP019920.1|length=25789
GCF_002083055.2_ASM208305v2|NZ_NBTP02000003.1|length=60894	GCF_002996475.1_ASM299647v1|NZ_PHOF01000010.1|length=8486
GCF_002083055.2_ASM208305v2|NZ_NBTP02000003.1|length=60894	GCF_024662195.1_ASM2466219v1|NZ_CP094600.1|length=30224
GCF_002083055.2_ASM208305v2|NZ_NBTP02000003.1|length=60894	GCF_040790775.1_ASM4079077v1|NZ_CP161183.1|length=30222
GCF_002083055.2_ASM208305v2|NZ_NBTP02000006.1|length=58431	GCF_002083055.2_ASM208305v2|NZ_NBTP02000006.1|length=58431
GCF_002083055.2_ASM208305v2|NZ_NBTP02000006.1|length=58431	GCF_000008685.2_ASM868v2|NC_001857.2|length=53657
GCF_002083055.2_ASM208305v2|NZ_NBTP02000006.1|length=58431	GCF_002151465.1_ASM215146v1|NZ_CP019854.1|length=53650
GCF_002083055.2_ASM208305v2|NZ_NBTP02000006.1|length=58431	GCF_002151485.1_ASM215148v1|NZ_CP019925.1|length=53650
GCF_002083055.2_ASM208305v2|NZ_NBTP02000006.1|length=58431	GCF_002151505.1_ASM215150v1|NZ_CP019765.1|length=53650
GCF_002083055.2_ASM208305v2|NZ_NBTP02000006.1|length=58431	GCF_024662195.1_ASM2466219v1|NZ_CP094615.1|length=53445
GCF_002083055.2_ASM208305v2|NZ_NBTP02000006.1|length=58431	GCF_030439605.1_ASM3043960v2|NZ_CP124091.1|length=53672
GCF_002083055.2_ASM208305v2|NZ_NBTP02000006.1|length=58431	GCF_040790775.1_ASM4079077v1|NZ_CP161175.1|length=53666
GCF_002083055.2_ASM208305v2|NZ_NBTP02000006.1|length=58431	GCF_040790805.1_ASM4079080v1|NZ_CP161192.1|length=53670
GCF_002083055.2_ASM208305v2|NZ_NBTP02000006.1|length=58431	GCF_000181555.2_ASM18155v2|NC_011876.1|length=53885
GCF_002083055.2_ASM208305v2|NZ_NBTP02000006.1|length=58431	GCF_002995915.1_ASM299591v1|NZ_PHOJ01000002.1|length=54117
GCF_002083055.2_ASM208305v2|NZ_NBTP02000006.1|length=58431	GCF_002995935.1_ASM299593v1|NZ_PHOK01000003.1|length=54096
GCF_002083055.2_ASM208305v2|NZ_NBTP02000006.1|length=58431	GCF_002996395.1_ASM299639v1|NZ_PHQF01000002.1|length=53952
GCF_002083055.2_ASM208305v2|NZ_NBTP02000006.1|length=58431	GCF_002996105.1_ASM299610v1|NZ_PHPH01000002.1|length=54269
GCF_002083055.2_ASM208305v2|NZ_NBTP02000006.1|length=58431	GCF_002995985.1_ASM299598v1|NZ_PHOW01000002.1|length=53811
GCF_002083055.2_ASM208305v2|NZ_NBTP02000006.1|length=58431	GCF_002996405.1_ASM299640v1|NZ_PHQH01000003.1|length=53716
GCF_002083055.2_ASM208305v2|NZ_NBTP02000006.1|length=58431	GCF_002996465.1_ASM299646v1|NZ_PHOE01000002.1|length=53878
GCF_002083055.2_ASM208305v2|NZ_NBTP02000006.1|length=58431	GCF_002996475.1_ASM299647v1|NZ_PHOF01000002.1|length=54072
GCF_002083055.2_ASM208305v2|NZ_NBTP02000006.1|length=58431	GCF_002996485.1_ASM299648v1|NZ_PHOG01000002.1|length=53875
GCF_002083055.2_ASM208305v2|NZ_NBTP02000006.1|length=58431	GCF_002996685.1_ASM299668v1|NZ_PHOR01000002.1|length=53872
GCF_002083055.2_ASM208305v2|NZ_NBTP02000006.1|length=58431	GCF_002996865.1_ASM299686v1|NZ_PHPG01000002.1|length=53944
GCF_002083055.2_ASM208305v2|NZ_NBTP02000006.1|length=58431	GCF_002996965.1_ASM299696v1|NZ_PHPM01000002.1|length=53910
GCF_002083055.2_ASM208305v2|NZ_NBTP02000006.1|length=58431	GCF_002997165.1_ASM299716v1|NZ_PHQD01000002.1|length=54819
GCF_002083055.2_ASM208305v2|NZ_NBTP02000006.1|length=58431	GCF_030439665.1_ASM3043966v2|NZ_CP124107.1|length=54709
GCF_002083055.2_ASM208305v2|NZ_NBTP02000006.1|length=58431	GCF_030444985.1_ASM3044498v1|NZ_CP124083.1|length=53667
GCF_002083055.2_ASM208305v2|NZ_NBTP02000006.1|length=58431	GCF_030445025.1_ASM3044502v2|NZ_CP124103.1|length=53675
GCF_002083055.2_ASM208305v2|NZ_NBTP02000006.1|length=58431	GCF_032595515.1_ASM3259551v2|NZ_CP132428.1|length=49389
GCF_002083055.2_ASM208305v2|NZ_NBTP02000006.1|length=58431	GCF_051054285.1_ASM5105428v1|NZ_CP144350.1|length=53780
GCF_002083055.2_ASM208305v2|NZ_NBTP02000006.1|length=58431	GCF_051054305.1_ASM5105430v1|NZ_CP147769.1|length=47252
GCF_002083055.2_ASM208305v2|NZ_NBTP02000006.1|length=58431	GCF_051054345.1_ASM5105434v1|NZ_CP147263.1|length=53579
GCF_002083055.2_ASM208305v2|NZ_NBTP02000006.1|length=58431	GCF_030445065.1_ASM3044506v2|NZ_CP124087.1|length=53232
GCF_002083055.2_ASM208305v2|NZ_NBTP02000006.1|length=58431	GCF_051054485.1_ASM5105448v1|NZ_CP147297.1|length=47221
GCF_002083055.2_ASM208305v2|NZ_NBTP02000007.1|length=88505	GCF_002083055.2_ASM208305v2|NZ_NBTP02000007.1|length=88505
GCF_002083055.2_ASM208305v2|NZ_NBTP02000007.1|length=88505	GCF_000008685.2_ASM868v2|NC_000954.1|length=30651
GCF_002083055.2_ASM208305v2|NZ_NBTP02000007.1|length=88505	GCF_000008685.2_ASM868v2|NC_000956.1|length=52971
GCF_002083055.2_ASM208305v2|NZ_NBTP02000007.1|length=88505	GCF_002151465.1_ASM215146v1|NZ_CP019855.1|length=52971
GCF_002083055.2_ASM208305v2|NZ_NBTP02000007.1|length=88505	GCF_002151485.1_ASM215148v1|NZ_CP019926.1|length=52971
GCF_002083055.2_ASM208305v2|NZ_NBTP02000007.1|length=88505	GCF_002151505.1_ASM215150v1|NZ_CP019760.1|length=30651
GCF_002083055.2_ASM208305v2|NZ_NBTP02000007.1|length=88505	GCF_002151505.1_ASM215150v1|NZ_CP019766.1|length=52951
GCF_002083055.2_ASM208305v2|NZ_NBTP02000007.1|length=88505	GCF_002995885.1_ASM299588v1|NZ_PHOM01000018.1|length=5318
GCF_002083055.2_ASM208305v2|NZ_NBTP02000007.1|length=88505	GCF_002996005.1_ASM299600v1|NZ_PHOT01000016.1|length=6108
GCF_002083055.2_ASM208305v2|NZ_NBTP02000007.1|length=88505	GCF_002996265.1_ASM299626v1|NZ_PHPX01000017.1|length=5104
GCF_002083055.2_ASM208305v2|NZ_NBTP02000007.1|length=88505	GCF_002996305.1_ASM299630v1|NZ_PHPZ01000017.1|length=5565
GCF_002083055.2_ASM208305v2|NZ_NBTP02000007.1|length=88505	GCF_002996345.1_ASM299634v1|NZ_PHQB01000019.1|length=5370
GCF_002083055.2_ASM208305v2|NZ_NBTP02000007.1|length=88505	GCF_002996395.1_ASM299639v1|NZ_PHQF01000019.1|length=5629
GCF_002083055.2_ASM208305v2|NZ_NBTP02000007.1|length=88505	GCF_002996465.1_ASM299646v1|NZ_PHOE01000016.1|length=5533
GCF_002083055.2_ASM208305v2|NZ_NBTP02000007.1|length=88505	GCF_002996475.1_ASM299647v1|NZ_PHOF01000013.1|length=7244
GCF_002083055.2_ASM208305v2|NZ_NBTP02000007.1|length=88505	GCF_002996545.1_ASM299654v1|NZ_PHOH01000015.1|length=6316
GCF_002083055.2_ASM208305v2|NZ_NBTP02000007.1|length=88505	GCF_002996625.1_ASM299662v1|NZ_PHOO01000021.1|length=5318
GCF_002083055.2_ASM208305v2|NZ_NBTP02000007.1|length=88505	GCF_002996685.1_ASM299668v1|NZ_PHOR01000017.1|length=5580
GCF_002083055.2_ASM208305v2|NZ_NBTP02000007.1|length=88505	GCF_002996865.1_ASM299686v1|NZ_PHPG01000020.1|length=6251
GCF_002083055.2_ASM208305v2|NZ_NBTP02000007.1|length=88505	GCF_002997045.1_ASM299704v1|NZ_PHPV01000017.1|length=5533
GCF_002083055.2_ASM208305v2|NZ_NBTP02000007.1|length=88505	GCF_024662195.1_ASM2466219v1|NZ_CP094616.1|length=52696
GCF_002083055.2_ASM208305v2|NZ_NBTP02000007.1|length=88505	GCF_040790775.1_ASM4079077v1|NZ_CP161181.1|length=30655
GCF_002083055.2_ASM208305v2|NZ_NBTP02000007.1|length=88505	GCF_002996265.1_ASM299626v1|NZ_PHPX01000014.1|length=7718
GCF_002083055.2_ASM208305v2|NZ_NBTP02000007.1|length=88505	GCF_024662195.1_ASM2466219v1|NZ_CP094605.1|length=30652
GCF_002083055.2_ASM208305v2|NZ_NBTP02000007.1|length=88505	GCF_030439605.1_ASM3043960v2|NZ_CP179349.1|length=53062
GCF_002083055.2_ASM208305v2|NZ_NBTP02000007.1|length=88505	GCF_040790775.1_ASM4079077v1|NZ_CP161176.1|length=53185
GCF_002083055.2_ASM208305v2|NZ_NBTP02000009.1|length=17358	GCF_002083055.2_ASM208305v2|NZ_NBTP02000009.1|length=17358
GCF_002083055.2_ASM208305v2|NZ_NBTP02000009.1|length=17358	GCF_000008685.2_ASM868v2|NC_001849.2|length=16821
GCF_002083055.2_ASM208305v2|NZ_NBTP02000009.1|length=17358	GCF_002151465.1_ASM215146v1|NZ_CP019851.1|length=16820
GCF_002083055.2_ASM208305v2|NZ_NBTP02000009.1|length=17358	GCF_002151485.1_ASM215148v1|NZ_CP019922.1|length=16800
GCF_002083055.2_ASM208305v2|NZ_NBTP02000009.1|length=17358	GCF_002151505.1_ASM215150v1|NZ_CP019761.1|length=16821
GCF_002083055.2_ASM208305v2|NZ_NBTP02000009.1|length=17358	GCF_024662195.1_ASM2466219v1|NZ_CP094607.1|length=16850
GCF_002083055.2_ASM208305v2|NZ_NBTP02000009.1|length=17358	GCF_030439605.1_ASM3043960v2|NZ_CP124090.1|length=16928
GCF_002083055.2_ASM208305v2|NZ_NBTP02000009.1|length=17358	GCF_030444985.1_ASM3044498v1|NZ_CP124082.1|length=16904
GCF_002083055.2_ASM208305v2|NZ_NBTP02000009.1|length=17358	GCF_040790775.1_ASM4079077v1|NZ_CP161190.1|length=16930
GCF_002083055.2_ASM208305v2|NZ_NBTP02000009.1|length=17358	GCF_040790805.1_ASM4079080v1|NZ_CP161200.1|length=16930
GCF_026572795.1_ASM2657279v1|NZ_CP075244.1|length=905470	GCF_026572795.1_ASM2657279v1|NZ_CP075244.1|length=905470
GCF_026572795.1_ASM2657279v1|NZ_CP075244.1|length=905470	GCF_026572855.1_ASM2657285v1|NZ_CP075247.1|length=905391
GCF_026572815.1_ASM2657281v1|NZ_CP075245.1|length=906205	GCF_026572815.1_ASM2657281v1|NZ_CP075245.1|length=906205
GCF_026572815.1_ASM2657281v1|NZ_CP075245.1|length=906205	GCF_026572675.1_ASM2657267v1|NZ_CP075243.1|length=906059
GCF_026572835.1_ASM2657283v1|NZ_CP075246.1|length=905473	GCF_026572835.1_ASM2657283v1|NZ_CP075246.1|length=905473
GCF_026572875.1_ASM2657287v1|NZ_CP075248.1|length=905841	GCF_026572875.1_ASM2657287v1|NZ_CP075248.1|length=905841
GCF_026572895.1_ASM2657289v1|NZ_CP075249.1|length=905813	GCF_026572895.1_ASM2657289v1|NZ_CP075249.1|length=905813
GCF_026572915.1_ASM2657291v1|NZ_CP075250.1|length=903008	GCF_026572915.1_ASM2657291v1|NZ_CP075250.1|length=903008
GCF_026642275.1_ASM2664227v1|NZ_CP075402.1|length=905915	GCF_026642275.1_ASM2664227v1|NZ_CP075402.1|length=905915
GCF_026642315.1_ASM2664231v1|NZ_CP075404.1|length=905246	GCF_026642315.1_ASM2664231v1|NZ_CP075404.1|length=905246
GCF_026642335.1_ASM2664233v1|NZ_CP075405.1|length=902468	GCF_026642335.1_ASM2664233v1|NZ_CP075405.1|length=902468
GCF_026642355.1_ASM2664235v1|NZ_CP075406.1|length=902872	GCF_026642355.1_ASM2664235v1|NZ_CP075406.1|length=902872
GCF_026642395.1_ASM2664239v1|NZ_CP075408.1|length=905071	GCF_026642395.1_ASM2664239v1|NZ_CP075408.1|length=905071
GCF_026642415.1_ASM2664241v1|NZ_CP075409.1|length=901747	GCF_026642415.1_ASM2664241v1|NZ_CP075409.1|length=901747
GCF_026642435.1_ASM2664243v1|NZ_CP075410.1|length=901747	GCF_026642435.1_ASM2664243v1|NZ_CP075410.1|length=901747
GCF_026642455.1_ASM2664245v1|NZ_CP075411.1|length=905351	GCF_026642455.1_ASM2664245v1|NZ_CP075411.1|length=905351
GCF_026642475.1_ASM2664247v1|NZ_CP075412.1|length=905215	GCF_026642475.1_ASM2664247v1|NZ_CP075412.1|length=905215
GCF_026642515.1_ASM2664251v1|NZ_CP075414.1|length=901906	GCF_026642515.1_ASM2664251v1|NZ_CP075414.1|length=901906
GCF_026642535.1_ASM2664253v1|NZ_CP075415.1|length=902648	GCF_026642535.1_ASM2664253v1|NZ_CP075415.1|length=902648
GCF_026642555.1_ASM2664255v1|NZ_CP075416.1|length=904672	GCF_026642555.1_ASM2664255v1|NZ_CP075416.1|length=904672
GCF_026642575.1_ASM2664257v1|NZ_CP075417.1|length=905217	GCF_026642575.1_ASM2664257v1|NZ_CP075417.1|length=905217
GCF_026642595.1_ASM2664259v1|NZ_CP075418.1|length=905653	GCF_026642595.1_ASM2664259v1|NZ_CP075418.1|length=905653
GCF_026642615.1_ASM2664261v1|NZ_CP075419.1|length=905136	GCF_026642615.1_ASM2664261v1|NZ_CP075419.1|length=905136
GCF_026642635.1_ASM2664263v1|NZ_CP075420.1|length=905189	GCF_026642635.1_ASM2664263v1|NZ_CP075420.1|length=905189
GCF_026642655.1_ASM2664265v1|NZ_CP075421.1|length=901603	GCF_026642655.1_ASM2664265v1|NZ_CP075421.1|length=901603
GCF_026642655.1_ASM2664265v1|NZ_CP075421.1|length=901603	GCF_026642295.1_ASM2664229v1|NZ_CP075403.1|length=901425
GCF_026642675.1_ASM2664267v1|NZ_CP075451.1|length=852383	GCF_026642675.1_ASM2664267v1|NZ_CP075451.1|length=852383
GCF_026642715.1_ASM2664271v1|NZ_CP075422.1|length=901027	GCF_026642715.1_ASM2664271v1|NZ_CP075422.1|length=901027
GCF_026642855.1_ASM2664285v1|NZ_CP075424.1|length=901672	GCF_026642855.1_ASM2664285v1|NZ_CP075424.1|length=901672
GCF_026642955.1_ASM2664295v1|NZ_CP075425.1|length=901711	GCF_026642955.1_ASM2664295v1|NZ_CP075425.1|length=901711
GCF_026643035.1_ASM2664303v1|NZ_CP075426.1|length=901534	GCF_026643035.1_ASM2664303v1|NZ_CP075426.1|length=901534
GCF_026643075.1_ASM2664307v1|NZ_CP075427.1|length=902752	GCF_026643075.1_ASM2664307v1|NZ_CP075427.1|length=902752
GCF_026643075.1_ASM2664307v1|NZ_CP075427.1|length=902752	GCF_026642795.1_ASM2664279v1|NZ_CP075423.1|length=902716
GCF_026643175.1_ASM2664317v1|NZ_CP075428.1|length=902082	GCF_026643175.1_ASM2664317v1|NZ_CP075428.1|length=902082
GCF_026643255.1_ASM2664325v1|NZ_CP075429.1|length=896387	GCF_026643255.1_ASM2664325v1|NZ_CP075429.1|length=896387
GCF_026643295.1_ASM2664329v1|NZ_CP075430.1|length=902415	GCF_026643295.1_ASM2664329v1|NZ_CP075430.1|length=902415
GCF_026643355.1_ASM2664335v1|NZ_CP075431.1|length=888870	GCF_026643355.1_ASM2664335v1|NZ_CP075431.1|length=888870
GCF_026643375.1_ASM2664337v1|NZ_CP075432.1|length=901814	GCF_026643375.1_ASM2664337v1|NZ_CP075432.1|length=901814
GCF_026643395.1_ASM2664339v1|NZ_CP075433.1|length=901662	GCF_026643395.1_ASM2664339v1|NZ_CP075433.1|length=901662
GCF_026643415.1_ASM2664341v1|NZ_CP075434.1|length=901601	GCF_026643415.1_ASM2664341v1|NZ_CP075434.1|length=901601
GCF_026643435.1_ASM2664343v1|NZ_CP075435.1|length=898477	GCF_026643435.1_ASM2664343v1|NZ_CP075435.1|length=898477
GCF_026643455.2_ASM2664345v2|NZ_CP075436.2|length=906103	GCF_026643455.2_ASM2664345v2|NZ_CP075436.2|length=906103
GCF_026643455.2_ASM2664345v2|NZ_CP119357.1|length=9361	GCF_026643455.2_ASM2664345v2|NZ_CP119357.1|length=9361
GCF_026643455.2_ASM2664345v2|NZ_CP119348.1|length=32676	GCF_026643455.2_ASM2664345v2|NZ_CP119348.1|length=32676
GCF_026643455.2_ASM2664345v2|NZ_CP119351.1|length=29334	GCF_026643455.2_ASM2664345v2|NZ_CP119351.1|length=29334
GCF_026643455.2_ASM2664345v2|NZ_CP119351.1|length=29334	GCF_032603535.1_ASM3260353v1|NZ_CP117891.1|length=26308
GCF_026643455.2_ASM2664345v2|NZ_CP119351.1|length=29334	GCF_032604805.1_ASM3260480v1|NZ_CP117898.1|length=19876
GCF_026643455.2_ASM2664345v2|NZ_CP119350.1|length=29494	GCF_026643455.2_ASM2664345v2|NZ_CP119350.1|length=29494
GCF_026643455.2_ASM2664345v2|NZ_CP119356.1|length=30240	GCF_026643455.2_ASM2664345v2|NZ_CP119356.1|length=30240
GCF_026643455.2_ASM2664345v2|NZ_CP119355.1|length=24692	GCF_026643455.2_ASM2664345v2|NZ_CP119355.1|length=24692
GCF_026643475.1_ASM2664347v1|NZ_CP075437.1|length=906155	GCF_026643475.1_ASM2664347v1|NZ_CP075437.1|length=906155
GCF_026643495.1_ASM2664349v1|NZ_CP075438.1|length=895431	GCF_026643495.1_ASM2664349v1|NZ_CP075438.1|length=895431
GCF_026643515.1_ASM2664351v1|NZ_CP075439.1|length=866149	GCF_026643515.1_ASM2664351v1|NZ_CP075439.1|length=866149
GCF_026643555.1_ASM2664355v1|NZ_CP075441.1|length=899896	GCF_026643555.1_ASM2664355v1|NZ_CP075441.1|length=899896
GCF_026643575.1_ASM2664357v1|NZ_CP075442.1|length=899763	GCF_026643575.1_ASM2664357v1|NZ_CP075442.1|length=899763
GCF_026643595.1_ASM2664359v1|NZ_CP075443.1|length=900162	GCF_026643595.1_ASM2664359v1|NZ_CP075443.1|length=900162
GCF_026643595.1_ASM2664359v1|NZ_CP075443.1|length=900162	GCF_026644375.1_ASM2664437v1|NZ_CP075447.1|length=900173
GCF_026644015.1_ASM2664401v1|NZ_CP075445.1|length=867990	GCF_026644015.1_ASM2664401v1|NZ_CP075445.1|length=867990
GCF_026644475.1_ASM2664447v1|NZ_CP075448.1|length=903227	GCF_026644475.1_ASM2664447v1|NZ_CP075448.1|length=903227
GCF_026644635.1_ASM2664463v1|NZ_CP075449.1|length=900022	GCF_026644635.1_ASM2664463v1|NZ_CP075449.1|length=900022
GCF_026644785.1_ASM2664478v1|NZ_CP075450.1|length=901903	GCF_026644785.1_ASM2664478v1|NZ_CP075450.1|length=901903
GCF_030439605.1_ASM3043960v2|NZ_CP179354.1|length=30710	GCF_030439605.1_ASM3043960v2|NZ_CP179354.1|length=30710
GCF_030439605.1_ASM3043960v2|NZ_CP179357.1|length=30693	GCF_030439605.1_ASM3043960v2|NZ_CP179357.1|length=30693
GCF_030439605.1_ASM3043960v2|NZ_CP179357.1|length=30693	GCF_002996545.1_ASM299654v1|NZ_PHOH01000014.1|length=6814
GCF_030439605.1_ASM3043960v2|NZ_CP179358.1|length=30000	GCF_030439605.1_ASM3043960v2|NZ_CP179358.1|length=30000
GCF_030439625.1_ASM3043962v2|NZ_CP179340.1|length=27899	GCF_030439625.1_ASM3043962v2|NZ_CP179340.1|length=27899
GCF_030439625.1_ASM3043962v2|NZ_CP179340.1|length=27899	GCF_030445005.1_ASM3044500v2|NZ_CP179328.1|length=27906
GCF_030439625.1_ASM3043962v2|NZ_CP179338.1|length=28193	GCF_030439625.1_ASM3043962v2|NZ_CP179338.1|length=28193
GCF_030439625.1_ASM3043962v2|NZ_CP179338.1|length=28193	GCF_030445005.1_ASM3044500v2|NZ_CP179333.1|length=28194
GCF_030439625.1_ASM3043962v2|NZ_CP179338.1|length=28193	GCF_030445025.1_ASM3044502v2|NZ_CP179324.1|length=28225
GCF_030439625.1_ASM3043962v2|NZ_CP179338.1|length=28193	GCF_032595375.1_ASM3259537v2|NZ_CP179314.1|length=28107
GCF_030439625.1_ASM3043962v2|NZ_CP179338.1|length=28193	GCF_032595515.1_ASM3259551v2|NZ_CP179305.1|length=28198
GCF_030439625.1_ASM3043962v2|NZ_CP179338.1|length=28193	GCF_040819585.1_PFhe_I_PB_Ill_cons|NZ_CP161916.1|length=28224
GCF_030439625.1_ASM3043962v2|NZ_CP179343.1|length=30598	GCF_030439625.1_ASM3043962v2|NZ_CP179343.1|length=30598
GCF_030439625.1_ASM3043962v2|NZ_CP179343.1|length=30598	GCF_000021405.1_ASM2140v1|NC_011722.1|length=30467
GCF_030439625.1_ASM3043962v2|NZ_CP179343.1|length=30598	GCF_002996385.1_ASM299638v1|NZ_PHQE01000013.1|length=13500
GCF_030439625.1_ASM3043962v2|NZ_CP179343.1|length=30598	GCF_030445005.1_ASM3044500v2|NZ_CP179335.1|length=30598
GCF_030439625.1_ASM3043962v2|NZ_CP124095.1|length=53730	GCF_030439625.1_ASM3043962v2|NZ_CP124095.1|length=53730
GCF_030439625.1_ASM3043962v2|NZ_CP124095.1|length=53730	GCF_030445005.1_ASM3044500v2|NZ_CP124099.1|length=53730
GCF_030439625.1_ASM3043962v2|NZ_CP124095.1|length=53730	GCF_032595375.1_ASM3259537v2|NZ_CP132422.1|length=53682
GCF_030439665.1_ASM3043966v2|NZ_CP124108.1|length=902811	GCF_030439665.1_ASM3043966v2|NZ_CP124108.1|length=902811
GCF_002151465.1_ASM215146v1|NZ_CP019850.1|length=30580	GCF_002151465.1_ASM215146v1|NZ_CP019850.1|length=30580
GCF_002151465.1_ASM215146v1|NZ_CP019850.1|length=30580	GCF_040790805.1_ASM4079080v1|NZ_CP161202.1|length=12294
GCF_002151465.1_ASM215146v1|NZ_CP019850.1|length=30580	GCF_030445025.1_ASM3044502v2|NZ_CP179325.1|length=30592
GCF_002151465.1_ASM215146v1|NZ_CP019850.1|length=30580	GCF_032595515.1_ASM3259551v2|NZ_CP179308.1|length=30597
GCF_002151485.1_ASM215148v1|NZ_CP019919.1|length=31245	GCF_002151485.1_ASM215148v1|NZ_CP019919.1|length=31245
GCF_002151485.1_ASM215148v1|NZ_CP019919.1|length=31245	GCF_002151505.1_ASM215150v1|NZ_CP019757.1|length=31245
GCF_002151485.1_ASM215148v1|NZ_CP019919.1|length=31245	GCF_030439605.1_ASM3043960v2|NZ_CP179351.1|length=31245
GCF_002151485.1_ASM215148v1|NZ_CP019921.1|length=62238	GCF_002151485.1_ASM215148v1|NZ_CP019921.1|length=62238
GCF_002151485.1_ASM215148v1|NZ_CP019921.1|length=62238	GCF_000008685.2_ASM868v2|NC_000950.1|length=30299
GCF_002151485.1_ASM215148v1|NZ_CP019921.1|length=62238	GCF_002083055.2_ASM208305v2|NZ_NBTP02000002.1|length=30299
GCF_002151485.1_ASM215148v1|NZ_CP019921.1|length=62238	GCF_002151465.1_ASM215146v1|NZ_CP019848.1|length=30299
GCF_002151485.1_ASM215148v1|NZ_CP019921.1|length=62238	GCF_002151505.1_ASM215150v1|NZ_CP019759.1|length=30300
GCF_002151485.1_ASM215148v1|NZ_CP019921.1|length=62238	GCF_002996265.1_ASM299626v1|NZ_PHPX01000015.1|length=5821
GCF_002151485.1_ASM215148v1|NZ_CP019921.1|length=62238	GCF_002996965.1_ASM299696v1|NZ_PHPM01000020.1|length=5189
GCF_002151485.1_ASM215148v1|NZ_CP019921.1|length=62238	GCF_040790775.1_ASM4079077v1|NZ_CP161182.1|length=30300
GCF_002151485.1_ASM215148v1|NZ_CP019921.1|length=62238	GCF_040790805.1_ASM4079080v1|NZ_CP161195.1|length=30468
GCF_002151485.1_ASM215148v1|NZ_CP019921.1|length=62238	GCF_024662195.1_ASM2466219v1|NZ_CP094601.1|length=30300
GCF_002151485.1_ASM215148v1|NZ_CP019921.1|length=62238	GCF_030439605.1_ASM3043960v2|NZ_CP179355.1|length=60907
GCF_002151505.1_ASM215150v1|NZ_CP019756.1|length=61418	GCF_002151505.1_ASM215150v1|NZ_CP019756.1|length=61418
GCF_002151505.1_ASM215150v1|NZ_CP019756.1|length=61418	GCF_002083055.2_ASM208305v2|NZ_NBTP02000005.1|length=28137
GCF_002151505.1_ASM215150v1|NZ_CP019756.1|length=61418	GCF_002151465.1_ASM215146v1|NZ_CP019846.1|length=30726
GCF_002151505.1_ASM215150v1|NZ_CP019756.1|length=61418	GCF_002151465.1_ASM215146v1|NZ_CP019849.1|length=30674
GCF_002151505.1_ASM215150v1|NZ_CP019756.1|length=61418	GCF_002151485.1_ASM215148v1|NZ_CP019918.1|length=56632
GCF_002151505.1_ASM215150v1|NZ_CP019756.1|length=61418	GCF_002996005.1_ASM299600v1|NZ_PHOT01000019.1|length=5028
GCF_002151505.1_ASM215150v1|NZ_CP019756.1|length=61418	GCF_002996125.1_ASM299612v1|NZ_PHPF01000023.1|length=5200
GCF_002151505.1_ASM215150v1|NZ_CP019756.1|length=61418	GCF_002996245.1_ASM299624v1|NZ_PHPS01000018.1|length=7369
GCF_002151505.1_ASM215150v1|NZ_CP019756.1|length=61418	GCF_002996265.1_ASM299626v1|NZ_PHPX01000018.1|length=5074
GCF_002151505.1_ASM215150v1|NZ_CP019756.1|length=61418	GCF_002996865.1_ASM299686v1|NZ_PHPG01000016.1|length=7034
GCF_002151505.1_ASM215150v1|NZ_CP019756.1|length=61418	GCF_002996925.1_ASM299692v1|NZ_PHPP01000017.1|length=7369
GCF_002151505.1_ASM215150v1|NZ_CP019756.1|length=61418	GCF_002997045.1_ASM299704v1|NZ_PHPV01000019.1|length=5446
GCF_002151505.1_ASM215150v1|NZ_CP019756.1|length=61418	GCF_040790805.1_ASM4079080v1|NZ_CP161194.1|length=30678
GCF_002151505.1_ASM215150v1|NZ_CP019756.1|length=61418	GCF_002997205.1_ASM299720v1|NZ_PHQL01000016.1|length=6090
GCF_002442595.2_ASM244259v2|NZ_CP017201.2|length=903654	GCF_002442595.2_ASM244259v2|NZ_CP017201.2|length=903654
GCF_002442595.2_ASM244259v2|NZ_CP017201.2|length=903654	GCF_024662155.1_ASM2466215v1|NZ_CP094561.1|length=903249
GCF_002442595.2_ASM244259v2|NZ_CP017201.2|length=903654	GCF_019464575.1_ASM1946457v1|NZ_CP074054.1|length=903660
GCF_002442595.2_ASM244259v2|NZ_CP017202.2|length=26506	GCF_002442595.2_ASM244259v2|NZ_CP017202.2|length=26506
GCF_002442595.2_ASM244259v2|NZ_CP017203.1|length=29892	GCF_002442595.2_ASM244259v2|NZ_CP017203.1|length=29892
GCF_002442595.2_ASM244259v2|NZ_CP017203.1|length=29892	GCF_019464575.1_ASM1946457v1|NZ_CP074070.1|length=29890
GCF_002442595.2_ASM244259v2|NZ_CP017203.1|length=29892	GCF_024662155.1_ASM2466215v1|NZ_CP094568.1|length=29893
GCF_002442595.2_ASM244259v2|NZ_CP017204.1|length=30192	GCF_002442595.2_ASM244259v2|NZ_CP017204.1|length=30192
GCF_002442595.2_ASM244259v2|NZ_CP017204.1|length=30192	GCF_019464575.1_ASM1946457v1|NZ_CP074065.1|length=30189
GCF_002442595.2_ASM244259v2|NZ_CP017204.1|length=30192	GCF_024662155.1_ASM2466215v1|NZ_CP094564.1|length=30193
GCF_002442595.2_ASM244259v2|NZ_CP017204.1|length=30192	GCF_002995935.1_ASM299593v1|NZ_PHOK01000011.1|length=9478
GCF_002442595.2_ASM244259v2|NZ_CP017205.1|length=30176	GCF_002442595.2_ASM244259v2|NZ_CP017205.1|length=30176
GCF_002442595.2_ASM244259v2|NZ_CP017205.1|length=30176	GCF_002995885.1_ASM299588v1|NZ_PHOM01000017.1|length=5617
GCF_002442595.2_ASM244259v2|NZ_CP017205.1|length=30176	GCF_002996125.1_ASM299612v1|NZ_PHPF01000017.1|length=7180
GCF_002442595.2_ASM244259v2|NZ_CP017205.1|length=30176	GCF_002996125.1_ASM299612v1|NZ_PHPF01000021.1|length=5475
GCF_002442595.2_ASM244259v2|NZ_CP017205.1|length=30176	GCF_002996395.1_ASM299639v1|NZ_PHQF01000018.1|length=5877
GCF_002442595.2_ASM244259v2|NZ_CP017205.1|length=30176	GCF_002996625.1_ASM299662v1|NZ_PHOO01000020.1|length=5406
GCF_002442595.2_ASM244259v2|NZ_CP017205.1|length=30176	GCF_002997085.1_ASM299708v1|NZ_PHPW01000016.1|length=5664
GCF_002442595.2_ASM244259v2|NZ_CP017205.1|length=30176	GCF_002997085.1_ASM299708v1|NZ_PHPW01000018.1|length=5262
GCF_002442595.2_ASM244259v2|NZ_CP017205.1|length=30176	GCF_019464575.1_ASM1946457v1|NZ_CP074071.1|length=30176
GCF_002442595.2_ASM244259v2|NZ_CP017205.1|length=30176	GCF_024662155.1_ASM2466215v1|NZ_CP094563.1|length=30177
GCF_002442595.2_ASM244259v2|NZ_CP017206.1|length=30617	GCF_002442595.2_ASM244259v2|NZ_CP017206.1|length=30617
GCF_002442595.2_ASM244259v2|NZ_CP017206.1|length=30617	GCF_002996965.1_ASM299696v1|NZ_PHPM01000012.1|length=9865
GCF_002442595.2_ASM244259v2|NZ_CP017206.1|length=30617	GCF_019464575.1_ASM1946457v1|NZ_CP074066.1|length=30617
GCF_002442595.2_ASM244259v2|NZ_CP017206.1|length=30617	GCF_002997065.1_ASM299706v1|NZ_PHQA01000012.1|length=10919
GCF_002442595.2_ASM244259v2|NZ_CP017206.1|length=30617	GCF_002997205.1_ASM299720v1|NZ_PHQL01000012.1|length=10042
GCF_002442595.2_ASM244259v2|NZ_CP017207.1|length=18340	GCF_002442595.2_ASM244259v2|NZ_CP017207.1|length=18340
GCF_002442595.2_ASM244259v2|NZ_CP017207.1|length=18340	GCF_019464575.1_ASM1946457v1|NZ_CP074067.1|length=18341
GCF_002442595.2_ASM244259v2|NZ_CP017207.1|length=18340	GCF_024662155.1_ASM2466215v1|NZ_CP094565.1|length=18341
GCF_002442595.2_ASM244259v2|NZ_CP017208.1|length=30017	GCF_002442595.2_ASM244259v2|NZ_CP017208.1|length=30017
GCF_002442595.2_ASM244259v2|NZ_CP017208.1|length=30017	GCF_019464575.1_ASM1946457v1|NZ_CP074068.1|length=30008
GCF_002442595.2_ASM244259v2|NZ_CP017208.1|length=30017	GCF_024662155.1_ASM2466215v1|NZ_CP094566.1|length=30019
GCF_002442595.2_ASM244259v2|NZ_CP017209.1|length=30054	GCF_002442595.2_ASM244259v2|NZ_CP017209.1|length=30054
GCF_002442595.2_ASM244259v2|NZ_CP017209.1|length=30054	GCF_019464575.1_ASM1946457v1|NZ_CP074069.1|length=30054
GCF_002442595.2_ASM244259v2|NZ_CP017209.1|length=30054	GCF_024662155.1_ASM2466215v1|NZ_CP094567.1|length=30055
GCF_002442595.2_ASM244259v2|NZ_CP017211.1|length=15594	GCF_002442595.2_ASM244259v2|NZ_CP017211.1|length=15594
GCF_002442595.2_ASM244259v2|NZ_CP017211.1|length=15594	GCF_024662155.1_ASM2466215v1|NZ_CP094569.1|length=15444
GCF_002442595.2_ASM244259v2|NZ_CP017213.1|length=27643	GCF_002442595.2_ASM244259v2|NZ_CP017213.1|length=27643
GCF_002442595.2_ASM244259v2|NZ_CP017213.1|length=27643	GCF_019464575.1_ASM1946457v1|NZ_CP074060.1|length=27653
GCF_002442595.2_ASM244259v2|NZ_CP017213.1|length=27643	GCF_024662155.1_ASM2466215v1|NZ_CP094572.1|length=27525
GCF_002442595.2_ASM244259v2|NZ_CP017214.1|length=23104	GCF_002442595.2_ASM244259v2|NZ_CP017214.1|length=23104
GCF_002442595.2_ASM244259v2|NZ_CP017214.1|length=23104	GCF_002996005.1_ASM299600v1|NZ_PHOT01000010.1|length=18789
GCF_002442595.2_ASM244259v2|NZ_CP017214.1|length=23104	GCF_002996605.1_ASM299660v1|NZ_PHON01000013.1|length=14583
GCF_002442595.2_ASM244259v2|NZ_CP017214.1|length=23104	GCF_024662155.1_ASM2466215v1|NZ_CP094571.1|length=22481
GCF_002442595.2_ASM244259v2|NZ_CP017217.1|length=38925	GCF_002442595.2_ASM244259v2|NZ_CP017217.1|length=38925
GCF_002442595.2_ASM244259v2|NZ_CP017217.1|length=38925	GCF_002996405.1_ASM299640v1|NZ_PHQH01000021.1|length=5410
GCF_002442595.2_ASM244259v2|NZ_CP017217.1|length=38925	GCF_002997085.1_ASM299708v1|NZ_PHPW01000017.1|length=5441
GCF_002442595.2_ASM244259v2|NZ_CP017217.1|length=38925	GCF_019464575.1_ASM1946457v1|NZ_CP074058.1|length=38930
GCF_002442595.2_ASM244259v2|NZ_CP017217.1|length=38925	GCF_024662155.1_ASM2466215v1|NZ_CP094576.1|length=38839
GCF_002442595.2_ASM244259v2|NZ_CP017217.1|length=38925	GCF_051054405.1_ASM5105440v1|NZ_CP147272.1|length=12353
GCF_002442595.2_ASM244259v2|NZ_CP017217.1|length=38925	GCF_002995935.1_ASM299593v1|NZ_PHOK01000012.1|length=8393
GCF_002442595.2_ASM244259v2|NZ_CP017217.1|length=38925	GCF_002996395.1_ASM299639v1|NZ_PHQF01000015.1|length=7794
GCF_002442595.2_ASM244259v2|NZ_CP017217.1|length=38925	GCF_002996265.1_ASM299626v1|NZ_PHPX01000008.1|length=21240
GCF_002442595.2_ASM244259v2|NZ_CP017217.1|length=38925	GCF_002996385.1_ASM299638v1|NZ_PHQE01000010.1|length=21218
GCF_002442595.2_ASM244259v2|NZ_CP017217.1|length=38925	GCF_002997085.1_ASM299708v1|NZ_PHPW01000009.1|length=22273
GCF_002442595.2_ASM244259v2|NZ_CP017219.1|length=27681	GCF_002442595.2_ASM244259v2|NZ_CP017219.1|length=27681
GCF_002442595.2_ASM244259v2|NZ_CP017219.1|length=27681	GCF_002996405.1_ASM299640v1|NZ_PHQH01000013.1|length=7980
GCF_002442595.2_ASM244259v2|NZ_CP017219.1|length=27681	GCF_024662155.1_ASM2466215v1|NZ_CP094578.1|length=27231
GCF_002442595.2_ASM244259v2|NZ_CP017219.1|length=27681	GCF_019464575.1_ASM1946457v1|NZ_CP074064.1|length=27715
GCF_002995865.1_ASM299586v1|NZ_PHOD01000001.1|length=902774	GCF_002995865.1_ASM299586v1|NZ_PHOD01000001.1|length=902774
GCF_002995865.1_ASM299586v1|NZ_PHOD01000011.1|length=18423	GCF_002995865.1_ASM299586v1|NZ_PHOD01000011.1|length=18423
GCF_002995865.1_ASM299586v1|NZ_PHOD01000012.1|length=16257	GCF_002995865.1_ASM299586v1|NZ_PHOD01000012.1|length=16257
GCF_002995865.1_ASM299586v1|NZ_PHOD01000012.1|length=16257	GCF_030439665.1_ASM3043966v2|NZ_CP124106.1|length=16096
GCF_002995865.1_ASM299586v1|NZ_PHOD01000009.1|length=22241	GCF_002995865.1_ASM299586v1|NZ_PHOD01000009.1|length=22241
GCF_002995885.1_ASM299588v1|NZ_PHOM01000001.1|length=912332	GCF_002995885.1_ASM299588v1|NZ_PHOM01000001.1|length=912332
GCF_002995885.1_ASM299588v1|NZ_PHOM01000005.1|length=26642	GCF_002995885.1_ASM299588v1|NZ_PHOM01000005.1|length=26642
GCF_002995885.1_ASM299588v1|NZ_PHOM01000005.1|length=26642	GCF_002996475.1_ASM299647v1|NZ_PHOF01000005.1|length=26648
GCF_002995885.1_ASM299588v1|NZ_PHOM01000005.1|length=26642	GCF_002996585.1_ASM299658v1|NZ_PHOL01000005.1|length=26646
GCF_002995885.1_ASM299588v1|NZ_PHOM01000005.1|length=26642	GCF_002997285.1_ASM299728v1|NZ_PHQO01000005.1|length=26648
GCF_002995885.1_ASM299588v1|NZ_PHOM01000005.1|length=26642	GCF_002995935.1_ASM299593v1|NZ_PHOK01000006.1|length=26630
GCF_002995885.1_ASM299588v1|NZ_PHOM01000005.1|length=26642	GCF_002996395.1_ASM299639v1|NZ_PHQF01000007.1|length=26630
GCF_002995885.1_ASM299588v1|NZ_PHOM01000005.1|length=26642	GCF_002996005.1_ASM299600v1|NZ_PHOT01000007.1|length=26652
GCF_002995885.1_ASM299588v1|NZ_PHOM01000005.1|length=26642	GCF_002996265.1_ASM299626v1|NZ_PHPX01000006.1|length=26650
GCF_002995885.1_ASM299588v1|NZ_PHOM01000005.1|length=26642	GCF_002996025.1_ASM299602v1|NZ_PHOV01000007.1|length=26649
GCF_002995885.1_ASM299588v1|NZ_PHOM01000005.1|length=26642	GCF_002996545.1_ASM299654v1|NZ_PHOH01000009.1|length=26638
GCF_002995885.1_ASM299588v1|NZ_PHOM01000005.1|length=26642	GCF_002996605.1_ASM299660v1|NZ_PHON01000008.1|length=26638
GCF_002995885.1_ASM299588v1|NZ_PHOM01000005.1|length=26642	GCF_002996165.1_ASM299616v1|NZ_PHPK01000005.1|length=26656
GCF_002995885.1_ASM299588v1|NZ_PHOM01000005.1|length=26642	GCF_002996645.1_ASM299664v1|NZ_PHOP01000006.1|length=26644
GCF_002995885.1_ASM299588v1|NZ_PHOM01000005.1|length=26642	GCF_002997145.1_ASM299714v1|NZ_PHQJ01000007.1|length=26656
GCF_002995885.1_ASM299588v1|NZ_PHOM01000005.1|length=26642	GCF_002997265.1_ASM299726v1|NZ_PHQN01000005.1|length=26656
GCF_002995885.1_ASM299588v1|NZ_PHOM01000005.1|length=26642	GCF_002996405.1_ASM299640v1|NZ_PHQH01000004.1|length=26634
GCF_002995915.1_ASM299591v1|NZ_PHOJ01000001.1|length=899098	GCF_002995915.1_ASM299591v1|NZ_PHOJ01000001.1|length=899098
GCF_002995915.1_ASM299591v1|NZ_PHOJ01000011.1|length=11727	GCF_002995915.1_ASM299591v1|NZ_PHOJ01000011.1|length=11727
GCF_002996105.1_ASM299610v1|NZ_PHPH01000006.1|length=27895	GCF_002996105.1_ASM299610v1|NZ_PHPH01000006.1|length=27895
GCF_002996125.1_ASM299612v1|NZ_PHPF01000012.1|length=9588	GCF_002996125.1_ASM299612v1|NZ_PHPF01000012.1|length=9588
GCF_002996125.1_ASM299612v1|NZ_PHPF01000002.1|length=53905	GCF_002996125.1_ASM299612v1|NZ_PHPF01000002.1|length=53905
GCF_002996125.1_ASM299612v1|NZ_PHPF01000002.1|length=53905	GCF_000181555.2_ASM18155v2|NC_011868.1|length=30302
GCF_002996125.1_ASM299612v1|NZ_PHPF01000002.1|length=53905	GCF_002995885.1_ASM299588v1|NZ_PHOM01000003.1|length=30215
GCF_002996125.1_ASM299612v1|NZ_PHPF01000002.1|length=53905	GCF_002996625.1_ASM299662v1|NZ_PHOO01000003.1|length=30492
GCF_002996125.1_ASM299612v1|NZ_PHPF01000002.1|length=53905	GCF_002997285.1_ASM299728v1|NZ_PHQO01000003.1|length=30367
GCF_002996125.1_ASM299612v1|NZ_PHPF01000002.1|length=53905	GCF_024662175.1_ASM2466217v1|NZ_CP094595.1|length=29988
GCF_002996125.1_ASM299612v1|NZ_PHPF01000002.1|length=53905	GCF_030440345.1_ASM3044034v2|NZ_CP179414.1|length=23697
GCF_002996125.1_ASM299612v1|NZ_PHPF01000002.1|length=53905	GCF_030440345.1_ASM3044034v2|NZ_CP179410.1|length=30317
GCF_002996125.1_ASM299612v1|NZ_PHPF01000002.1|length=53905	GCF_040790795.1_ASM4079079v1|NZ_CP161170.1|length=23696
GCF_002996125.1_ASM299612v1|NZ_PHPF01000002.1|length=53905	GCF_040790795.1_ASM4079079v1|NZ_CP161160.1|length=30318
GCF_002996125.1_ASM299612v1|NZ_PHPF01000002.1|length=53905	GCF_002996585.1_ASM299658v1|NZ_PHOL01000007.1|length=23898
GCF_002996125.1_ASM299612v1|NZ_PHPF01000002.1|length=53905	GCF_002995885.1_ASM299588v1|NZ_PHOM01000008.1|length=23521
GCF_002996125.1_ASM299612v1|NZ_PHPF01000002.1|length=53905	GCF_002996625.1_ASM299662v1|NZ_PHOO01000007.1|length=23690
GCF_002996125.1_ASM299612v1|NZ_PHPF01000002.1|length=53905	GCF_040790715.1_ASM4079071v1|NZ_CP161156.1|length=23677
GCF_002996125.1_ASM299612v1|NZ_PHPF01000005.1|length=27867	GCF_002996125.1_ASM299612v1|NZ_PHPF01000005.1|length=27867
GCF_002996125.1_ASM299612v1|NZ_PHPF01000006.1|length=26644	GCF_002996125.1_ASM299612v1|NZ_PHPF01000006.1|length=26644
GCF_002996125.1_ASM299612v1|NZ_PHPF01000006.1|length=26644	GCF_002996245.1_ASM299624v1|NZ_PHPS01000007.1|length=26625
GCF_002996125.1_ASM299612v1|NZ_PHPF01000006.1|length=26644	GCF_002996305.1_ASM299630v1|NZ_PHPZ01000005.1|length=25158
GCF_002996125.1_ASM299612v1|NZ_PHPF01000006.1|length=26644	GCF_002996345.1_ASM299634v1|NZ_PHQB01000004.1|length=25158
GCF_002996125.1_ASM299612v1|NZ_PHPF01000006.1|length=26644	GCF_002996365.1_ASM299636v1|NZ_PHQC01000005.1|length=25158
GCF_002996125.1_ASM299612v1|NZ_PHPF01000006.1|length=26644	GCF_002997045.1_ASM299704v1|NZ_PHPV01000005.1|length=25158
GCF_002996125.1_ASM299612v1|NZ_PHPF01000006.1|length=26644	GCF_002997105.1_ASM299710v1|NZ_PHPY01000005.1|length=25158
GCF_002996125.1_ASM299612v1|NZ_PHPF01000006.1|length=26644	GCF_002997165.1_ASM299716v1|NZ_PHQD01000005.1|length=25158
GCF_002996125.1_ASM299612v1|NZ_PHPF01000006.1|length=26644	GCF_002996385.1_ASM299638v1|NZ_PHQE01000008.1|length=26614
GCF_002996125.1_ASM299612v1|NZ_PHPF01000006.1|length=26644	GCF_002995865.1_ASM299586v1|NZ_PHOD01000007.1|length=25129
GCF_002996125.1_ASM299612v1|NZ_PHPF01000006.1|length=26644	GCF_002996705.1_ASM299670v1|NZ_PHOU01000006.1|length=25167
GCF_002996125.1_ASM299612v1|NZ_PHPF01000006.1|length=26644	GCF_002997245.1_ASM299724v1|NZ_PHQM01000005.1|length=26656
GCF_002996125.1_ASM299612v1|NZ_PHPF01000006.1|length=26644	GCF_051054405.1_ASM5105440v1|NZ_CP147266.1|length=26683
GCF_002996125.1_ASM299612v1|NZ_PHPF01000006.1|length=26644	GCF_002997085.1_ASM299708v1|NZ_PHPW01000006.1|length=26633
GCF_002996125.1_ASM299612v1|NZ_PHPF01000006.1|length=26644	GCF_051054285.1_ASM5105428v1|NZ_CP144342.1|length=26583
GCF_002996125.1_ASM299612v1|NZ_PHPF01000006.1|length=26644	GCF_051054485.1_ASM5105448v1|NZ_CP147287.1|length=26583
GCF_002996125.1_ASM299612v1|NZ_PHPF01000006.1|length=26644	GCF_051054475.1_ASM5105447v1|NZ_CP147275.1|length=26584
GCF_002996125.1_ASM299612v1|NZ_PHPF01000006.1|length=26644	GCF_051054855.1_ASM5105485v1|NZ_CP147299.1|length=26588
GCF_002996165.1_ASM299616v1|NZ_PHPK01000001.1|length=910083	GCF_002996165.1_ASM299616v1|NZ_PHPK01000001.1|length=910083
GCF_002996165.1_ASM299616v1|NZ_PHPK01000006.1|length=26528	GCF_002996165.1_ASM299616v1|NZ_PHPK01000006.1|length=26528
GCF_002996245.1_ASM299624v1|NZ_PHPS01000011.1|length=20310	GCF_002996245.1_ASM299624v1|NZ_PHPS01000011.1|length=20310
GCF_002996245.1_ASM299624v1|NZ_PHPS01000002.1|length=53859	GCF_002996245.1_ASM299624v1|NZ_PHPS01000002.1|length=53859
GCF_002996245.1_ASM299624v1|NZ_PHPS01000002.1|length=53859	GCF_000166635.1_ASM16663v1|NC_013130.1|length=53786
GCF_002996245.1_ASM299624v1|NZ_PHPS01000002.1|length=53859	GCF_002996925.1_ASM299692v1|NZ_PHPP01000002.1|length=53799
GCF_002996245.1_ASM299624v1|NZ_PHPS01000002.1|length=53859	GCF_040790745.1_ASM4079074v1|NZ_CP161074.1|length=53841
GCF_002996245.1_ASM299624v1|NZ_PHPS01000009.1|length=22002	GCF_002996245.1_ASM299624v1|NZ_PHPS01000009.1|length=22002
GCF_002996265.1_ASM299626v1|NZ_PHPX01000001.1|length=910205	GCF_002996265.1_ASM299626v1|NZ_PHPX01000001.1|length=910205
GCF_002996265.1_ASM299626v1|NZ_PHPX01000001.1|length=910205	GCF_002996545.1_ASM299654v1|NZ_PHOH01000001.1|length=909757
GCF_002996265.1_ASM299626v1|NZ_PHPX01000001.1|length=910205	GCF_002997145.1_ASM299714v1|NZ_PHQJ01000001.1|length=910005
GCF_002996265.1_ASM299626v1|NZ_PHPX01000001.1|length=910205	GCF_040790765.1_ASM4079076v1|NZ_CP161107.1|length=910079
GCF_002996265.1_ASM299626v1|NZ_PHPX01000001.1|length=910205	GCF_019134655.1_ASM1913465v1|NZ_CP077727.1|length=909995
GCF_002996265.1_ASM299626v1|NZ_PHPX01000001.1|length=910205	GCF_044941625.1_ASM4494162v1|NZ_CP132437.1|length=909798
GCF_002996265.1_ASM299626v1|NZ_PHPX01000001.1|length=910205	GCF_032595535.1_ASM3259553v1|NZ_CP132429.1|length=909722
GCF_030439665.1_ASM3043966v2|NZ_CP179297.1|length=8521	GCF_030439665.1_ASM3043966v2|NZ_CP179297.1|length=8521
GCF_030439665.1_ASM3043966v2|NZ_CP124105.1|length=26506	GCF_030439665.1_ASM3043966v2|NZ_CP124105.1|length=26506
GCF_030439665.1_ASM3043966v2|NZ_CP124105.1|length=26506	GCF_040790755.1_ASM4079075v1|NZ_CP161102.1|length=26515
GCF_030439665.1_ASM3043966v2|NZ_CP179299.1|length=25759	GCF_030439665.1_ASM3043966v2|NZ_CP179299.1|length=25759
GCF_030439665.1_ASM3043966v2|NZ_CP179290.1|length=30083	GCF_030439665.1_ASM3043966v2|NZ_CP179290.1|length=30083
GCF_030439665.1_ASM3043966v2|NZ_CP179290.1|length=30083	GCF_000166655.1_ASM16665v1|NC_017412.1|length=29993
GCF_030439665.1_ASM3043966v2|NZ_CP179290.1|length=30083	GCF_002995885.1_ASM299588v1|NZ_PHOM01000006.1|length=25275
GCF_030439665.1_ASM3043966v2|NZ_CP179296.1|length=30213	GCF_030439665.1_ASM3043966v2|NZ_CP179296.1|length=30213
GCF_030439665.1_ASM3043966v2|NZ_CP179296.1|length=30213	GCF_002995865.1_ASM299586v1|NZ_PHOD01000021.1|length=5438
GCF_030439665.1_ASM3043966v2|NZ_CP179296.1|length=30213	GCF_002996705.1_ASM299670v1|NZ_PHOU01000013.1|length=6638
GCF_030439665.1_ASM3043966v2|NZ_CP179296.1|length=30213	GCF_002995865.1_ASM299586v1|NZ_PHOD01000013.1|length=9454
GCF_030439665.1_ASM3043966v2|NZ_CP179302.1|length=29584	GCF_030439665.1_ASM3043966v2|NZ_CP179302.1|length=29584
GCF_030439665.1_ASM3043966v2|NZ_CP179292.1|length=29005	GCF_030439665.1_ASM3043966v2|NZ_CP179292.1|length=29005
GCF_030439665.1_ASM3043966v2|NZ_CP179292.1|length=29005	GCF_002996705.1_ASM299670v1|NZ_PHOU01000014.1|length=6633
GCF_030439665.1_ASM3043966v2|NZ_CP179295.1|length=30837	GCF_030439665.1_ASM3043966v2|NZ_CP179295.1|length=30837
GCF_030439665.1_ASM3043966v2|NZ_CP179295.1|length=30837	GCF_002995865.1_ASM299586v1|NZ_PHOD01000017.1|length=7394
GCF_030439665.1_ASM3043966v2|NZ_CP179295.1|length=30837	GCF_002995935.1_ASM299593v1|NZ_PHOK01000014.1|length=7144
GCF_030439665.1_ASM3043966v2|NZ_CP179295.1|length=30837	GCF_002996395.1_ASM299639v1|NZ_PHQF01000014.1|length=8054
GCF_030439665.1_ASM3043966v2|NZ_CP179295.1|length=30837	GCF_002996465.1_ASM299646v1|NZ_PHOE01000020.1|length=5016
GCF_030439665.1_ASM3043966v2|NZ_CP179295.1|length=30837	GCF_002996705.1_ASM299670v1|NZ_PHOU01000015.1|length=6401
GCF_030439665.1_ASM3043966v2|NZ_CP179295.1|length=30837	GCF_002997085.1_ASM299708v1|NZ_PHPW01000013.1|length=8762
GCF_030439665.1_ASM3043966v2|NZ_CP179295.1|length=30837	GCF_002997145.1_ASM299714v1|NZ_PHQJ01000015.1|length=7816
GCF_030439665.1_ASM3043966v2|NZ_CP179295.1|length=30837	GCF_002995865.1_ASM299586v1|NZ_PHOD01000016.1|length=8049
GCF_030439665.1_ASM3043966v2|NZ_CP179295.1|length=30837	GCF_002996585.1_ASM299658v1|NZ_PHOL01000015.1|length=7689
GCF_030439665.1_ASM3043966v2|NZ_CP179295.1|length=30837	GCF_002996705.1_ASM299670v1|NZ_PHOU01000011.1|length=9487
GCF_030439665.1_ASM3043966v2|NZ_CP179291.1|length=30678	GCF_030439665.1_ASM3043966v2|NZ_CP179291.1|length=30678
GCF_030439665.1_ASM3043966v2|NZ_CP179291.1|length=30678	GCF_002995885.1_ASM299588v1|NZ_PHOM01000021.1|length=5051
GCF_030439665.1_ASM3043966v2|NZ_CP179291.1|length=30678	GCF_002996125.1_ASM299612v1|NZ_PHPF01000019.1|length=5946
GCF_030439665.1_ASM3043966v2|NZ_CP179291.1|length=30678	GCF_002996625.1_ASM299662v1|NZ_PHOO01000024.1|length=5051
GCF_030439665.1_ASM3043966v2|NZ_CP179293.1|length=28749	GCF_030439665.1_ASM3043966v2|NZ_CP179293.1|length=28749
GCF_030439665.1_ASM3043966v2|NZ_CP179293.1|length=28749	GCF_002995865.1_ASM299586v1|NZ_PHOD01000010.1|length=21806
GCF_030439665.1_ASM3043966v2|NZ_CP179289.1|length=39167	GCF_030439665.1_ASM3043966v2|NZ_CP179289.1|length=39167
GCF_030439665.1_ASM3043966v2|NZ_CP179289.1|length=39167	GCF_002995865.1_ASM299586v1|NZ_PHOD01000019.1|length=6581
GCF_030439665.1_ASM3043966v2|NZ_CP179289.1|length=39167	GCF_002996705.1_ASM299670v1|NZ_PHOU01000016.1|length=5509
GCF_030439665.1_ASM3043966v2|NZ_CP179289.1|length=39167	GCF_002996405.1_ASM299640v1|NZ_PHQH01000020.1|length=6081
GCF_030439665.1_ASM3043966v2|NZ_CP179289.1|length=39167	GCF_002997085.1_ASM299708v1|NZ_PHPW01000019.1|length=5184
GCF_030439665.1_ASM3043966v2|NZ_CP179289.1|length=39167	GCF_051054305.1_ASM5105430v1|NZ_CP147765.1|length=12648
GCF_030439665.1_ASM3043966v2|NZ_CP179289.1|length=39167	GCF_051054345.1_ASM5105434v1|NZ_CP147262.1|length=10401
GCF_030439665.1_ASM3043966v2|NZ_CP179289.1|length=39167	GCF_051054485.1_ASM5105448v1|NZ_CP147295.1|length=12650
GCF_030439665.1_ASM3043966v2|NZ_CP179289.1|length=39167	GCF_051054485.1_ASM5105448v1|NZ_CP147296.1|length=10360
GCF_030440345.1_ASM3044034v2|NZ_CP179423.1|length=26565	GCF_030440345.1_ASM3044034v2|NZ_CP179423.1|length=26565
GCF_030440345.1_ASM3044034v2|NZ_CP179423.1|length=26565	GCF_002996585.1_ASM299658v1|NZ_PHOL01000009.1|length=12056
GCF_030440345.1_ASM3044034v2|NZ_CP179423.1|length=26565	GCF_040790795.1_ASM4079079v1|NZ_CP161168.1|length=25270
GCF_030440345.1_ASM3044034v2|NZ_CP179411.1|length=27365	GCF_030440345.1_ASM3044034v2|NZ_CP179411.1|length=27365
GCF_030440345.1_ASM3044034v2|NZ_CP179411.1|length=27365	GCF_000166635.1_ASM16663v1|NC_017415.1|length=26642
GCF_030440345.1_ASM3044034v2|NZ_CP179411.1|length=27365	GCF_000181555.2_ASM18155v2|NC_011866.1|length=27342
GCF_030440345.1_ASM3044034v2|NZ_CP179411.1|length=27365	GCF_002996025.1_ASM299602v1|NZ_PHOV01000010.1|length=14370
GCF_030440345.1_ASM3044034v2|NZ_CP179419.1|length=30902	GCF_030440345.1_ASM3044034v2|NZ_CP179419.1|length=30902
GCF_030440345.1_ASM3044034v2|NZ_CP179416.1|length=61074	GCF_030440345.1_ASM3044034v2|NZ_CP179416.1|length=61074
GCF_030440345.1_ASM3044034v2|NZ_CP179416.1|length=61074	GCF_002995915.1_ASM299591v1|NZ_PHOJ01000020.1|length=5662
GCF_030440345.1_ASM3044034v2|NZ_CP179416.1|length=61074	GCF_002996125.1_ASM299612v1|NZ_PHPF01000016.1|length=7684
GCF_030440345.1_ASM3044034v2|NZ_CP179416.1|length=61074	GCF_002996265.1_ASM299626v1|NZ_PHPX01000012.1|length=8220
GCF_030440345.1_ASM3044034v2|NZ_CP179416.1|length=61074	GCF_002996385.1_ASM299638v1|NZ_PHQE01000016.1|length=7111
GCF_030440345.1_ASM3044034v2|NZ_CP179416.1|length=61074	GCF_002996405.1_ASM299640v1|NZ_PHQH01000018.1|length=6674
GCF_030440345.1_ASM3044034v2|NZ_CP179416.1|length=61074	GCF_002996485.1_ASM299648v1|NZ_PHOG01000014.1|length=7549
GCF_030440345.1_ASM3044034v2|NZ_CP179416.1|length=61074	GCF_024662175.1_ASM2466217v1|NZ_CP094581.1|length=30287
GCF_030440345.1_ASM3044034v2|NZ_CP179416.1|length=61074	GCF_002996585.1_ASM299658v1|NZ_PHOL01000016.1|length=7463
GCF_030440345.1_ASM3044034v2|NZ_CP179416.1|length=61074	GCF_024662175.1_ASM2466217v1|NZ_CP094582.1|length=30796
GCF_030440345.1_ASM3044034v2|NZ_CP124079.1|length=53843	GCF_030440345.1_ASM3044034v2|NZ_CP124079.1|length=53843
GCF_030440345.1_ASM3044034v2|NZ_CP124079.1|length=53843	GCF_024662175.1_ASM2466217v1|NZ_CP094596.1|length=53532
GCF_030440345.1_ASM3044034v2|NZ_CP124079.1|length=53843	GCF_040790795.1_ASM4079079v1|NZ_CP161159.1|length=53850
GCF_030440345.1_ASM3044034v2|NZ_CP124079.1|length=53843	GCF_000021405.1_ASM2140v1|NC_011784.1|length=53615
GCF_030445005.1_ASM3044500v2|NZ_CP179329.1|length=60573	GCF_030445005.1_ASM3044500v2|NZ_CP179329.1|length=60573
GCF_030445005.1_ASM3044500v2|NZ_CP179329.1|length=60573	GCF_002996005.1_ASM299600v1|NZ_PHOT01000013.1|length=9249
GCF_030445005.1_ASM3044500v2|NZ_CP179329.1|length=60573	GCF_030439625.1_ASM3043962v2|NZ_CP179345.1|length=29714
GCF_030445005.1_ASM3044500v2|NZ_CP179329.1|length=60573	GCF_030439625.1_ASM3043962v2|NZ_CP179347.1|length=30053
GCF_030445025.1_ASM3044502v2|NZ_CP124104.1|length=910663	GCF_030445025.1_ASM3044502v2|NZ_CP124104.1|length=910663
GCF_030445025.1_ASM3044502v2|NZ_CP124104.1|length=910663	GCF_030439625.1_ASM3043962v2|NZ_CP124096.1|length=910422
GCF_030445025.1_ASM3044502v2|NZ_CP124104.1|length=910663	GCF_030445005.1_ASM3044500v2|NZ_CP124100.1|length=910422
GCF_030445025.1_ASM3044502v2|NZ_CP124104.1|length=910663	GCF_030445065.1_ASM3044506v2|NZ_CP124088.1|length=910229
GCF_030445025.1_ASM3044502v2|NZ_CP179321.1|length=32562	GCF_030445025.1_ASM3044502v2|NZ_CP179321.1|length=32562
GCF_030445025.1_ASM3044502v2|NZ_CP179321.1|length=32562	GCF_030439625.1_ASM3043962v2|NZ_CP179341.1|length=27150
GCF_030445025.1_ASM3044502v2|NZ_CP179321.1|length=32562	GCF_030445005.1_ASM3044500v2|NZ_CP179331.1|length=28302
GCF_030445025.1_ASM3044502v2|NZ_CP179326.1|length=19737	GCF_030445025.1_ASM3044502v2|NZ_CP179326.1|length=19737
GCF_030445025.1_ASM3044502v2|NZ_CP179322.1|length=90049	GCF_030445025.1_ASM3044502v2|NZ_CP179322.1|length=90049
GCF_030445025.1_ASM3044502v2|NZ_CP179322.1|length=90049	GCF_002996025.1_ASM299602v1|NZ_PHOV01000014.1|length=5187
GCF_030445025.1_ASM3044502v2|NZ_CP179322.1|length=90049	GCF_002996245.1_ASM299624v1|NZ_PHPS01000019.1|length=5359
GCF_030445025.1_ASM3044502v2|NZ_CP179322.1|length=90049	GCF_002996285.1_ASM299628v1|NZ_PHPU01000017.1|length=5168
GCF_030445025.1_ASM3044502v2|NZ_CP179322.1|length=90049	GCF_002996475.1_ASM299647v1|NZ_PHOF01000015.1|length=6268
GCF_030445025.1_ASM3044502v2|NZ_CP179322.1|length=90049	GCF_002996585.1_ASM299658v1|NZ_PHOL01000018.1|length=6740
GCF_030445025.1_ASM3044502v2|NZ_CP179322.1|length=90049	GCF_002997065.1_ASM299706v1|NZ_PHQA01000016.1|length=7996
GCF_030445025.1_ASM3044502v2|NZ_CP179322.1|length=90049	GCF_002997065.1_ASM299706v1|NZ_PHQA01000018.1|length=5215
GCF_030445025.1_ASM3044502v2|NZ_CP179322.1|length=90049	GCF_002997085.1_ASM299708v1|NZ_PHPW01000020.1|length=5020
GCF_030445025.1_ASM3044502v2|NZ_CP179322.1|length=90049	GCF_002997205.1_ASM299720v1|NZ_PHQL01000017.1|length=5215
GCF_030445025.1_ASM3044502v2|NZ_CP179322.1|length=90049	GCF_032595515.1_ASM3259551v2|NZ_CP179307.1|length=28864
GCF_030445025.1_ASM3044502v2|NZ_CP179322.1|length=90049	GCF_000021405.1_ASM2140v1|NC_011736.1|length=30964
GCF_030445025.1_ASM3044502v2|NZ_CP179322.1|length=90049	GCF_002995865.1_ASM299586v1|NZ_PHOD01000018.1|length=6870
GCF_030445065.1_ASM3044506v2|NZ_CP179361.1|length=29737	GCF_030445065.1_ASM3044506v2|NZ_CP179361.1|length=29737
GCF_030445065.1_ASM3044506v2|NZ_CP179360.1|length=29064	GCF_030445065.1_ASM3044506v2|NZ_CP179360.1|length=29064
GCF_030445065.1_ASM3044506v2|NZ_CP179360.1|length=29064	GCF_019464575.1_ASM1946457v1|NZ_CP074061.1|length=28165
GCF_030445065.1_ASM3044506v2|NZ_CP179360.1|length=29064	GCF_051054405.1_ASM5105440v1|NZ_CP147270.1|length=20137
GCF_030445065.1_ASM3044506v2|NZ_CP179360.1|length=29064	GCF_024662155.1_ASM2466215v1|NZ_CP094573.1|length=27922
GCF_030445065.1_ASM3044506v2|NZ_CP179371.1|length=25323	GCF_030445065.1_ASM3044506v2|NZ_CP179371.1|length=25323
GCF_030445065.1_ASM3044506v2|NZ_CP179368.1|length=19298	GCF_030445065.1_ASM3044506v2|NZ_CP179368.1|length=19298
GCF_030445065.1_ASM3044506v2|NZ_CP179375.1|length=28197	GCF_030445065.1_ASM3044506v2|NZ_CP179375.1|length=28197
GCF_030445065.1_ASM3044506v2|NZ_CP179369.1|length=59829	GCF_030445065.1_ASM3044506v2|NZ_CP179369.1|length=59829
GCF_030445065.1_ASM3044506v2|NZ_CP179369.1|length=59829	GCF_002996305.1_ASM299630v1|NZ_PHPZ01000014.1|length=7863
GCF_030445065.1_ASM3044506v2|NZ_CP179369.1|length=59829	GCF_002996345.1_ASM299634v1|NZ_PHQB01000013.1|length=7071
GCF_030445065.1_ASM3044506v2|NZ_CP179369.1|length=59829	GCF_002996365.1_ASM299636v1|NZ_PHQC01000015.1|length=7227
GCF_030445065.1_ASM3044506v2|NZ_CP179369.1|length=59829	GCF_002996465.1_ASM299646v1|NZ_PHOE01000013.1|length=7268
GCF_030445065.1_ASM3044506v2|NZ_CP179369.1|length=59829	GCF_002996485.1_ASM299648v1|NZ_PHOG01000017.1|length=6316
GCF_030445065.1_ASM3044506v2|NZ_CP179369.1|length=59829	GCF_002996685.1_ASM299668v1|NZ_PHOR01000014.1|length=6956
GCF_030445065.1_ASM3044506v2|NZ_CP179369.1|length=59829	GCF_002996925.1_ASM299692v1|NZ_PHPP01000015.1|length=7819
GCF_030445065.1_ASM3044506v2|NZ_CP179369.1|length=59829	GCF_002997045.1_ASM299704v1|NZ_PHPV01000016.1|length=6996
GCF_030445065.1_ASM3044506v2|NZ_CP179369.1|length=59829	GCF_002997085.1_ASM299708v1|NZ_PHPW01000014.1|length=6745
GCF_030445065.1_ASM3044506v2|NZ_CP179369.1|length=59829	GCF_002997105.1_ASM299710v1|NZ_PHPY01000017.1|length=6848
GCF_030445065.1_ASM3044506v2|NZ_CP179369.1|length=59829	GCF_002997165.1_ASM299716v1|NZ_PHQD01000018.1|length=7002
GCF_030445065.1_ASM3044506v2|NZ_CP179369.1|length=59829	GCF_051147265.1_ASM5114726v1|NZ_CP147362.1|length=6093
GCF_030445065.1_ASM3044506v2|NZ_CP179370.1|length=30375	GCF_030445065.1_ASM3044506v2|NZ_CP179370.1|length=30375
GCF_030445065.1_ASM3044506v2|NZ_CP179370.1|length=30375	GCF_002996385.1_ASM299638v1|NZ_PHQE01000014.1|length=10483
GCF_030445065.1_ASM3044506v2|NZ_CP179367.1|length=26207	GCF_030445065.1_ASM3044506v2|NZ_CP179367.1|length=26207
GCF_030445065.1_ASM3044506v2|NZ_CP179366.1|length=29969	GCF_030445065.1_ASM3044506v2|NZ_CP179366.1|length=29969
GCF_030445065.1_ASM3044506v2|NZ_CP179372.1|length=22471	GCF_030445065.1_ASM3044506v2|NZ_CP179372.1|length=22471
GCF_030445065.1_ASM3044506v2|NZ_CP179363.1|length=36891	GCF_030445065.1_ASM3044506v2|NZ_CP179363.1|length=36891
GCF_030445065.1_ASM3044506v2|NZ_CP179363.1|length=36891	GCF_051054345.1_ASM5105434v1|NZ_CP147259.1|length=22673
GCF_030445065.1_ASM3044506v2|NZ_CP179362.1|length=38983	GCF_030445065.1_ASM3044506v2|NZ_CP179362.1|length=38983
GCF_030445065.1_ASM3044506v2|NZ_CP179362.1|length=38983	GCF_002996245.1_ASM299624v1|NZ_PHPS01000017.1|length=7422
GCF_030445065.1_ASM3044506v2|NZ_CP179362.1|length=38983	GCF_002996265.1_ASM299626v1|NZ_PHPX01000013.1|length=7803
GCF_030445065.1_ASM3044506v2|NZ_CP179362.1|length=38983	GCF_002996385.1_ASM299638v1|NZ_PHQE01000017.1|length=6172
GCF_030445065.1_ASM3044506v2|NZ_CP179362.1|length=38983	GCF_002996465.1_ASM299646v1|NZ_PHOE01000015.1|length=6126
GCF_030445065.1_ASM3044506v2|NZ_CP179362.1|length=38983	GCF_002996485.1_ASM299648v1|NZ_PHOG01000016.1|length=7422
GCF_030445065.1_ASM3044506v2|NZ_CP179362.1|length=38983	GCF_002996685.1_ASM299668v1|NZ_PHOR01000016.1|length=6127
GCF_030445065.1_ASM3044506v2|NZ_CP179362.1|length=38983	GCF_002996865.1_ASM299686v1|NZ_PHPG01000018.1|length=6627
GCF_030445065.1_ASM3044506v2|NZ_CP179362.1|length=38983	GCF_002996925.1_ASM299692v1|NZ_PHPP01000018.1|length=6543
GCF_030445065.1_ASM3044506v2|NZ_CP179362.1|length=38983	GCF_051054345.1_ASM5105434v1|NZ_CP147261.1|length=12271
GCF_030445065.1_ASM3044506v2|NZ_CP179362.1|length=38983	GCF_002996405.1_ASM299640v1|NZ_PHQH01000007.1|length=22297
GCF_032595375.1_ASM3259537v2|NZ_CP132421.1|length=909591	GCF_032595375.1_ASM3259537v2|NZ_CP132421.1|length=909591
GCF_032595375.1_ASM3259537v2|NZ_CP179317.1|length=15290	GCF_032595375.1_ASM3259537v2|NZ_CP179317.1|length=15290
GCF_032595375.1_ASM3259537v2|NZ_CP179317.1|length=15290	GCF_040819585.1_PFhe_I_PB_Ill_cons|NZ_CP161915.1|length=15158
GCF_032595375.1_ASM3259537v2|NZ_CP179313.1|length=91086	GCF_032595375.1_ASM3259537v2|NZ_CP179313.1|length=91086
GCF_032595375.1_ASM3259537v2|NZ_CP179313.1|length=91086	GCF_002995865.1_ASM299586v1|NZ_PHOD01000022.1|length=5273
GCF_032595375.1_ASM3259537v2|NZ_CP179313.1|length=91086	GCF_002995915.1_ASM299591v1|NZ_PHOJ01000018.1|length=6629
GCF_032595375.1_ASM3259537v2|NZ_CP179313.1|length=91086	GCF_002996165.1_ASM299616v1|NZ_PHPK01000015.1|length=5425
GCF_032595375.1_ASM3259537v2|NZ_CP179313.1|length=91086	GCF_002996265.1_ASM299626v1|NZ_PHPX01000010.1|length=9208
GCF_032595375.1_ASM3259537v2|NZ_CP179313.1|length=91086	GCF_002996265.1_ASM299626v1|NZ_PHPX01000019.1|length=5002
GCF_032595375.1_ASM3259537v2|NZ_CP179313.1|length=91086	GCF_002996475.1_ASM299647v1|NZ_PHOF01000012.1|length=8202
GCF_032595375.1_ASM3259537v2|NZ_CP179313.1|length=91086	GCF_002996545.1_ASM299654v1|NZ_PHOH01000016.1|length=5975
GCF_032595375.1_ASM3259537v2|NZ_CP179313.1|length=91086	GCF_002997285.1_ASM299728v1|NZ_PHQO01000015.1|length=7874
GCF_032595375.1_ASM3259537v2|NZ_CP179313.1|length=91086	GCF_030439625.1_ASM3043962v2|NZ_CP179346.1|length=29935
GCF_032595375.1_ASM3259537v2|NZ_CP179313.1|length=91086	GCF_030445005.1_ASM3044500v2|NZ_CP179332.1|length=29968
GCF_032595375.1_ASM3259537v2|NZ_CP179313.1|length=91086	GCF_030445025.1_ASM3044502v2|NZ_CP179323.1|length=31432
GCF_032595375.1_ASM3259537v2|NZ_CP179313.1|length=91086	GCF_002996285.1_ASM299628v1|NZ_PHPU01000018.1|length=5073
GCF_032595375.1_ASM3259537v2|NZ_CP179313.1|length=91086	GCF_002997065.1_ASM299706v1|NZ_PHQA01000020.1|length=5041
GCF_032595375.1_ASM3259537v2|NZ_CP179313.1|length=91086	GCF_030445005.1_ASM3044500v2|NZ_CP179334.1|length=31434
GCF_032595375.1_ASM3259537v2|NZ_CP179313.1|length=91086	GCF_030439625.1_ASM3043962v2|NZ_CP179342.1|length=29591
GCF_032595375.1_ASM3259537v2|NZ_CP179313.1|length=91086	GCF_032595515.1_ASM3259551v2|NZ_CP179306.1|length=25835
GCF_032595515.1_ASM3259551v2|NZ_CP132425.1|length=911399	GCF_032595515.1_ASM3259551v2|NZ_CP132425.1|length=911399
GCF_032595515.1_ASM3259551v2|NZ_CP132426.1|length=26523	GCF_032595515.1_ASM3259551v2|NZ_CP132426.1|length=26523
GCF_032595515.1_ASM3259551v2|NZ_CP179310.1|length=14426	GCF_032595515.1_ASM3259551v2|NZ_CP179310.1|length=14426
GCF_032595515.1_ASM3259551v2|NZ_CP179304.1|length=88054	GCF_032595515.1_ASM3259551v2|NZ_CP179304.1|length=88054
GCF_032595515.1_ASM3259551v2|NZ_CP179304.1|length=88054	GCF_032595375.1_ASM3259537v2|NZ_CP179316.1|length=27733
GCF_032595515.1_ASM3259551v2|NZ_CP179304.1|length=88054	GCF_030439625.1_ASM3043962v2|NZ_CP179344.1|length=27733
GCF_032595515.1_ASM3259551v2|NZ_CP179304.1|length=88054	GCF_030445005.1_ASM3044500v2|NZ_CP179336.1|length=27733
GCF_032595515.1_ASM3259551v2|NZ_CP179303.1|length=36977	GCF_032595515.1_ASM3259551v2|NZ_CP179303.1|length=36977
GCF_032595515.1_ASM3259551v2|NZ_CP179303.1|length=36977	GCF_002996385.1_ASM299638v1|NZ_PHQE01000012.1|length=13828
GCF_032595515.1_ASM3259551v2|NZ_CP179303.1|length=36977	GCF_002996005.1_ASM299600v1|NZ_PHOT01000003.1|length=34490
GCF_032595515.1_ASM3259551v2|NZ_CP179303.1|length=36977	GCF_002996385.1_ASM299638v1|NZ_PHQE01000009.1|length=22130
GCF_032595515.1_ASM3259551v2|NZ_CP179303.1|length=36977	GCF_030439605.1_ASM3043960v2|NZ_CP179353.1|length=36921
GCF_032595515.1_ASM3259551v2|NZ_CP179303.1|length=36977	GCF_000008685.2_ASM868v2|NC_001855.1|length=36849
GCF_032595515.1_ASM3259551v2|NZ_CP179303.1|length=36977	GCF_002083055.2_ASM208305v2|NZ_NBTP02000008.1|length=36110
GCF_032595515.1_ASM3259551v2|NZ_CP179303.1|length=36977	GCF_002151465.1_ASM215146v1|NZ_CP019852.1|length=36714
GCF_032595515.1_ASM3259551v2|NZ_CP179303.1|length=36977	GCF_002151485.1_ASM215148v1|NZ_CP019924.1|length=36846
GCF_032595515.1_ASM3259551v2|NZ_CP179303.1|length=36977	GCF_002151505.1_ASM215150v1|NZ_CP019763.1|length=36780
GCF_032595515.1_ASM3259551v2|NZ_CP179303.1|length=36977	GCF_024662195.1_ASM2466219v1|NZ_CP094613.1|length=36662
GCF_032595515.1_ASM3259551v2|NZ_CP179303.1|length=36977	GCF_040790775.1_ASM4079077v1|NZ_CP161178.1|length=36922
GCF_032595515.1_ASM3259551v2|NZ_CP179303.1|length=36977	GCF_040790805.1_ASM4079080v1|NZ_CP161193.1|length=36921
GCF_032595515.1_ASM3259551v2|NZ_CP179303.1|length=36977	GCF_030439625.1_ASM3043962v2|NZ_CP179337.1|length=36945
GCF_032595515.1_ASM3259551v2|NZ_CP179303.1|length=36977	GCF_030445005.1_ASM3044500v2|NZ_CP179327.1|length=36948
GCF_032595515.1_ASM3259551v2|NZ_CP179303.1|length=36977	GCF_030445025.1_ASM3044502v2|NZ_CP179320.1|length=36939
GCF_032595515.1_ASM3259551v2|NZ_CP179303.1|length=36977	GCF_032595375.1_ASM3259537v2|NZ_CP179311.1|length=36942
GCF_032595515.1_ASM3259551v2|NZ_CP179303.1|length=36977	GCF_000021405.1_ASM2140v1|NC_011778.1|length=36852
GCF_032595515.1_ASM3259551v2|NZ_CP179303.1|length=36977	GCF_040819585.1_PFhe_I_PB_Ill_cons|NZ_CP161917.1|length=36994
GCF_032595755.1_ASM3259575v2|NZ_CP132441.1|length=910071	GCF_032595755.1_ASM3259575v2|NZ_CP132441.1|length=910071
GCF_032595755.1_ASM3259575v2|NZ_CP179433.1|length=8536	GCF_032595755.1_ASM3259575v2|NZ_CP179433.1|length=8536
GCF_032595755.1_ASM3259575v2|NZ_CP179428.1|length=27382	GCF_032595755.1_ASM3259575v2|NZ_CP179428.1|length=27382
GCF_032595755.1_ASM3259575v2|NZ_CP179432.1|length=30333	GCF_032595755.1_ASM3259575v2|NZ_CP179432.1|length=30333
GCF_032595755.1_ASM3259575v2|NZ_CP179432.1|length=30333	GCF_002996025.1_ASM299602v1|NZ_PHOV01000012.1|length=6749
GCF_032595755.1_ASM3259575v2|NZ_CP179430.1|length=110655	GCF_032595755.1_ASM3259575v2|NZ_CP179430.1|length=110655
GCF_032595755.1_ASM3259575v2|NZ_CP179430.1|length=110655	GCF_002995915.1_ASM299591v1|NZ_PHOJ01000019.1|length=5992
GCF_032595755.1_ASM3259575v2|NZ_CP179430.1|length=110655	GCF_002995935.1_ASM299593v1|NZ_PHOK01000013.1|length=7303
GCF_032595755.1_ASM3259575v2|NZ_CP179430.1|length=110655	GCF_002996005.1_ASM299600v1|NZ_PHOT01000015.1|length=7079
GCF_032595755.1_ASM3259575v2|NZ_CP179430.1|length=110655	GCF_002996005.1_ASM299600v1|NZ_PHOT01000018.1|length=5314
GCF_032595755.1_ASM3259575v2|NZ_CP179430.1|length=110655	GCF_002996125.1_ASM299612v1|NZ_PHPF01000024.1|length=5091
GCF_032595755.1_ASM3259575v2|NZ_CP179430.1|length=110655	GCF_002996165.1_ASM299616v1|NZ_PHPK01000012.1|length=7316
GCF_032595755.1_ASM3259575v2|NZ_CP179430.1|length=110655	GCF_002996165.1_ASM299616v1|NZ_PHPK01000013.1|length=6580
GCF_032595755.1_ASM3259575v2|NZ_CP179430.1|length=110655	GCF_002996305.1_ASM299630v1|NZ_PHPZ01000010.1|length=12529
GCF_032595755.1_ASM3259575v2|NZ_CP179430.1|length=110655	GCF_002996305.1_ASM299630v1|NZ_PHPZ01000018.1|length=5353
GCF_032595755.1_ASM3259575v2|NZ_CP179430.1|length=110655	GCF_002996345.1_ASM299634v1|NZ_PHQB01000015.1|length=6135
GCF_032595755.1_ASM3259575v2|NZ_CP179430.1|length=110655	GCF_002996345.1_ASM299634v1|NZ_PHQB01000017.1|length=5416
GCF_032595755.1_ASM3259575v2|NZ_CP179430.1|length=110655	GCF_002996365.1_ASM299636v1|NZ_PHQC01000010.1|length=12003
GCF_032595755.1_ASM3259575v2|NZ_CP179430.1|length=110655	GCF_002996365.1_ASM299636v1|NZ_PHQC01000019.1|length=5353
GCF_032595755.1_ASM3259575v2|NZ_CP179430.1|length=110655	GCF_002996395.1_ASM299639v1|NZ_PHQF01000017.1|length=6774
GCF_032595755.1_ASM3259575v2|NZ_CP179430.1|length=110655	GCF_002996465.1_ASM299646v1|NZ_PHOE01000014.1|length=6883
GCF_032595755.1_ASM3259575v2|NZ_CP179430.1|length=110655	GCF_002996605.1_ASM299660v1|NZ_PHON01000015.1|length=11378
GCF_032595755.1_ASM3259575v2|NZ_CP179430.1|length=110655	GCF_002996625.1_ASM299662v1|NZ_PHOO01000015.1|length=7427
GCF_032595755.1_ASM3259575v2|NZ_CP179430.1|length=110655	GCF_002996625.1_ASM299662v1|NZ_PHOO01000019.1|length=5542
GCF_032595755.1_ASM3259575v2|NZ_CP179430.1|length=110655	GCF_002996625.1_ASM299662v1|NZ_PHOO01000022.1|length=5132
GCF_032595755.1_ASM3259575v2|NZ_CP179430.1|length=110655	GCF_002996645.1_ASM299664v1|NZ_PHOP01000015.1|length=7378
GCF_032595755.1_ASM3259575v2|NZ_CP179430.1|length=110655	GCF_002996865.1_ASM299686v1|NZ_PHPG01000017.1|length=6991
GCF_032595755.1_ASM3259575v2|NZ_CP179430.1|length=110655	GCF_002996925.1_ASM299692v1|NZ_PHPP01000021.1|length=5116
GCF_032595755.1_ASM3259575v2|NZ_CP179430.1|length=110655	GCF_002997045.1_ASM299704v1|NZ_PHPV01000010.1|length=12003
GCF_032595755.1_ASM3259575v2|NZ_CP179430.1|length=110655	GCF_002997045.1_ASM299704v1|NZ_PHPV01000020.1|length=5321
GCF_032595755.1_ASM3259575v2|NZ_CP179430.1|length=110655	GCF_002997105.1_ASM299710v1|NZ_PHPY01000010.1|length=12006
GCF_032595755.1_ASM3259575v2|NZ_CP179430.1|length=110655	GCF_002997105.1_ASM299710v1|NZ_PHPY01000020.1|length=5353
GCF_032595755.1_ASM3259575v2|NZ_CP179430.1|length=110655	GCF_002997145.1_ASM299714v1|NZ_PHQJ01000017.1|length=5913
GCF_032595755.1_ASM3259575v2|NZ_CP179430.1|length=110655	GCF_002997245.1_ASM299724v1|NZ_PHQM01000012.1|length=7354
GCF_032595755.1_ASM3259575v2|NZ_CP179430.1|length=110655	GCF_002997245.1_ASM299724v1|NZ_PHQM01000014.1|length=6658
GCF_032595755.1_ASM3259575v2|NZ_CP179430.1|length=110655	GCF_003814425.1_ASM381442v1|NZ_CP028881.1|length=31009
GCF_032595755.1_ASM3259575v2|NZ_CP179430.1|length=110655	GCF_014525565.1_ASM1452556v1|NZ_JACFAO010000013.1|length=31136
GCF_032595755.1_ASM3259575v2|NZ_CP179430.1|length=110655	GCF_014526025.1_ASM1452602v1|NZ_JACFBG010000010.1|length=31136
GCF_032595755.1_ASM3259575v2|NZ_CP179430.1|length=110655	GCF_019134655.1_ASM1913465v1|NZ_CP077729.1|length=31004
GCF_032595755.1_ASM3259575v2|NZ_CP179430.1|length=110655	GCF_032595375.1_ASM3259537v2|NZ_CP179315.1|length=31007
GCF_032595755.1_ASM3259575v2|NZ_CP179430.1|length=110655	GCF_040819585.1_PFhe_I_PB_Ill_cons|NZ_CP161907.1|length=31008
GCF_032595755.1_ASM3259575v2|NZ_CP179430.1|length=110655	GCF_002995865.1_ASM299586v1|NZ_PHOD01000014.1|length=9183
GCF_032595755.1_ASM3259575v2|NZ_CP179430.1|length=110655	GCF_002995935.1_ASM299593v1|NZ_PHOK01000015.1|length=7068
GCF_032595755.1_ASM3259575v2|NZ_CP179430.1|length=110655	GCF_002996965.1_ASM299696v1|NZ_PHPM01000017.1|length=6407
GCF_032595755.1_ASM3259575v2|NZ_CP179430.1|length=110655	GCF_002997145.1_ASM299714v1|NZ_PHQJ01000018.1|length=5508
GCF_032595755.1_ASM3259575v2|NZ_CP179430.1|length=110655	GCF_040790795.1_ASM4079079v1|NZ_CP161173.1|length=11448
GCF_032595755.1_ASM3259575v2|NZ_CP132444.1|length=51869	GCF_032595755.1_ASM3259575v2|NZ_CP132444.1|length=51869
GCF_032603535.1_ASM3260353v1|NZ_CP117887.1|length=901779	GCF_032603535.1_ASM3260353v1|NZ_CP117887.1|length=901779
GCF_032603535.1_ASM3260353v1|NZ_CP117890.1|length=28085	GCF_032603535.1_ASM3260353v1|NZ_CP117890.1|length=28085
GCF_032603535.1_ASM3260353v1|NZ_CP117890.1|length=28085	GCF_032604805.1_ASM3260480v1|NZ_CP117897.1|length=28075
GCF_032603535.1_ASM3260353v1|NZ_CP117888.1|length=27110	GCF_032603535.1_ASM3260353v1|NZ_CP117888.1|length=27110
GCF_032603535.1_ASM3260353v1|NZ_CP117888.1|length=27110	GCF_032604805.1_ASM3260480v1|NZ_CP117895.1|length=27110
GCF_032603535.1_ASM3260353v1|NZ_CP117892.1|length=32334	GCF_032603535.1_ASM3260353v1|NZ_CP117892.1|length=32334
GCF_032603535.1_ASM3260353v1|NZ_CP117892.1|length=32334	GCF_032604805.1_ASM3260480v1|NZ_CP117899.1|length=32099
GCF_032603535.1_ASM3260353v1|NZ_CP117892.1|length=32334	GCF_026643455.2_ASM2664345v2|NZ_CP119349.1|length=31997
GCF_032604805.1_ASM3260480v1|NZ_CP117894.1|length=901917	GCF_032604805.1_ASM3260480v1|NZ_CP117894.1|length=901917
GCF_032605755.1_ASM3260575v1|NZ_CP117902.1|length=903375	GCF_032605755.1_ASM3260575v1|NZ_CP117902.1|length=903375
GCF_032605755.1_ASM3260575v1|NZ_CP117904.1|length=17627	GCF_032605755.1_ASM3260575v1|NZ_CP117904.1|length=17627
GCF_032605755.1_ASM3260575v1|NZ_CP117905.1|length=25036	GCF_032605755.1_ASM3260575v1|NZ_CP117905.1|length=25036
GCF_032605755.1_ASM3260575v1|NZ_CP117903.1|length=27118	GCF_032605755.1_ASM3260575v1|NZ_CP117903.1|length=27118
GCF_032605755.1_ASM3260575v1|NZ_CP117906.1|length=31377	GCF_032605755.1_ASM3260575v1|NZ_CP117906.1|length=31377
GCF_032605755.1_ASM3260575v1|NZ_CP117907.1|length=22553	GCF_032605755.1_ASM3260575v1|NZ_CP117907.1|length=22553
GCF_032605755.1_ASM3260575v1|NZ_CP117908.1|length=57197	GCF_032605755.1_ASM3260575v1|NZ_CP117908.1|length=57197
GCF_032605755.1_ASM3260575v1|NZ_CP117908.1|length=57197	GCF_032604805.1_ASM3260480v1|NZ_CP117901.1|length=55700
GCF_032605755.1_ASM3260575v1|NZ_CP117908.1|length=57197	GCF_032603535.1_ASM3260353v1|NZ_CP117893.1|length=55632
GCF_032606795.1_ASM3260679v1|NZ_CP117909.1|length=900541	GCF_032606795.1_ASM3260679v1|NZ_CP117909.1|length=900541
GCF_032606795.1_ASM3260679v1|NZ_CP117910.1|length=9367	GCF_032606795.1_ASM3260679v1|NZ_CP117910.1|length=9367
GCF_032606795.1_ASM3260679v1|NZ_CP117912.1|length=20839	GCF_032606795.1_ASM3260679v1|NZ_CP117912.1|length=20839
GCF_032606795.1_ASM3260679v1|NZ_CP117913.1|length=23426	GCF_032606795.1_ASM3260679v1|NZ_CP117913.1|length=23426
GCF_032606795.1_ASM3260679v1|NZ_CP117914.1|length=17359	GCF_032606795.1_ASM3260679v1|NZ_CP117914.1|length=17359
GCF_032607615.1_ASM3260761v1|NZ_CP119358.1|length=901955	GCF_032607615.1_ASM3260761v1|NZ_CP119358.1|length=901955
GCF_032607615.1_ASM3260761v1|NZ_CP119361.1|length=24632	GCF_032607615.1_ASM3260761v1|NZ_CP119361.1|length=24632
GCF_032607615.1_ASM3260761v1|NZ_CP119359.1|length=27082	GCF_032607615.1_ASM3260761v1|NZ_CP119359.1|length=27082
GCF_032607615.1_ASM3260761v1|NZ_CP119359.1|length=27082	GCF_032606795.1_ASM3260679v1|NZ_CP117911.1|length=26994
GCF_032607615.1_ASM3260761v1|NZ_CP119359.1|length=27082	GCF_032608435.1_ASM3260843v1|NZ_CP119384.1|length=27082
GCF_032607615.1_ASM3260761v1|NZ_CP119359.1|length=27082	GCF_032609235.1_ASM3260923v1|NZ_CP118291.1|length=26994
GCF_032607615.1_ASM3260761v1|NZ_CP119359.1|length=27082	GCF_032610035.1_ASM3261003v1|NZ_CP118299.1|length=27071
GCF_032607615.1_ASM3260761v1|NZ_CP119359.1|length=27082	GCF_032610675.1_ASM3261067v1|NZ_CP119375.1|length=27082
GCF_032607615.1_ASM3260761v1|NZ_CP119363.1|length=41687	GCF_032607615.1_ASM3260761v1|NZ_CP119363.1|length=41687
GCF_032607615.1_ASM3260761v1|NZ_CP119363.1|length=41687	GCF_032608435.1_ASM3260843v1|NZ_CP119388.1|length=41608
GCF_032607615.1_ASM3260761v1|NZ_CP119363.1|length=41687	GCF_032609235.1_ASM3260923v1|NZ_CP118295.1|length=41603
GCF_032607615.1_ASM3260761v1|NZ_CP119363.1|length=41687	GCF_032610675.1_ASM3261067v1|NZ_CP119379.1|length=41596
GCF_032607615.1_ASM3260761v1|NZ_CP119363.1|length=41687	GCF_032610035.1_ASM3261003v1|NZ_CP118303.1|length=41661
GCF_032607615.1_ASM3260761v1|NZ_CP119364.1|length=35468	GCF_032607615.1_ASM3260761v1|NZ_CP119364.1|length=35468
GCF_032607615.1_ASM3260761v1|NZ_CP119364.1|length=35468	GCF_032608435.1_ASM3260843v1|NZ_CP119389.1|length=35471
GCF_032607615.1_ASM3260761v1|NZ_CP119364.1|length=35468	GCF_032610035.1_ASM3261003v1|NZ_CP118304.1|length=35452
GCF_032607615.1_ASM3260761v1|NZ_CP119364.1|length=35468	GCF_032609235.1_ASM3260923v1|NZ_CP118296.1|length=35470
GCF_032607615.1_ASM3260761v1|NZ_CP119364.1|length=35468	GCF_032610675.1_ASM3261067v1|NZ_CP119380.1|length=35406
GCF_032607615.1_ASM3260761v1|NZ_CP119365.1|length=58084	GCF_032607615.1_ASM3260761v1|NZ_CP119365.1|length=58084
GCF_032607615.1_ASM3260761v1|NZ_CP119365.1|length=58084	GCF_032608435.1_ASM3260843v1|NZ_CP119390.1|length=57034
GCF_032607615.1_ASM3260761v1|NZ_CP119365.1|length=58084	GCF_032609235.1_ASM3260923v1|NZ_CP118297.1|length=58117
GCF_032607615.1_ASM3260761v1|NZ_CP119365.1|length=58084	GCF_032610035.1_ASM3261003v1|NZ_CP118305.1|length=57049
GCF_032607615.1_ASM3260761v1|NZ_CP119365.1|length=58084	GCF_032610675.1_ASM3261067v1|NZ_CP119381.1|length=57991
GCF_032607615.1_ASM3260761v1|NZ_CP119365.1|length=58084	GCF_032606795.1_ASM3260679v1|NZ_CP117917.1|length=56902
GCF_032608435.1_ASM3260843v1|NZ_CP119383.1|length=902489	GCF_032608435.1_ASM3260843v1|NZ_CP119383.1|length=902489
GCF_032608435.1_ASM3260843v1|NZ_CP119386.1|length=22871	GCF_032608435.1_ASM3260843v1|NZ_CP119386.1|length=22871
GCF_032609235.1_ASM3260923v1|NZ_CP118290.1|length=903324	GCF_032609235.1_ASM3260923v1|NZ_CP118290.1|length=903324
GCF_032609235.1_ASM3260923v1|NZ_CP118292.1|length=22051	GCF_032609235.1_ASM3260923v1|NZ_CP118292.1|length=22051
GCF_032609235.1_ASM3260923v1|NZ_CP118292.1|length=22051	GCF_032607615.1_ASM3260761v1|NZ_CP119360.1|length=21971
GCF_032609235.1_ASM3260923v1|NZ_CP118292.1|length=22051	GCF_032608435.1_ASM3260843v1|NZ_CP119385.1|length=21962
GCF_032609235.1_ASM3260923v1|NZ_CP118292.1|length=22051	GCF_032610035.1_ASM3261003v1|NZ_CP118300.1|length=22051
GCF_032609235.1_ASM3260923v1|NZ_CP118292.1|length=22051	GCF_032610675.1_ASM3261067v1|NZ_CP119376.1|length=22043
GCF_032609235.1_ASM3260923v1|NZ_CP118293.1|length=23533	GCF_032609235.1_ASM3260923v1|NZ_CP118293.1|length=23533
GCF_032609235.1_ASM3260923v1|NZ_CP118294.1|length=17843	GCF_032609235.1_ASM3260923v1|NZ_CP118294.1|length=17843
GCF_032609235.1_ASM3260923v1|NZ_CP118294.1|length=17843	GCF_032607615.1_ASM3260761v1|NZ_CP119362.1|length=16880
GCF_032609235.1_ASM3260923v1|NZ_CP118294.1|length=17843	GCF_032608435.1_ASM3260843v1|NZ_CP119387.1|length=17055
GCF_032609235.1_ASM3260923v1|NZ_CP118294.1|length=17843	GCF_032610035.1_ASM3261003v1|NZ_CP118302.1|length=17083
GCF_032609235.1_ASM3260923v1|NZ_CP118294.1|length=17843	GCF_032610675.1_ASM3261067v1|NZ_CP119378.1|length=16544
GCF_032610035.1_ASM3261003v1|NZ_CP118298.1|length=902845	GCF_032610035.1_ASM3261003v1|NZ_CP118298.1|length=902845
GCF_032610035.1_ASM3261003v1|NZ_CP118301.1|length=23895	GCF_032610035.1_ASM3261003v1|NZ_CP118301.1|length=23895
GCF_032610675.1_ASM3261067v1|NZ_CP119374.1|length=903203	GCF_032610675.1_ASM3261067v1|NZ_CP119374.1|length=903203
GCF_032610675.1_ASM3261067v1|NZ_CP119377.1|length=22814	GCF_032610675.1_ASM3261067v1|NZ_CP119377.1|length=22814
GCF_035341875.1_ASM3534187v1|NZ_CP117839.1|length=903547	GCF_035341875.1_ASM3534187v1|NZ_CP117839.1|length=903547
GCF_035341875.1_ASM3534187v1|NZ_CP117845.1|length=37129	GCF_035341875.1_ASM3534187v1|NZ_CP117845.1|length=37129
GCF_035341875.1_ASM3534187v1|NZ_CP117847.1|length=64069	GCF_035341875.1_ASM3534187v1|NZ_CP117847.1|length=64069
GCF_035341875.1_ASM3534187v1|NZ_CP117843.1|length=27473	GCF_035341875.1_ASM3534187v1|NZ_CP117843.1|length=27473
GCF_035341875.1_ASM3534187v1|NZ_CP117844.1|length=31477	GCF_035341875.1_ASM3534187v1|NZ_CP117844.1|length=31477
GCF_035341875.1_ASM3534187v1|NZ_CP117842.1|length=29682	GCF_035341875.1_ASM3534187v1|NZ_CP117842.1|length=29682
GCF_035341875.1_ASM3534187v1|NZ_CP117841.1|length=16802	GCF_035341875.1_ASM3534187v1|NZ_CP117841.1|length=16802
GCF_035341875.1_ASM3534187v1|NZ_CP117846.1|length=55831	GCF_035341875.1_ASM3534187v1|NZ_CP117846.1|length=55831
GCF_040268345.1_ASM4026834v1|NZ_CP158509.1|length=906733	GCF_040268345.1_ASM4026834v1|NZ_CP158509.1|length=906733
GCF_040268345.1_ASM4026834v1|NZ_CP158509.1|length=906733	GCF_000021405.1_ASM2140v1|NC_011728.1|length=906707
GCF_040790685.1_ASM4079068v1|NZ_CP161017.1|length=903339	GCF_040790685.1_ASM4079068v1|NZ_CP161017.1|length=903339
GCF_040790685.1_ASM4079068v1|NZ_CP161020.1|length=31282	GCF_040790685.1_ASM4079068v1|NZ_CP161020.1|length=31282
GCF_040790685.1_ASM4079068v1|NZ_CP161020.1|length=31282	GCF_001900865.1_ASM190086v1|NZ_CP018275.1|length=7497
GCF_040790685.1_ASM4079068v1|NZ_CP161020.1|length=31282	GCF_001900865.1_ASM190086v1|NZ_CP018278.1|length=5088
GCF_040790685.1_ASM4079068v1|NZ_CP161020.1|length=31282	GCF_001900865.1_ASM190086v1|NZ_CP018272.1|length=9824
GCF_040790685.1_ASM4079068v1|NZ_CP161021.1|length=31222	GCF_040790685.1_ASM4079068v1|NZ_CP161021.1|length=31222
GCF_040790685.1_ASM4079068v1|NZ_CP161021.1|length=31222	GCF_001900865.1_ASM190086v1|NZ_CP018276.1|length=5655
GCF_040790685.1_ASM4079068v1|NZ_CP161021.1|length=31222	GCF_001900865.1_ASM190086v1|NZ_CP018273.1|length=9579
GCF_040790685.1_ASM4079068v1|NZ_CP161022.1|length=30769	GCF_040790685.1_ASM4079068v1|NZ_CP161022.1|length=30769
GCF_040790685.1_ASM4079068v1|NZ_CP161022.1|length=30769	GCF_001900865.1_ASM190086v1|NZ_CP018271.1|length=10696
GCF_040790685.1_ASM4079068v1|NZ_CP161029.1|length=8899	GCF_040790685.1_ASM4079068v1|NZ_CP161029.1|length=8899
GCF_040790685.1_ASM4079068v1|NZ_CP161024.1|length=27192	GCF_040790685.1_ASM4079068v1|NZ_CP161024.1|length=27192
GCF_040790685.1_ASM4079068v1|NZ_CP161024.1|length=27192	GCF_001900865.1_ASM190086v1|NZ_CP018265.1|length=27055
GCF_040790685.1_ASM4079068v1|NZ_CP161027.1|length=24709	GCF_040790685.1_ASM4079068v1|NZ_CP161027.1|length=24709
GCF_040790685.1_ASM4079068v1|NZ_CP161026.1|length=25887	GCF_040790685.1_ASM4079068v1|NZ_CP161026.1|length=25887
GCF_040790685.1_ASM4079068v1|NZ_CP161026.1|length=25887	GCF_001900865.1_ASM190086v1|NZ_CP018267.1|length=25591
GCF_040790685.1_ASM4079068v1|NZ_CP161023.1|length=30671	GCF_040790685.1_ASM4079068v1|NZ_CP161023.1|length=30671
GCF_040790685.1_ASM4079068v1|NZ_CP161023.1|length=30671	GCF_001900865.1_ASM190086v1|NZ_CP018264.1|length=28972
GCF_040790685.1_ASM4079068v1|NZ_CP161023.1|length=30671	GCF_000165595.2_ASM16559v2|NT_167350.1|length=8579
GCF_040790685.1_ASM4079068v1|NZ_CP161023.1|length=30671	GCF_000222835.1_ASM22283v1|NC_017236.1|length=20715
GCF_040790705.1_ASM4079070v1|NZ_CP161030.1|length=903064	GCF_040790705.1_ASM4079070v1|NZ_CP161030.1|length=903064
GCF_040790705.1_ASM4079070v1|NZ_CP161035.1|length=29563	GCF_040790705.1_ASM4079070v1|NZ_CP161035.1|length=29563
GCF_040790705.1_ASM4079070v1|NZ_CP161035.1|length=29563	GCF_001922545.1_ASM192254v1|NZ_CP018747.1|length=27673
GCF_040790705.1_ASM4079070v1|NZ_CP161038.1|length=25710	GCF_040790705.1_ASM4079070v1|NZ_CP161038.1|length=25710
GCF_040790705.1_ASM4079070v1|NZ_CP161038.1|length=25710	GCF_001922545.1_ASM192254v1|NZ_CP018752.1|length=20750
GCF_040790705.1_ASM4079070v1|NZ_CP161038.1|length=25710	GCF_003814405.1_ASM381440v1|NZ_CP028871.1|length=25672
GCF_040790715.1_ASM4079071v1|NZ_CP161144.1|length=908738	GCF_040790715.1_ASM4079071v1|NZ_CP161144.1|length=908738
GCF_040790715.1_ASM4079071v1|NZ_CP161144.1|length=908738	GCF_002996585.1_ASM299658v1|NZ_PHOL01000001.1|length=900013
GCF_040790715.1_ASM4079071v1|NZ_CP161154.1|length=26519	GCF_040790715.1_ASM4079071v1|NZ_CP161154.1|length=26519
GCF_040790715.1_ASM4079071v1|NZ_CP161146.1|length=30321	GCF_040790715.1_ASM4079071v1|NZ_CP161146.1|length=30321
GCF_040790715.1_ASM4079071v1|NZ_CP161146.1|length=30321	GCF_002996625.1_ASM299662v1|NZ_PHOO01000013.1|length=7821
GCF_040790715.1_ASM4079071v1|NZ_CP161148.1|length=30031	GCF_040790715.1_ASM4079071v1|NZ_CP161148.1|length=30031
GCF_040790715.1_ASM4079071v1|NZ_CP161148.1|length=30031	GCF_002997285.1_ASM299728v1|NZ_PHQO01000017.1|length=7142
GCF_040790715.1_ASM4079071v1|NZ_CP161152.1|length=27454	GCF_040790715.1_ASM4079071v1|NZ_CP161152.1|length=27454
GCF_040790715.1_ASM4079071v1|NZ_CP161152.1|length=27454	GCF_002995985.1_ASM299598v1|NZ_PHOW01000013.1|length=10642
GCF_040790715.1_ASM4079071v1|NZ_CP161152.1|length=27454	GCF_019464575.1_ASM1946457v1|NZ_CP074072.1|length=24387
GCF_040790715.1_ASM4079071v1|NZ_CP161151.1|length=28813	GCF_040790715.1_ASM4079071v1|NZ_CP161151.1|length=28813
GCF_040790715.1_ASM4079071v1|NZ_CP161151.1|length=28813	GCF_002995885.1_ASM299588v1|NZ_PHOM01000015.1|length=6329
GCF_040790715.1_ASM4079071v1|NZ_CP161151.1|length=28813	GCF_002995885.1_ASM299588v1|NZ_PHOM01000009.1|length=21314
GCF_040790715.1_ASM4079071v1|NZ_CP161151.1|length=28813	GCF_002996585.1_ASM299658v1|NZ_PHOL01000019.1|length=6388
GCF_040790715.1_ASM4079071v1|NZ_CP161151.1|length=28813	GCF_002996625.1_ASM299662v1|NZ_PHOO01000016.1|length=6480
GCF_040790715.1_ASM4079071v1|NZ_CP161151.1|length=28813	GCF_002996625.1_ASM299662v1|NZ_PHOO01000008.1|length=21314
GCF_040790715.1_ASM4079071v1|NZ_CP161151.1|length=28813	GCF_000166655.1_ASM16665v1|NC_017405.1|length=28797
GCF_040790715.1_ASM4079071v1|NZ_CP161151.1|length=28813	GCF_000181555.2_ASM18155v2|NC_011874.1|length=28770
GCF_040790715.1_ASM4079071v1|NZ_CP161151.1|length=28813	GCF_030445065.1_ASM3044506v2|NZ_CP179364.1|length=28644
GCF_040790715.1_ASM4079071v1|NZ_CP161149.1|length=29966	GCF_040790715.1_ASM4079071v1|NZ_CP161149.1|length=29966
GCF_040790715.1_ASM4079071v1|NZ_CP161153.1|length=27233	GCF_040790715.1_ASM4079071v1|NZ_CP161153.1|length=27233
GCF_040790715.1_ASM4079071v1|NZ_CP161153.1|length=27233	GCF_002995885.1_ASM299588v1|NZ_PHOM01000011.1|length=11442
GCF_040790715.1_ASM4079071v1|NZ_CP161153.1|length=27233	GCF_002996125.1_ASM299612v1|NZ_PHPF01000011.1|length=10069
GCF_040790715.1_ASM4079071v1|NZ_CP161153.1|length=27233	GCF_002996585.1_ASM299658v1|NZ_PHOL01000011.1|length=11342
GCF_040790715.1_ASM4079071v1|NZ_CP161153.1|length=27233	GCF_051054305.1_ASM5105430v1|NZ_CP147768.1|length=10220
GCF_040790715.1_ASM4079071v1|NZ_CP161153.1|length=27233	GCF_040790735.1_ASM4079073v1|NZ_CP161066.1|length=27192
GCF_040790715.1_ASM4079071v1|NZ_CP161153.1|length=27233	GCF_002996475.1_ASM299647v1|NZ_PHOF01000008.1|length=10184
GCF_040790715.1_ASM4079071v1|NZ_CP161153.1|length=27233	GCF_002996625.1_ASM299662v1|NZ_PHOO01000010.1|length=10143
GCF_040790715.1_ASM4079071v1|NZ_CP161153.1|length=27233	GCF_002997285.1_ASM299728v1|NZ_PHQO01000011.1|length=10264
GCF_040790735.1_ASM4079073v1|NZ_CP161055.1|length=909471	GCF_040790735.1_ASM4079073v1|NZ_CP161055.1|length=909471
GCF_040790735.1_ASM4079073v1|NZ_CP161055.1|length=909471	GCF_000181555.2_ASM18155v2|NZ_ABCV02000001.1|length=908814
GCF_040790735.1_ASM4079073v1|NZ_CP161067.1|length=26522	GCF_040790735.1_ASM4079073v1|NZ_CP161067.1|length=26522
GCF_040790735.1_ASM4079073v1|NZ_CP161057.1|length=30951	GCF_040790735.1_ASM4079073v1|NZ_CP161057.1|length=30951
GCF_040790735.1_ASM4079073v1|NZ_CP161058.1|length=30841	GCF_040790735.1_ASM4079073v1|NZ_CP161058.1|length=30841
GCF_040790735.1_ASM4079073v1|NZ_CP161063.1|length=30035	GCF_040790735.1_ASM4079073v1|NZ_CP161063.1|length=30035
GCF_040790735.1_ASM4079073v1|NZ_CP161063.1|length=30035	GCF_000166655.1_ASM16665v1|NC_017408.1|length=26981
GCF_040790735.1_ASM4079073v1|NZ_CP161063.1|length=30035	GCF_051054485.1_ASM5105448v1|NZ_CP147293.1|length=29465
GCF_040790735.1_ASM4079073v1|NZ_CP161063.1|length=30035	GCF_002996865.1_ASM299686v1|NZ_PHPG01000019.1|length=6380
GCF_040790735.1_ASM4079073v1|NZ_CP161062.1|length=30064	GCF_040790735.1_ASM4079073v1|NZ_CP161062.1|length=30064
GCF_040790745.1_ASM4079074v1|NZ_CP161088.1|length=17483	GCF_040790745.1_ASM4079074v1|NZ_CP161088.1|length=17483
GCF_040790745.1_ASM4079074v1|NZ_CP161086.1|length=23907	GCF_040790745.1_ASM4079074v1|NZ_CP161086.1|length=23907
GCF_040790745.1_ASM4079074v1|NZ_CP161077.1|length=30842	GCF_040790745.1_ASM4079074v1|NZ_CP161077.1|length=30842
GCF_040790745.1_ASM4079074v1|NZ_CP161077.1|length=30842	GCF_000166635.1_ASM16663v1|NC_017414.1|length=29194
GCF_040790745.1_ASM4079074v1|NZ_CP161077.1|length=30842	GCF_002996245.1_ASM299624v1|NZ_PHPS01000010.1|length=21041
GCF_040790745.1_ASM4079074v1|NZ_CP161077.1|length=30842	GCF_002996865.1_ASM299686v1|NZ_PHPG01000009.1|length=21048
GCF_040790745.1_ASM4079074v1|NZ_CP161077.1|length=30842	GCF_002996925.1_ASM299692v1|NZ_PHPP01000010.1|length=21040
GCF_040790755.1_ASM4079075v1|NZ_CP161096.1|length=30221	GCF_040790755.1_ASM4079075v1|NZ_CP161096.1|length=30221
GCF_040790755.1_ASM4079075v1|NZ_CP161096.1|length=30221	GCF_002996305.1_ASM299630v1|NZ_PHPZ01000013.1|length=8210
GCF_040790755.1_ASM4079075v1|NZ_CP161096.1|length=30221	GCF_002996345.1_ASM299634v1|NZ_PHQB01000010.1|length=8232
GCF_040790755.1_ASM4079075v1|NZ_CP161096.1|length=30221	GCF_002996365.1_ASM299636v1|NZ_PHQC01000014.1|length=8210
GCF_040790755.1_ASM4079075v1|NZ_CP161096.1|length=30221	GCF_002997045.1_ASM299704v1|NZ_PHPV01000013.1|length=8219
GCF_040790755.1_ASM4079075v1|NZ_CP161096.1|length=30221	GCF_002997105.1_ASM299710v1|NZ_PHPY01000015.1|length=8210
GCF_040790755.1_ASM4079075v1|NZ_CP161096.1|length=30221	GCF_002997165.1_ASM299716v1|NZ_PHQD01000012.1|length=13211
GCF_040790755.1_ASM4079075v1|NZ_CP161097.1|length=30167	GCF_040790755.1_ASM4079075v1|NZ_CP161097.1|length=30167
GCF_040790755.1_ASM4079075v1|NZ_CP161097.1|length=30167	GCF_002995915.1_ASM299591v1|NZ_PHOJ01000014.1|length=9036
GCF_040790755.1_ASM4079075v1|NZ_CP161097.1|length=30167	GCF_002996245.1_ASM299624v1|NZ_PHPS01000014.1|length=8184
GCF_040790755.1_ASM4079075v1|NZ_CP161097.1|length=30167	GCF_002996345.1_ASM299634v1|NZ_PHQB01000014.1|length=6899
GCF_040790755.1_ASM4079075v1|NZ_CP161097.1|length=30167	GCF_002996925.1_ASM299692v1|NZ_PHPP01000014.1|length=8112
GCF_040790755.1_ASM4079075v1|NZ_CP161097.1|length=30167	GCF_002997045.1_ASM299704v1|NZ_PHPV01000018.1|length=5482
GCF_040790755.1_ASM4079075v1|NZ_CP161097.1|length=30167	GCF_002997105.1_ASM299710v1|NZ_PHPY01000019.1|length=5482
GCF_040790755.1_ASM4079075v1|NZ_CP161097.1|length=30167	GCF_002997165.1_ASM299716v1|NZ_PHQD01000015.1|length=8146
GCF_040790755.1_ASM4079075v1|NZ_CP161097.1|length=30167	GCF_000166635.1_ASM16663v1|NC_017424.1|length=30154
GCF_040790755.1_ASM4079075v1|NZ_CP161097.1|length=30167	GCF_040790745.1_ASM4079074v1|NZ_CP161079.1|length=30154
GCF_040790755.1_ASM4079075v1|NZ_CP161097.1|length=30167	GCF_002996405.1_ASM299640v1|NZ_PHQH01000019.1|length=6328
GCF_040790755.1_ASM4079075v1|NZ_CP161095.1|length=30312	GCF_040790755.1_ASM4079075v1|NZ_CP161095.1|length=30312
GCF_040790755.1_ASM4079075v1|NZ_CP161095.1|length=30312	GCF_002996305.1_ASM299630v1|NZ_PHPZ01000015.1|length=7079
GCF_040790755.1_ASM4079075v1|NZ_CP161095.1|length=30312	GCF_002996345.1_ASM299634v1|NZ_PHQB01000012.1|length=7991
GCF_040790755.1_ASM4079075v1|NZ_CP161095.1|length=30312	GCF_002996365.1_ASM299636v1|NZ_PHQC01000011.1|length=11500
GCF_040790755.1_ASM4079075v1|NZ_CP161095.1|length=30312	GCF_002996365.1_ASM299636v1|NZ_PHQC01000016.1|length=7079
GCF_040790755.1_ASM4079075v1|NZ_CP161095.1|length=30312	GCF_002996485.1_ASM299648v1|NZ_PHOG01000013.1|length=7711
GCF_040790755.1_ASM4079075v1|NZ_CP161095.1|length=30312	GCF_002996705.1_ASM299670v1|NZ_PHOU01000012.1|length=9281
GCF_040790755.1_ASM4079075v1|NZ_CP161095.1|length=30312	GCF_002997045.1_ASM299704v1|NZ_PHPV01000014.1|length=7454
GCF_040790755.1_ASM4079075v1|NZ_CP161095.1|length=30312	GCF_002997105.1_ASM299710v1|NZ_PHPY01000016.1|length=6959
GCF_040790755.1_ASM4079075v1|NZ_CP161095.1|length=30312	GCF_002997165.1_ASM299716v1|NZ_PHQD01000017.1|length=7456
GCF_040790755.1_ASM4079075v1|NZ_CP161099.1|length=29617	GCF_040790755.1_ASM4079075v1|NZ_CP161099.1|length=29617
GCF_040790755.1_ASM4079075v1|NZ_CP161099.1|length=29617	GCF_002995935.1_ASM299593v1|NZ_PHOK01000017.1|length=5385
GCF_040790755.1_ASM4079075v1|NZ_CP161099.1|length=29617	GCF_002997105.1_ASM299710v1|NZ_PHPY01000013.1|length=8583
GCF_040790755.1_ASM4079075v1|NZ_CP161099.1|length=29617	GCF_002996395.1_ASM299639v1|NZ_PHQF01000012.1|length=10713
GCF_040790755.1_ASM4079075v1|NZ_CP161094.1|length=30666	GCF_040790755.1_ASM4079075v1|NZ_CP161094.1|length=30666
GCF_040790755.1_ASM4079075v1|NZ_CP161094.1|length=30666	GCF_002997045.1_ASM299704v1|NZ_PHPV01000015.1|length=7373
GCF_040790755.1_ASM4079075v1|NZ_CP161094.1|length=30666	GCF_002997105.1_ASM299710v1|NZ_PHPY01000011.1|length=10465
GCF_040790755.1_ASM4079075v1|NZ_CP161094.1|length=30666	GCF_002997105.1_ASM299710v1|NZ_PHPY01000018.1|length=5932
GCF_040790755.1_ASM4079075v1|NZ_CP161100.1|length=29570	GCF_040790755.1_ASM4079075v1|NZ_CP161100.1|length=29570
GCF_040790755.1_ASM4079075v1|NZ_CP161100.1|length=29570	GCF_051054345.1_ASM5105434v1|NZ_CP147257.1|length=15832
GCF_040790755.1_ASM4079075v1|NZ_CP161101.1|length=28949	GCF_040790755.1_ASM4079075v1|NZ_CP161101.1|length=28949
GCF_040790755.1_ASM4079075v1|NZ_CP161101.1|length=28949	GCF_002995915.1_ASM299591v1|NZ_PHOJ01000009.1|length=21266
GCF_040790755.1_ASM4079075v1|NZ_CP161101.1|length=28949	GCF_002996305.1_ASM299630v1|NZ_PHPZ01000008.1|length=21119
GCF_040790755.1_ASM4079075v1|NZ_CP161101.1|length=28949	GCF_002996345.1_ASM299634v1|NZ_PHQB01000007.1|length=21119
GCF_040790755.1_ASM4079075v1|NZ_CP161101.1|length=28949	GCF_002996365.1_ASM299636v1|NZ_PHQC01000017.1|length=5966
GCF_040790755.1_ASM4079075v1|NZ_CP161101.1|length=28949	GCF_002996365.1_ASM299636v1|NZ_PHQC01000008.1|length=21119
GCF_040790755.1_ASM4079075v1|NZ_CP161101.1|length=28949	GCF_002996485.1_ASM299648v1|NZ_PHOG01000010.1|length=21247
GCF_040790755.1_ASM4079075v1|NZ_CP161101.1|length=28949	GCF_002997045.1_ASM299704v1|NZ_PHPV01000008.1|length=21119
GCF_040790755.1_ASM4079075v1|NZ_CP161101.1|length=28949	GCF_002997105.1_ASM299710v1|NZ_PHPY01000023.1|length=5108
GCF_040790755.1_ASM4079075v1|NZ_CP161101.1|length=28949	GCF_002997105.1_ASM299710v1|NZ_PHPY01000008.1|length=21119
GCF_040790755.1_ASM4079075v1|NZ_CP161101.1|length=28949	GCF_002997165.1_ASM299716v1|NZ_PHQD01000009.1|length=21202
GCF_040790755.1_ASM4079075v1|NZ_CP161093.1|length=39050	GCF_040790755.1_ASM4079075v1|NZ_CP161093.1|length=39050
GCF_040790755.1_ASM4079075v1|NZ_CP161093.1|length=39050	GCF_002995985.1_ASM299598v1|NZ_PHOW01000014.1|length=8407
GCF_040790755.1_ASM4079075v1|NZ_CP161093.1|length=39050	GCF_002995985.1_ASM299598v1|NZ_PHOW01000016.1|length=5060
GCF_040790755.1_ASM4079075v1|NZ_CP161093.1|length=39050	GCF_002996105.1_ASM299610v1|NZ_PHPH01000013.1|length=8407
GCF_040790755.1_ASM4079075v1|NZ_CP161093.1|length=39050	GCF_002996105.1_ASM299610v1|NZ_PHPH01000016.1|length=5133
GCF_040790755.1_ASM4079075v1|NZ_CP161093.1|length=39050	GCF_002996285.1_ASM299628v1|NZ_PHPU01000014.1|length=8407
GCF_040790755.1_ASM4079075v1|NZ_CP161093.1|length=39050	GCF_002996285.1_ASM299628v1|NZ_PHPU01000019.1|length=5011
GCF_040790755.1_ASM4079075v1|NZ_CP161093.1|length=39050	GCF_002996305.1_ASM299630v1|NZ_PHPZ01000012.1|length=8428
GCF_040790755.1_ASM4079075v1|NZ_CP161093.1|length=39050	GCF_002996305.1_ASM299630v1|NZ_PHPZ01000019.1|length=5220
GCF_040790755.1_ASM4079075v1|NZ_CP161093.1|length=39050	GCF_002996345.1_ASM299634v1|NZ_PHQB01000011.1|length=8158
GCF_040790755.1_ASM4079075v1|NZ_CP161093.1|length=39050	GCF_002996345.1_ASM299634v1|NZ_PHQB01000020.1|length=5254
GCF_040790755.1_ASM4079075v1|NZ_CP161093.1|length=39050	GCF_002996365.1_ASM299636v1|NZ_PHQC01000013.1|length=8428
GCF_040790755.1_ASM4079075v1|NZ_CP161093.1|length=39050	GCF_002996365.1_ASM299636v1|NZ_PHQC01000020.1|length=5211
GCF_040790755.1_ASM4079075v1|NZ_CP161093.1|length=39050	GCF_002996965.1_ASM299696v1|NZ_PHPM01000015.1|length=8407
GCF_040790755.1_ASM4079075v1|NZ_CP161093.1|length=39050	GCF_002996965.1_ASM299696v1|NZ_PHPM01000019.1|length=5200
GCF_040790755.1_ASM4079075v1|NZ_CP161093.1|length=39050	GCF_002997045.1_ASM299704v1|NZ_PHPV01000012.1|length=8428
GCF_040790755.1_ASM4079075v1|NZ_CP161093.1|length=39050	GCF_002997045.1_ASM299704v1|NZ_PHPV01000022.1|length=5221
GCF_040790755.1_ASM4079075v1|NZ_CP161093.1|length=39050	GCF_002997065.1_ASM299706v1|NZ_PHQA01000015.1|length=8407
GCF_040790755.1_ASM4079075v1|NZ_CP161093.1|length=39050	GCF_002997065.1_ASM299706v1|NZ_PHQA01000019.1|length=5079
GCF_040790755.1_ASM4079075v1|NZ_CP161093.1|length=39050	GCF_002997105.1_ASM299710v1|NZ_PHPY01000014.1|length=8428
GCF_040790755.1_ASM4079075v1|NZ_CP161093.1|length=39050	GCF_002997105.1_ASM299710v1|NZ_PHPY01000022.1|length=5220
GCF_040790755.1_ASM4079075v1|NZ_CP161093.1|length=39050	GCF_002997165.1_ASM299716v1|NZ_PHQD01000016.1|length=7904
GCF_040790755.1_ASM4079075v1|NZ_CP161093.1|length=39050	GCF_002997165.1_ASM299716v1|NZ_PHQD01000021.1|length=5164
GCF_040790755.1_ASM4079075v1|NZ_CP161093.1|length=39050	GCF_002997205.1_ASM299720v1|NZ_PHQL01000014.1|length=8452
GCF_040790755.1_ASM4079075v1|NZ_CP161093.1|length=39050	GCF_002997205.1_ASM299720v1|NZ_PHQL01000015.1|length=6299
GCF_040790765.1_ASM4079076v1|NZ_CP161119.1|length=26528	GCF_040790765.1_ASM4079076v1|NZ_CP161119.1|length=26528
GCF_040790765.1_ASM4079076v1|NZ_CP161111.1|length=30380	GCF_040790765.1_ASM4079076v1|NZ_CP161111.1|length=30380
GCF_040790765.1_ASM4079076v1|NZ_CP161111.1|length=30380	GCF_002997145.1_ASM299714v1|NZ_PHQJ01000013.1|length=8894
GCF_040790765.1_ASM4079076v1|NZ_CP161111.1|length=30380	GCF_002997245.1_ASM299724v1|NZ_PHQM01000011.1|length=7854
GCF_040790765.1_ASM4079076v1|NZ_CP161111.1|length=30380	GCF_040790785.1_ASM4079078v1|NZ_CP161130.1|length=30374
GCF_040790765.1_ASM4079076v1|NZ_CP161114.1|length=30140	GCF_040790765.1_ASM4079076v1|NZ_CP161114.1|length=30140
GCF_040790765.1_ASM4079076v1|NZ_CP161114.1|length=30140	GCF_002995985.1_ASM299598v1|NZ_PHOW01000015.1|length=5977
GCF_040790765.1_ASM4079076v1|NZ_CP161114.1|length=30140	GCF_002996105.1_ASM299610v1|NZ_PHPH01000015.1|length=5351
GCF_040790765.1_ASM4079076v1|NZ_CP161114.1|length=30140	GCF_002996645.1_ASM299664v1|NZ_PHOP01000016.1|length=5128
GCF_040790765.1_ASM4079076v1|NZ_CP161114.1|length=30140	GCF_002997245.1_ASM299724v1|NZ_PHQM01000013.1|length=7144
GCF_040790765.1_ASM4079076v1|NZ_CP161114.1|length=30140	GCF_002997245.1_ASM299724v1|NZ_PHQM01000015.1|length=6124
GCF_040790765.1_ASM4079076v1|NZ_CP161114.1|length=30140	GCF_002997265.1_ASM299726v1|NZ_PHQN01000013.1|length=6180
GCF_040790765.1_ASM4079076v1|NZ_CP161114.1|length=30140	GCF_040790785.1_ASM4079078v1|NZ_CP161132.1|length=30151
GCF_040790765.1_ASM4079076v1|NZ_CP161110.1|length=30784	GCF_040790765.1_ASM4079076v1|NZ_CP161110.1|length=30784
GCF_040790765.1_ASM4079076v1|NZ_CP161110.1|length=30784	GCF_002996345.1_ASM299634v1|NZ_PHQB01000016.1|length=5992
GCF_040790765.1_ASM4079076v1|NZ_CP161110.1|length=30784	GCF_002996465.1_ASM299646v1|NZ_PHOE01000018.1|length=5330
GCF_040790765.1_ASM4079076v1|NZ_CP161110.1|length=30784	GCF_002997085.1_ASM299708v1|NZ_PHPW01000015.1|length=5978
GCF_040790765.1_ASM4079076v1|NZ_CP161110.1|length=30784	GCF_002997145.1_ASM299714v1|NZ_PHQJ01000014.1|length=7974
GCF_040790765.1_ASM4079076v1|NZ_CP161110.1|length=30784	GCF_002997165.1_ASM299716v1|NZ_PHQD01000011.1|length=15515
GCF_040790765.1_ASM4079076v1|NZ_CP161115.1|length=30037	GCF_040790765.1_ASM4079076v1|NZ_CP161115.1|length=30037
GCF_040790765.1_ASM4079076v1|NZ_CP161115.1|length=30037	GCF_003367295.1_ASM336729v1|NZ_CP031410.1|length=13328
GCF_040790765.1_ASM4079076v1|NZ_CP161109.1|length=30826	GCF_040790765.1_ASM4079076v1|NZ_CP161109.1|length=30826
GCF_040790765.1_ASM4079076v1|NZ_CP161109.1|length=30826	GCF_002996645.1_ASM299664v1|NZ_PHOP01000014.1|length=7436
GCF_040790765.1_ASM4079076v1|NZ_CP161109.1|length=30826	GCF_002997245.1_ASM299724v1|NZ_PHQM01000009.1|length=8833
GCF_040790765.1_ASM4079076v1|NZ_CP161118.1|length=27762	GCF_040790765.1_ASM4079076v1|NZ_CP161118.1|length=27762
GCF_040790765.1_ASM4079076v1|NZ_CP161118.1|length=27762	GCF_002997145.1_ASM299714v1|NZ_PHQJ01000006.1|length=27713
GCF_040790775.1_ASM4079077v1|NZ_CP161174.1|length=907632	GCF_040790775.1_ASM4079077v1|NZ_CP161174.1|length=907632
GCF_040790775.1_ASM4079077v1|NZ_CP161185.1|length=28647	GCF_040790775.1_ASM4079077v1|NZ_CP161185.1|length=28647
GCF_040790775.1_ASM4079077v1|NZ_CP161185.1|length=28647	GCF_000008685.2_ASM868v2|NC_001903.1|length=26498
GCF_040790775.1_ASM4079077v1|NZ_CP161185.1|length=28647	GCF_000021405.1_ASM2140v1|NC_011724.1|length=26514
GCF_040790775.1_ASM4079077v1|NZ_CP161185.1|length=28647	GCF_002083055.2_ASM208305v2|NZ_NBTP02000001.1|length=26498
GCF_040790775.1_ASM4079077v1|NZ_CP161185.1|length=28647	GCF_002151465.1_ASM215146v1|NZ_CP019845.1|length=26498
GCF_040790775.1_ASM4079077v1|NZ_CP161185.1|length=28647	GCF_002151485.1_ASM215148v1|NZ_CP019917.1|length=26498
GCF_040790775.1_ASM4079077v1|NZ_CP161185.1|length=28647	GCF_002151505.1_ASM215150v1|NZ_CP019755.1|length=26498
GCF_040790775.1_ASM4079077v1|NZ_CP161185.1|length=28647	GCF_030439605.1_ASM3043960v2|NZ_CP124089.1|length=26498
GCF_040790775.1_ASM4079077v1|NZ_CP161185.1|length=28647	GCF_030439625.1_ASM3043962v2|NZ_CP124093.1|length=26454
GCF_040790775.1_ASM4079077v1|NZ_CP161185.1|length=28647	GCF_030444985.1_ASM3044498v1|NZ_CP124081.1|length=26498
GCF_040790775.1_ASM4079077v1|NZ_CP161185.1|length=28647	GCF_030445005.1_ASM3044500v2|NZ_CP124097.1|length=26454
GCF_040790775.1_ASM4079077v1|NZ_CP161185.1|length=28647	GCF_030445025.1_ASM3044502v2|NZ_CP124101.1|length=26504
GCF_040790775.1_ASM4079077v1|NZ_CP161185.1|length=28647	GCF_030445065.1_ASM3044506v2|NZ_CP124085.1|length=26525
GCF_040790775.1_ASM4079077v1|NZ_CP161185.1|length=28647	GCF_032595375.1_ASM3259537v2|NZ_CP132424.1|length=26505
GCF_040790775.1_ASM4079077v1|NZ_CP161185.1|length=28647	GCF_040790805.1_ASM4079080v1|NZ_CP161199.1|length=26498
GCF_040790775.1_ASM4079077v1|NZ_CP161185.1|length=28647	GCF_040819585.1_PFhe_I_PB_Ill_cons|NZ_CP161905.1|length=26504
GCF_040790775.1_ASM4079077v1|NZ_CP161189.1|length=18812	GCF_040790775.1_ASM4079077v1|NZ_CP161189.1|length=18812
GCF_040790775.1_ASM4079077v1|NZ_CP161189.1|length=18812	GCF_000008685.2_ASM868v2|NC_000955.2|length=18777
GCF_040790775.1_ASM4079077v1|NZ_CP161189.1|length=18812	GCF_024662195.1_ASM2466219v1|NZ_CP094608.1|length=18211
GCF_040790785.1_ASM4079078v1|NZ_CP161138.1|length=26529	GCF_040790785.1_ASM4079078v1|NZ_CP161138.1|length=26529
GCF_040790785.1_ASM4079078v1|NZ_CP161131.1|length=30350	GCF_040790785.1_ASM4079078v1|NZ_CP161131.1|length=30350
GCF_040790785.1_ASM4079078v1|NZ_CP161133.1|length=29433	GCF_040790785.1_ASM4079078v1|NZ_CP161133.1|length=29433
GCF_040790785.1_ASM4079078v1|NZ_CP161133.1|length=29433	GCF_002996645.1_ASM299664v1|NZ_PHOP01000012.1|length=8845
GCF_040790785.1_ASM4079078v1|NZ_CP161133.1|length=29433	GCF_002997145.1_ASM299714v1|NZ_PHQJ01000016.1|length=7695
GCF_040790785.1_ASM4079078v1|NZ_CP161129.1|length=30461	GCF_040790785.1_ASM4079078v1|NZ_CP161129.1|length=30461
GCF_040790785.1_ASM4079078v1|NZ_CP161128.1|length=30526	GCF_040790785.1_ASM4079078v1|NZ_CP161128.1|length=30526
GCF_040790785.1_ASM4079078v1|NZ_CP161128.1|length=30526	GCF_003367295.1_ASM336729v1|NZ_CP031407.1|length=14018
GCF_040790785.1_ASM4079078v1|NZ_CP161141.1|length=21179	GCF_040790785.1_ASM4079078v1|NZ_CP161141.1|length=21179
GCF_040790785.1_ASM4079078v1|NZ_CP161141.1|length=21179	GCF_002996645.1_ASM299664v1|NZ_PHOP01000010.1|length=18917
GCF_040790785.1_ASM4079078v1|NZ_CP161141.1|length=21179	GCF_002997245.1_ASM299724v1|NZ_PHQM01000008.1|length=18917
GCF_040790785.1_ASM4079078v1|NZ_CP161141.1|length=21179	GCF_002997265.1_ASM299726v1|NZ_PHQN01000009.1|length=18916
GCF_040790785.1_ASM4079078v1|NZ_CP161141.1|length=21179	GCF_051054475.1_ASM5105447v1|NZ_CP147284.1|length=20066
GCF_040790785.1_ASM4079078v1|NZ_CP161141.1|length=21179	GCF_002996165.1_ASM299616v1|NZ_PHPK01000008.1|length=20580
GCF_040790785.1_ASM4079078v1|NZ_CP161141.1|length=21179	GCF_032595755.1_ASM3259575v2|NZ_CP179427.1|length=21110
GCF_040790795.1_ASM4079079v1|NZ_CP161158.1|length=916773	GCF_040790795.1_ASM4079079v1|NZ_CP161158.1|length=916773
GCF_040790795.1_ASM4079079v1|NZ_CP161165.1|length=27879	GCF_040790795.1_ASM4079079v1|NZ_CP161165.1|length=27879
GCF_040790795.1_ASM4079079v1|NZ_CP161165.1|length=27879	GCF_002995885.1_ASM299588v1|NZ_PHOM01000016.1|length=5843
GCF_040790795.1_ASM4079079v1|NZ_CP161165.1|length=27879	GCF_002996125.1_ASM299612v1|NZ_PHPF01000010.1|length=11047
GCF_040790795.1_ASM4079079v1|NZ_CP161165.1|length=27879	GCF_002996475.1_ASM299647v1|NZ_PHOF01000017.1|length=5630
GCF_040790795.1_ASM4079079v1|NZ_CP161165.1|length=27879	GCF_002996585.1_ASM299658v1|NZ_PHOL01000010.1|length=12014
GCF_040790795.1_ASM4079079v1|NZ_CP161165.1|length=27879	GCF_002996625.1_ASM299662v1|NZ_PHOO01000017.1|length=5843
GCF_040790795.1_ASM4079079v1|NZ_CP161165.1|length=27879	GCF_002997285.1_ASM299728v1|NZ_PHQO01000010.1|length=12033
GCF_040790795.1_ASM4079079v1|NZ_CP161165.1|length=27879	GCF_024662175.1_ASM2466217v1|NZ_CP094592.1|length=27673
GCF_040790805.1_ASM4079080v1|NZ_CP161191.1|length=907880	GCF_040790805.1_ASM4079080v1|NZ_CP161191.1|length=907880
GCF_040790805.1_ASM4079080v1|NZ_CP161196.1|length=30068	GCF_040790805.1_ASM4079080v1|NZ_CP161196.1|length=30068
GCF_040790805.1_ASM4079080v1|NZ_CP161196.1|length=30068	GCF_000008685.2_ASM868v2|NC_001851.2|length=28155
GCF_040790805.1_ASM4079080v1|NZ_CP161196.1|length=30068	GCF_002083055.2_ASM208305v2|NZ_NBTP02000010.1|length=25813
GCF_040790805.1_ASM4079080v1|NZ_CP161196.1|length=30068	GCF_002151485.1_ASM215148v1|NZ_CP019923.1|length=28157
GCF_040790805.1_ASM4079080v1|NZ_CP161196.1|length=30068	GCF_002151505.1_ASM215150v1|NZ_CP019762.1|length=21891
GCF_040790805.1_ASM4079080v1|NZ_CP161196.1|length=30068	GCF_024662195.1_ASM2466219v1|NZ_CP094609.1|length=28447
GCF_040790805.1_ASM4079080v1|NZ_CP161196.1|length=30068	GCF_030439605.1_ASM3043960v2|NZ_CP179352.1|length=24992
GCF_040819585.1_PFhe_I_PB_Ill_cons|NZ_CP161904.1|length=910259	GCF_040819585.1_PFhe_I_PB_Ill_cons|NZ_CP161904.1|length=910259
GCF_040819585.1_PFhe_I_PB_Ill_cons|NZ_CP161904.1|length=910259	GCF_002995935.1_ASM299593v1|NZ_PHOK01000001.1|length=902716
GCF_040819585.1_PFhe_I_PB_Ill_cons|NZ_CP161904.1|length=910259	GCF_002996305.1_ASM299630v1|NZ_PHPZ01000001.1|length=902882
GCF_040819585.1_PFhe_I_PB_Ill_cons|NZ_CP161904.1|length=910259	GCF_002996345.1_ASM299634v1|NZ_PHQB01000001.1|length=902435
GCF_040819585.1_PFhe_I_PB_Ill_cons|NZ_CP161904.1|length=910259	GCF_002996365.1_ASM299636v1|NZ_PHQC01000001.1|length=902646
GCF_040819585.1_PFhe_I_PB_Ill_cons|NZ_CP161904.1|length=910259	GCF_002997045.1_ASM299704v1|NZ_PHPV01000001.1|length=902392
GCF_040819585.1_PFhe_I_PB_Ill_cons|NZ_CP161904.1|length=910259	GCF_002997105.1_ASM299710v1|NZ_PHPY01000001.1|length=902524
GCF_040819585.1_PFhe_I_PB_Ill_cons|NZ_CP161904.1|length=910259	GCF_002997165.1_ASM299716v1|NZ_PHQD01000001.1|length=902186
GCF_040819585.1_PFhe_I_PB_Ill_cons|NZ_CP161904.1|length=910259	GCF_040790755.1_ASM4079075v1|NZ_CP161091.1|length=902698
GCF_040819585.1_PFhe_I_PB_Ill_cons|NZ_CP161904.1|length=910259	GCF_002996485.1_ASM299648v1|NZ_PHOG01000001.1|length=902830
GCF_040819585.1_PFhe_I_PB_Ill_cons|NZ_CP161908.1|length=47043	GCF_040819585.1_PFhe_I_PB_Ill_cons|NZ_CP161908.1|length=47043
GCF_040819585.1_PFhe_I_PB_Ill_cons|NZ_CP161908.1|length=47043	GCF_002995885.1_ASM299588v1|NZ_PHOM01000020.1|length=5120
GCF_040819585.1_PFhe_I_PB_Ill_cons|NZ_CP161908.1|length=47043	GCF_002996025.1_ASM299602v1|NZ_PHOV01000013.1|length=5557
GCF_040819585.1_PFhe_I_PB_Ill_cons|NZ_CP161908.1|length=47043	GCF_002996405.1_ASM299640v1|NZ_PHQH01000017.1|length=6987
GCF_040819585.1_PFhe_I_PB_Ill_cons|NZ_CP161908.1|length=47043	GCF_002996625.1_ASM299662v1|NZ_PHOO01000023.1|length=5120
GCF_040819585.1_PFhe_I_PB_Ill_cons|NZ_CP161908.1|length=47043	GCF_002997285.1_ASM299728v1|NZ_PHQO01000020.1|length=5108
GCF_040819585.1_PFhe_I_PB_Ill_cons|NZ_CP161908.1|length=47043	GCF_051147265.1_ASM5114726v1|NZ_CP147361.1|length=7177
GCF_040819585.1_PFhe_I_PB_Ill_cons|NZ_CP161908.1|length=47043	GCF_002996605.1_ASM299660v1|NZ_PHON01000017.1|length=7165
GCF_040819585.1_PFhe_I_PB_Ill_cons|NZ_CP161909.1|length=30708	GCF_040819585.1_PFhe_I_PB_Ill_cons|NZ_CP161909.1|length=30708
GCF_040819585.1_PFhe_I_PB_Ill_cons|NZ_CP161906.1|length=30705	GCF_040819585.1_PFhe_I_PB_Ill_cons|NZ_CP161906.1|length=30705
GCF_040819585.1_PFhe_I_PB_Ill_cons|NZ_CP161913.1|length=30430	GCF_040819585.1_PFhe_I_PB_Ill_cons|NZ_CP161913.1|length=30430
GCF_040819585.1_PFhe_I_PB_Ill_cons|NZ_CP161913.1|length=30430	GCF_032595375.1_ASM3259537v2|NZ_CP179318.1|length=17531
GCF_044941625.1_ASM4494162v1|NZ_CP132440.1|length=52426	GCF_044941625.1_ASM4494162v1|NZ_CP132440.1|length=52426
GCF_044941625.1_ASM4494162v1|NZ_CP132440.1|length=52426	GCF_032595535.1_ASM3259553v1|NZ_CP132432.1|length=50502
GCF_051054285.1_ASM5105428v1|NZ_CP144341.1|length=896728	GCF_051054285.1_ASM5105428v1|NZ_CP144341.1|length=896728
GCF_051054285.1_ASM5105428v1|NZ_CP144343.1|length=30734	GCF_051054285.1_ASM5105428v1|NZ_CP144343.1|length=30734
GCF_051054285.1_ASM5105428v1|NZ_CP144343.1|length=30734	GCF_019464575.1_ASM1946457v1|NZ_CP074063.1|length=15547
GCF_051054285.1_ASM5105428v1|NZ_CP144344.1|length=36104	GCF_051054285.1_ASM5105428v1|NZ_CP144344.1|length=36104
GCF_051054285.1_ASM5105428v1|NZ_CP144344.1|length=36104	GCF_002442595.2_ASM244259v2|NZ_CP017212.1|length=24723
GCF_051054285.1_ASM5105428v1|NZ_CP144344.1|length=36104	GCF_002995935.1_ASM299593v1|NZ_PHOK01000007.1|length=24885
GCF_051054285.1_ASM5105428v1|NZ_CP144344.1|length=36104	GCF_002996395.1_ASM299639v1|NZ_PHQF01000008.1|length=24437
GCF_051054285.1_ASM5105428v1|NZ_CP144344.1|length=36104	GCF_002996405.1_ASM299640v1|NZ_PHQH01000005.1|length=24469
GCF_051054285.1_ASM5105428v1|NZ_CP144344.1|length=36104	GCF_002997085.1_ASM299708v1|NZ_PHPW01000008.1|length=24607
GCF_051054285.1_ASM5105428v1|NZ_CP144344.1|length=36104	GCF_019464575.1_ASM1946457v1|NZ_CP074059.1|length=24206
GCF_051054285.1_ASM5105428v1|NZ_CP144344.1|length=36104	GCF_051054405.1_ASM5105440v1|NZ_CP147267.1|length=11713
GCF_051054285.1_ASM5105428v1|NZ_CP144344.1|length=36104	GCF_002996345.1_ASM299634v1|NZ_PHQB01000005.1|length=24176
GCF_051054285.1_ASM5105428v1|NZ_CP144344.1|length=36104	GCF_002996305.1_ASM299630v1|NZ_PHPZ01000006.1|length=23943
GCF_051054285.1_ASM5105428v1|NZ_CP144344.1|length=36104	GCF_002996365.1_ASM299636v1|NZ_PHQC01000006.1|length=24080
GCF_051054285.1_ASM5105428v1|NZ_CP144344.1|length=36104	GCF_002997045.1_ASM299704v1|NZ_PHPV01000006.1|length=23982
GCF_051054285.1_ASM5105428v1|NZ_CP144344.1|length=36104	GCF_002997105.1_ASM299710v1|NZ_PHPY01000006.1|length=23937
GCF_051054285.1_ASM5105428v1|NZ_CP144344.1|length=36104	GCF_040790755.1_ASM4079075v1|NZ_CP161103.1|length=24220
GCF_051054285.1_ASM5105428v1|NZ_CP144344.1|length=36104	GCF_002997165.1_ASM299716v1|NZ_PHQD01000007.1|length=23282
GCF_051054285.1_ASM5105428v1|NZ_CP144344.1|length=36104	GCF_024662155.1_ASM2466215v1|NZ_CP094570.1|length=21301
GCF_051054285.1_ASM5105428v1|NZ_CP144345.1|length=21263	GCF_051054285.1_ASM5105428v1|NZ_CP144345.1|length=21263
GCF_051054285.1_ASM5105428v1|NZ_CP144346.1|length=23225	GCF_051054285.1_ASM5105428v1|NZ_CP144346.1|length=23225
GCF_051054285.1_ASM5105428v1|NZ_CP144349.1|length=60768	GCF_051054285.1_ASM5105428v1|NZ_CP144349.1|length=60768
GCF_051054285.1_ASM5105428v1|NZ_CP144349.1|length=60768	GCF_002997145.1_ASM299714v1|NZ_PHQJ01000010.1|length=14601
GCF_051054285.1_ASM5105428v1|NZ_CP144349.1|length=60768	GCF_040790765.1_ASM4079076v1|NZ_CP161112.1|length=30320
GCF_051054305.1_ASM5105430v1|NZ_CP147754.1|length=896875	GCF_051054305.1_ASM5105430v1|NZ_CP147754.1|length=896875
GCF_051054305.1_ASM5105430v1|NZ_CP147755.1|length=26708	GCF_051054305.1_ASM5105430v1|NZ_CP147755.1|length=26708
GCF_051054305.1_ASM5105430v1|NZ_CP147758.1|length=19265	GCF_051054305.1_ASM5105430v1|NZ_CP147758.1|length=19265
GCF_051054305.1_ASM5105430v1|NZ_CP147758.1|length=19265	GCF_002995985.1_ASM299598v1|NZ_PHOW01000011.1|length=18733
GCF_051054305.1_ASM5105430v1|NZ_CP147758.1|length=19265	GCF_002996105.1_ASM299610v1|NZ_PHPH01000011.1|length=18733
GCF_051054305.1_ASM5105430v1|NZ_CP147758.1|length=19265	GCF_002996285.1_ASM299628v1|NZ_PHPU01000010.1|length=18733
GCF_051054305.1_ASM5105430v1|NZ_CP147758.1|length=19265	GCF_002996965.1_ASM299696v1|NZ_PHPM01000010.1|length=18912
GCF_051054305.1_ASM5105430v1|NZ_CP147758.1|length=19265	GCF_002997065.1_ASM299706v1|NZ_PHQA01000010.1|length=18846
GCF_051054305.1_ASM5105430v1|NZ_CP147758.1|length=19265	GCF_002997205.1_ASM299720v1|NZ_PHQL01000010.1|length=19021
GCF_051054305.1_ASM5105430v1|NZ_CP147762.1|length=23096	GCF_051054305.1_ASM5105430v1|NZ_CP147762.1|length=23096
GCF_051054305.1_ASM5105430v1|NZ_CP147767.1|length=13336	GCF_051054305.1_ASM5105430v1|NZ_CP147767.1|length=13336
GCF_051054305.1_ASM5105430v1|NZ_CP147767.1|length=13336	GCF_002996705.1_ASM299670v1|NZ_PHOU01000017.1|length=5085
GCF_051054345.1_ASM5105434v1|NZ_CP147252.1|length=889271	GCF_051054345.1_ASM5105434v1|NZ_CP147252.1|length=889271
GCF_051054345.1_ASM5105434v1|NZ_CP147253.1|length=26702	GCF_051054345.1_ASM5105434v1|NZ_CP147253.1|length=26702
GCF_051054345.1_ASM5105434v1|NZ_CP147260.1|length=12714	GCF_051054345.1_ASM5105434v1|NZ_CP147260.1|length=12714
GCF_051054355.1_ASM5105435v1|NZ_CP147139.1|length=904146	GCF_051054355.1_ASM5105435v1|NZ_CP147139.1|length=904146
GCF_051054355.1_ASM5105435v1|NZ_CP147140.1|length=26699	GCF_051054355.1_ASM5105435v1|NZ_CP147140.1|length=26699
GCF_051054355.1_ASM5105435v1|NZ_CP147141.1|length=26842	GCF_051054355.1_ASM5105435v1|NZ_CP147141.1|length=26842
GCF_051054355.1_ASM5105435v1|NZ_CP147142.1|length=14263	GCF_051054355.1_ASM5105435v1|NZ_CP147142.1|length=14263
GCF_051054355.1_ASM5105435v1|NZ_CP147144.1|length=41566	GCF_051054355.1_ASM5105435v1|NZ_CP147144.1|length=41566
GCF_051054355.1_ASM5105435v1|NZ_CP147144.1|length=41566	GCF_000166655.1_ASM16665v1|NC_017409.1|length=22827
GCF_051054355.1_ASM5105435v1|NZ_CP147144.1|length=41566	GCF_000181555.2_ASM18155v2|NC_011863.1|length=24910
GCF_051054355.1_ASM5105435v1|NZ_CP147144.1|length=41566	GCF_002996025.1_ASM299602v1|NZ_PHOV01000008.1|length=24801
GCF_051054355.1_ASM5105435v1|NZ_CP147144.1|length=41566	GCF_002996125.1_ASM299612v1|NZ_PHPF01000009.1|length=11723
GCF_051054355.1_ASM5105435v1|NZ_CP147144.1|length=41566	GCF_002996165.1_ASM299616v1|NZ_PHPK01000007.1|length=24836
GCF_051054355.1_ASM5105435v1|NZ_CP147144.1|length=41566	GCF_002996645.1_ASM299664v1|NZ_PHOP01000009.1|length=24700
GCF_051054355.1_ASM5105435v1|NZ_CP147144.1|length=41566	GCF_002997245.1_ASM299724v1|NZ_PHQM01000007.1|length=25076
GCF_051054355.1_ASM5105435v1|NZ_CP147144.1|length=41566	GCF_002997265.1_ASM299726v1|NZ_PHQN01000007.1|length=24901
GCF_051054355.1_ASM5105435v1|NZ_CP147144.1|length=41566	GCF_030440345.1_ASM3044034v2|NZ_CP179421.1|length=24960
GCF_051054355.1_ASM5105435v1|NZ_CP147144.1|length=41566	GCF_040790765.1_ASM4079076v1|NZ_CP161122.1|length=24969
GCF_051054355.1_ASM5105435v1|NZ_CP147144.1|length=41566	GCF_040790785.1_ASM4079078v1|NZ_CP161140.1|length=24940
GCF_051054355.1_ASM5105435v1|NZ_CP147144.1|length=41566	GCF_051147265.1_ASM5114726v1|NZ_CP147396.1|length=11526
GCF_051054405.1_ASM5105440v1|NZ_CP147265.1|length=896798	GCF_051054405.1_ASM5105440v1|NZ_CP147265.1|length=896798
GCF_051054405.1_ASM5105440v1|NZ_CP147273.1|length=12109	GCF_051054405.1_ASM5105440v1|NZ_CP147273.1|length=12109
GCF_051054405.1_ASM5105440v1|NZ_CP147268.1|length=17186	GCF_051054405.1_ASM5105440v1|NZ_CP147268.1|length=17186
GCF_051054405.1_ASM5105440v1|NZ_CP147264.1|length=20472	GCF_051054405.1_ASM5105440v1|NZ_CP147264.1|length=20472
GCF_051054405.1_ASM5105440v1|NZ_CP147274.1|length=53842	GCF_051054405.1_ASM5105440v1|NZ_CP147274.1|length=53842
GCF_051054405.1_ASM5105440v1|NZ_CP147274.1|length=53842	GCF_002442595.2_ASM244259v2|NZ_CP017218.1|length=53759
GCF_051054405.1_ASM5105440v1|NZ_CP147274.1|length=53842	GCF_019464575.1_ASM1946457v1|NZ_CP074056.1|length=53758
GCF_051054405.1_ASM5105440v1|NZ_CP147274.1|length=53842	GCF_024662155.1_ASM2466215v1|NZ_CP094577.1|length=53561
GCF_051054475.1_ASM5105447v1|NZ_CP147285.1|length=904338	GCF_051054475.1_ASM5105447v1|NZ_CP147285.1|length=904338
GCF_051054475.1_ASM5105447v1|NZ_CP147283.1|length=11767	GCF_051054475.1_ASM5105447v1|NZ_CP147283.1|length=11767
GCF_051054485.1_ASM5105448v1|NZ_CP147286.1|length=896696	GCF_051054485.1_ASM5105448v1|NZ_CP147286.1|length=896696
GCF_051054485.1_ASM5105448v1|NZ_CP147291.1|length=16102	GCF_051054485.1_ASM5105448v1|NZ_CP147291.1|length=16102
GCF_051054855.1_ASM5105485v1|NZ_CP147298.1|length=903700	GCF_051054855.1_ASM5105485v1|NZ_CP147298.1|length=903700
GCF_051054855.1_ASM5105485v1|NZ_CP147300.1|length=27781	GCF_051054855.1_ASM5105485v1|NZ_CP147300.1|length=27781
GCF_051054855.1_ASM5105485v1|NZ_CP147305.1|length=30744	GCF_051054855.1_ASM5105485v1|NZ_CP147305.1|length=30744
GCF_051054855.1_ASM5105485v1|NZ_CP147305.1|length=30744	GCF_030439625.1_ASM3043962v2|NZ_CP179339.1|length=28889
GCF_051054855.1_ASM5105485v1|NZ_CP147305.1|length=30744	GCF_030445005.1_ASM3044500v2|NZ_CP179330.1|length=28890
GCF_051054855.1_ASM5105485v1|NZ_CP147305.1|length=30744	GCF_030445025.1_ASM3044502v2|NZ_CP179319.1|length=28890
GCF_051054855.1_ASM5105485v1|NZ_CP147305.1|length=30744	GCF_032595515.1_ASM3259551v2|NZ_CP179309.1|length=22105
GCF_051054855.1_ASM5105485v1|NZ_CP147305.1|length=30744	GCF_051147265.1_ASM5114726v1|NZ_CP147398.1|length=23200
GCF_051147265.1_ASM5114726v1|NZ_CP147359.1|length=904511	GCF_051147265.1_ASM5114726v1|NZ_CP147359.1|length=904511
GCF_051147265.1_ASM5114726v1|NZ_CP147394.1|length=26588	GCF_051147265.1_ASM5114726v1|NZ_CP147394.1|length=26588
GCF_051147265.1_ASM5114726v1|NZ_CP147397.1|length=36257	GCF_051147265.1_ASM5114726v1|NZ_CP147397.1|length=36257
GCF_051147265.1_ASM5114726v1|NZ_CP147397.1|length=36257	GCF_051054285.1_ASM5105428v1|NZ_CP144347.1|length=35701
GCF_051147265.1_ASM5114726v1|NZ_CP147395.1|length=10163	GCF_051147265.1_ASM5114726v1|NZ_CP147395.1|length=10163
GCF_051147265.1_ASM5114726v1|NZ_CP147402.1|length=58682	GCF_051147265.1_ASM5114726v1|NZ_CP147402.1|length=58682
GCF_000008685.2_ASM868v2|NC_001318.1|length=910724	GCF_000008685.2_ASM868v2|NC_001318.1|length=910724
GCF_000008685.2_ASM868v2|NC_001318.1|length=910724	GCF_000444465.1_ASM44446v1|NC_022048.1|length=910736
GCF_000008685.2_ASM868v2|NC_001318.1|length=910724	GCF_002151485.1_ASM215148v1|NZ_CP019916.1|length=910728
GCF_000008685.2_ASM868v2|NC_001318.1|length=910724	GCF_002151465.1_ASM215146v1|NZ_CP019844.1|length=909921
GCF_000008685.2_ASM868v2|NC_001318.1|length=910724	GCF_002151505.1_ASM215150v1|NZ_CP019767.1|length=909921
GCF_000008685.2_ASM868v2|NC_001318.1|length=910724	GCF_003367295.1_ASM336729v1|NZ_CP031412.1|length=908512
GCF_000008685.2_ASM868v2|NC_001318.1|length=910724	GCF_024662195.1_ASM2466219v1|NZ_CP094597.1|length=909655
GCF_000008685.2_ASM868v2|NC_001318.1|length=910724	GCF_030439605.1_ASM3043960v2|NZ_CP124092.1|length=910655
GCF_000008685.2_ASM868v2|NC_000948.1|length=30750	GCF_000008685.2_ASM868v2|NC_000948.1|length=30750
GCF_000008685.2_ASM868v2|NC_000948.1|length=30750	GCF_024662195.1_ASM2466219v1|NZ_CP094599.1|length=30749
GCF_000008685.2_ASM868v2|NC_000951.1|length=29838	GCF_000008685.2_ASM868v2|NC_000951.1|length=29838
GCF_000008685.2_ASM868v2|NC_000951.1|length=29838	GCF_024662195.1_ASM2466219v1|NZ_CP094602.1|length=29839
GCF_000008685.2_ASM868v2|NC_000952.1|length=30800	GCF_000008685.2_ASM868v2|NC_000952.1|length=30800
GCF_000008685.2_ASM868v2|NC_000952.1|length=30800	GCF_024662195.1_ASM2466219v1|NZ_CP094603.1|length=30801
GCF_000008685.2_ASM868v2|NC_000952.1|length=30800	GCF_040790775.1_ASM4079077v1|NZ_CP161180.1|length=30801
GCF_000008685.2_ASM868v2|NC_000953.1|length=30885	GCF_000008685.2_ASM868v2|NC_000953.1|length=30885
GCF_000008685.2_ASM868v2|NC_000953.1|length=30885	GCF_024662195.1_ASM2466219v1|NZ_CP094604.1|length=30886
GCF_000008685.2_ASM868v2|NC_000953.1|length=30885	GCF_040790775.1_ASM4079077v1|NZ_CP161179.1|length=30884
GCF_000008685.2_ASM868v2|NC_000953.1|length=30885	GCF_002996405.1_ASM299640v1|NZ_PHQH01000014.1|length=7690
GCF_000008685.2_ASM868v2|NC_001856.1|length=38829	GCF_000008685.2_ASM868v2|NC_001856.1|length=38829
GCF_000008685.2_ASM868v2|NC_001856.1|length=38829	GCF_002151465.1_ASM215146v1|NZ_CP019853.1|length=38841
GCF_000008685.2_ASM868v2|NC_001856.1|length=38829	GCF_002151505.1_ASM215150v1|NZ_CP019764.1|length=38834
GCF_000008685.2_ASM868v2|NC_001856.1|length=38829	GCF_002996005.1_ASM299600v1|NZ_PHOT01000014.1|length=7631
GCF_000008685.2_ASM868v2|NC_001856.1|length=38829	GCF_024662195.1_ASM2466219v1|NZ_CP094614.1|length=38617
GCF_000008685.2_ASM868v2|NC_001856.1|length=38829	GCF_030439605.1_ASM3043960v2|NZ_CP179348.1|length=38864
GCF_000008685.2_ASM868v2|NC_001856.1|length=38829	GCF_040790775.1_ASM4079077v1|NZ_CP161177.1|length=38863
GCF_000021405.1_ASM2140v1|NC_011731.1|length=30330	GCF_000021405.1_ASM2140v1|NC_011731.1|length=30330
GCF_000021405.1_ASM2140v1|NC_011735.1|length=29806	GCF_000021405.1_ASM2140v1|NC_011735.1|length=29806
GCF_000021405.1_ASM2140v1|NC_011720.1|length=48168	GCF_000021405.1_ASM2140v1|NC_011720.1|length=48168
GCF_000021405.1_ASM2140v1|NC_011780.1|length=23422	GCF_000021405.1_ASM2140v1|NC_011780.1|length=23422
GCF_000021405.1_ASM2140v1|NC_011780.1|length=23422	GCF_002996385.1_ASM299638v1|NZ_PHQE01000011.1|length=16262
GCF_000021405.1_ASM2140v1|NC_011781.1|length=28414	GCF_000021405.1_ASM2140v1|NC_011781.1|length=28414
GCF_000021405.1_ASM2140v1|NC_011785.1|length=28885	GCF_000021405.1_ASM2140v1|NC_011785.1|length=28885
GCF_000021405.1_ASM2140v1|NC_011785.1|length=28885	GCF_040819585.1_PFhe_I_PB_Ill_cons|NZ_CP161914.1|length=28903
GCF_000165595.2_ASM16559v2|NC_008277.1|length=905394	GCF_000165595.2_ASM16559v2|NC_008277.1|length=905394
GCF_000165595.2_ASM16559v2|NC_008277.1|length=905394	GCF_041014875.1_ASM4101487v1|NZ_CP160066.1|length=905384
GCF_000165595.2_ASM16559v2|NC_008569.1|length=24794	GCF_000165595.2_ASM16559v2|NC_008569.1|length=24794
GCF_000165595.2_ASM16559v2|NC_008568.1|length=28533	GCF_000165595.2_ASM16559v2|NC_008568.1|length=28533
GCF_000165595.2_ASM16559v2|NC_008568.1|length=28533	GCF_000222835.1_ASM22283v1|NC_017232.1|length=24675
GCF_000165595.2_ASM16559v2|NC_008273.1|length=30017	GCF_000165595.2_ASM16559v2|NC_008273.1|length=30017
GCF_000165595.2_ASM16559v2|NT_167352.1|length=6847	GCF_000165595.2_ASM16559v2|NT_167352.1|length=6847
GCF_000165595.2_ASM16559v2|NC_008567.1|length=32368	GCF_000165595.2_ASM16559v2|NC_008567.1|length=32368
GCF_000165595.2_ASM16559v2|NC_008567.1|length=32368	GCF_000222835.1_ASM22283v1|NC_017240.1|length=30180
GCF_000165595.2_ASM16559v2|NC_008566.1|length=34273	GCF_000165595.2_ASM16559v2|NC_008566.1|length=34273
GCF_000165595.2_ASM16559v2|NC_008566.1|length=34273	GCF_000222835.1_ASM22283v1|NC_017237.1|length=33903
GCF_000165595.2_ASM16559v2|NC_008565.1|length=59804	GCF_000165595.2_ASM16559v2|NC_008565.1|length=59804
GCF_000165595.2_ASM16559v2|NC_008565.1|length=59804	GCF_000222835.1_ASM22283v1|NC_017233.1|length=22901
GCF_000165595.2_ASM16559v2|NC_008565.1|length=59804	GCF_000222835.1_ASM22283v1|NC_017234.1|length=22449
GCF_000165595.2_ASM16559v2|NC_008565.1|length=59804	GCF_000962775.1_ASM96277v1|NZ_CP009065.1|length=25184
GCF_000166635.1_ASM16663v1|NC_017401.1|length=26498	GCF_000166635.1_ASM16663v1|NC_017401.1|length=26498
GCF_000166635.1_ASM16663v1|NC_017401.1|length=26498	GCF_040790745.1_ASM4079074v1|NZ_CP161084.1|length=26498
GCF_000166635.1_ASM16663v1|NC_017400.1|length=15915	GCF_000166635.1_ASM16663v1|NC_017400.1|length=15915
GCF_000166635.1_ASM16663v1|NC_017400.1|length=15915	GCF_002996865.1_ASM299686v1|NZ_PHPG01000012.1|length=10246
GCF_000166635.1_ASM16663v1|NC_017400.1|length=15915	GCF_040790745.1_ASM4079074v1|NZ_CP161089.1|length=15914
GCF_000166635.1_ASM16663v1|NC_017398.1|length=29615	GCF_000166635.1_ASM16663v1|NC_017398.1|length=29615
GCF_000166635.1_ASM16663v1|NC_017398.1|length=29615	GCF_002996865.1_ASM299686v1|NZ_PHPG01000023.1|length=5375
GCF_000166635.1_ASM16663v1|NC_017398.1|length=29615	GCF_040790745.1_ASM4079074v1|NZ_CP161082.1|length=29615
GCF_000166635.1_ASM16663v1|NC_017422.1|length=17483	GCF_000166635.1_ASM16663v1|NC_017422.1|length=17483
GCF_000166635.1_ASM16663v1|NC_017422.1|length=17483	GCF_002996365.1_ASM299636v1|NZ_PHQC01000018.1|length=5598
GCF_000166635.1_ASM16663v1|NC_017402.1|length=30658	GCF_000166635.1_ASM16663v1|NC_017402.1|length=30658
GCF_000166635.1_ASM16663v1|NC_017402.1|length=30658	GCF_002995915.1_ASM299591v1|NZ_PHOJ01000013.1|length=9598
GCF_000166635.1_ASM16663v1|NC_017402.1|length=30658	GCF_002996245.1_ASM299624v1|NZ_PHPS01000015.1|length=8128
GCF_000166635.1_ASM16663v1|NC_017402.1|length=30658	GCF_002996245.1_ASM299624v1|NZ_PHPS01000016.1|length=8063
GCF_000166635.1_ASM16663v1|NC_017402.1|length=30658	GCF_002996305.1_ASM299630v1|NZ_PHPZ01000016.1|length=6294
GCF_000166635.1_ASM16663v1|NC_017402.1|length=30658	GCF_002996465.1_ASM299646v1|NZ_PHOE01000012.1|length=7760
GCF_000166635.1_ASM16663v1|NC_017402.1|length=30658	GCF_002996485.1_ASM299648v1|NZ_PHOG01000012.1|length=7750
GCF_000166635.1_ASM16663v1|NC_017402.1|length=30658	GCF_002996685.1_ASM299668v1|NZ_PHOR01000013.1|length=7806
GCF_000166635.1_ASM16663v1|NC_017402.1|length=30658	GCF_002996685.1_ASM299668v1|NZ_PHOR01000015.1|length=6393
GCF_000166635.1_ASM16663v1|NC_017402.1|length=30658	GCF_002996925.1_ASM299692v1|NZ_PHPP01000016.1|length=7768
GCF_000166635.1_ASM16663v1|NC_017402.1|length=30658	GCF_002996925.1_ASM299692v1|NZ_PHPP01000020.1|length=5359
GCF_000166635.1_ASM16663v1|NC_017402.1|length=30658	GCF_002996965.1_ASM299696v1|NZ_PHPM01000018.1|length=6078
GCF_000166635.1_ASM16663v1|NC_017402.1|length=30658	GCF_002997165.1_ASM299716v1|NZ_PHQD01000019.1|length=6186
GCF_000166635.1_ASM16663v1|NC_017402.1|length=30658	GCF_002997165.1_ASM299716v1|NZ_PHQD01000013.1|length=10080
GCF_000166635.1_ASM16663v1|NC_017402.1|length=30658	GCF_040790745.1_ASM4079074v1|NZ_CP161078.1|length=30665
GCF_000166635.1_ASM16663v1|NC_017417.1|length=20672	GCF_000166635.1_ASM16663v1|NC_017417.1|length=20672
GCF_000166635.1_ASM16663v1|NC_017417.1|length=20672	GCF_002995915.1_ASM299591v1|NZ_PHOJ01000010.1|length=17635
GCF_000166635.1_ASM16663v1|NC_017417.1|length=20672	GCF_002996245.1_ASM299624v1|NZ_PHPS01000012.1|length=17703
GCF_000166635.1_ASM16663v1|NC_017417.1|length=20672	GCF_002996485.1_ASM299648v1|NZ_PHOG01000011.1|length=17693
GCF_000166635.1_ASM16663v1|NC_017417.1|length=20672	GCF_002996685.1_ASM299668v1|NZ_PHOR01000010.1|length=20484
GCF_000166635.1_ASM16663v1|NC_017417.1|length=20672	GCF_002996865.1_ASM299686v1|NZ_PHPG01000010.1|length=17773
GCF_000166635.1_ASM16663v1|NC_017417.1|length=20672	GCF_002996925.1_ASM299692v1|NZ_PHPP01000012.1|length=17706
GCF_000166635.1_ASM16663v1|NC_017417.1|length=20672	GCF_002997165.1_ASM299716v1|NZ_PHQD01000010.1|length=17757
GCF_000166635.1_ASM16663v1|NC_017417.1|length=20672	GCF_040790745.1_ASM4079074v1|NZ_CP161087.1|length=20658
GCF_000166635.1_ASM16663v1|NC_017417.1|length=20672	GCF_002996465.1_ASM299646v1|NZ_PHOE01000010.1|length=20475
GCF_000166635.1_ASM16663v1|NC_017417.1|length=20672	GCF_040790755.1_ASM4079075v1|NZ_CP161104.1|length=20583
GCF_000166635.1_ASM16663v1|NC_017417.1|length=20672	GCF_002996305.1_ASM299630v1|NZ_PHPZ01000009.1|length=17762
GCF_000166635.1_ASM16663v1|NC_017417.1|length=20672	GCF_002996345.1_ASM299634v1|NZ_PHQB01000008.1|length=17756
GCF_000166635.1_ASM16663v1|NC_017417.1|length=20672	GCF_002996365.1_ASM299636v1|NZ_PHQC01000009.1|length=17762
GCF_000166635.1_ASM16663v1|NC_017417.1|length=20672	GCF_002997045.1_ASM299704v1|NZ_PHPV01000009.1|length=17711
GCF_000166635.1_ASM16663v1|NC_017417.1|length=20672	GCF_002997105.1_ASM299710v1|NZ_PHPY01000009.1|length=17607
GCF_000166635.1_ASM16663v1|NC_017421.1|length=37903	GCF_000166635.1_ASM16663v1|NC_017421.1|length=37903
GCF_000166635.1_ASM16663v1|NC_017421.1|length=37903	GCF_002995915.1_ASM299591v1|NZ_PHOJ01000012.1|length=10248
GCF_000166635.1_ASM16663v1|NC_017421.1|length=37903	GCF_002995915.1_ASM299591v1|NZ_PHOJ01000022.1|length=5292
GCF_000166635.1_ASM16663v1|NC_017421.1|length=37903	GCF_002996245.1_ASM299624v1|NZ_PHPS01000020.1|length=5347
GCF_000166635.1_ASM16663v1|NC_017421.1|length=37903	GCF_002996465.1_ASM299646v1|NZ_PHOE01000017.1|length=5384
GCF_000166635.1_ASM16663v1|NC_017421.1|length=37903	GCF_002996485.1_ASM299648v1|NZ_PHOG01000019.1|length=5317
GCF_000166635.1_ASM16663v1|NC_017421.1|length=37903	GCF_002996685.1_ASM299668v1|NZ_PHOR01000018.1|length=5495
GCF_000166635.1_ASM16663v1|NC_017421.1|length=37903	GCF_002996865.1_ASM299686v1|NZ_PHPG01000022.1|length=5504
GCF_000166635.1_ASM16663v1|NC_017421.1|length=37903	GCF_002996925.1_ASM299692v1|NZ_PHPP01000019.1|length=6039
GCF_000166635.1_ASM16663v1|NC_017421.1|length=37903	GCF_040790745.1_ASM4079074v1|NZ_CP161075.1|length=37880
GCF_000166655.1_ASM16665v1|NC_017403.1|length=922801	GCF_000166655.1_ASM16665v1|NC_017403.1|length=922801
GCF_000166655.1_ASM16665v1|NC_017403.1|length=922801	GCF_051054345.1_ASM5105434v1|NZ_CP147258.1|length=15126
GCF_000166655.1_ASM16665v1|NC_017403.1|length=922801	GCF_002996625.1_ASM299662v1|NZ_PHOO01000001.1|length=912601
GCF_000166655.1_ASM16665v1|NC_017403.1|length=922801	GCF_024662175.1_ASM2466217v1|NZ_CP094579.1|length=920773
GCF_000166655.1_ASM16665v1|NC_017403.1|length=922801	GCF_002996125.1_ASM299612v1|NZ_PHPF01000001.1|length=909674
GCF_000166655.1_ASM16665v1|NC_017403.1|length=922801	GCF_030440345.1_ASM3044034v2|NZ_CP124080.1|length=907764
GCF_000166655.1_ASM16665v1|NC_017403.1|length=922801	GCF_038801875.1_ASM3880187v1|NZ_CP152378.1|length=919990
GCF_000166655.1_ASM16665v1|NC_017403.1|length=922801	GCF_030444985.1_ASM3044498v1|NZ_CP124084.1|length=910563
GCF_000166655.1_ASM16665v1|NC_017395.1|length=26525	GCF_000166655.1_ASM16665v1|NC_017395.1|length=26525
GCF_000166655.1_ASM16665v1|NC_017395.1|length=26525	GCF_019134655.1_ASM1913465v1|NZ_CP077728.1|length=26516
GCF_000166655.1_ASM16665v1|NC_017395.1|length=26525	GCF_032595535.1_ASM3259553v1|NZ_CP132430.1|length=25699
GCF_000166655.1_ASM16665v1|NC_017395.1|length=26525	GCF_044941625.1_ASM4494162v1|NZ_CP132438.1|length=26516
GCF_000166655.1_ASM16665v1|NC_017395.1|length=26525	GCF_032595755.1_ASM3259575v2|NZ_CP132442.1|length=26488
GCF_000166655.1_ASM16665v1|NC_017394.1|length=60739	GCF_000166655.1_ASM16665v1|NC_017394.1|length=60739
GCF_000166655.1_ASM16665v1|NC_017394.1|length=60739	GCF_002995915.1_ASM299591v1|NZ_PHOJ01000023.1|length=5086
GCF_000166655.1_ASM16665v1|NC_017394.1|length=60739	GCF_002996475.1_ASM299647v1|NZ_PHOF01000016.1|length=5815
GCF_000166655.1_ASM16665v1|NC_017394.1|length=60739	GCF_002996485.1_ASM299648v1|NZ_PHOG01000020.1|length=5235
GCF_000166655.1_ASM16665v1|NC_017394.1|length=60739	GCF_002997205.1_ASM299720v1|NZ_PHQL01000018.1|length=5086
GCF_000166655.1_ASM16665v1|NC_017428.1|length=30314	GCF_000166655.1_ASM16665v1|NC_017428.1|length=30314
GCF_000166655.1_ASM16665v1|NC_017428.1|length=30314	GCF_002995935.1_ASM299593v1|NZ_PHOK01000016.1|length=5724
GCF_000166655.1_ASM16665v1|NC_017428.1|length=30314	GCF_002996395.1_ASM299639v1|NZ_PHQF01000016.1|length=6808
GCF_000166655.1_ASM16665v1|NC_017393.1|length=29902	GCF_000166655.1_ASM16665v1|NC_017393.1|length=29902
GCF_000166655.1_ASM16665v1|NC_017396.1|length=30019	GCF_000166655.1_ASM16665v1|NC_017396.1|length=30019
GCF_000166655.1_ASM16665v1|NC_017425.1|length=30804	GCF_000166655.1_ASM16665v1|NC_017425.1|length=30804
GCF_000166655.1_ASM16665v1|NC_017425.1|length=30804	GCF_030445065.1_ASM3044506v2|NZ_CP179376.1|length=28153
GCF_000166655.1_ASM16665v1|NC_017426.1|length=31085	GCF_000166655.1_ASM16665v1|NC_017426.1|length=31085
GCF_000166655.1_ASM16665v1|NC_017426.1|length=31085	GCF_000166655.1_ASM16665v1|NC_017427.1|length=29707
GCF_000166655.1_ASM16665v1|NC_017397.1|length=30697	GCF_000166655.1_ASM16665v1|NC_017397.1|length=30697
GCF_000166655.1_ASM16665v1|NC_017404.1|length=24354	GCF_000166655.1_ASM16665v1|NC_017404.1|length=24354
GCF_000166655.1_ASM16665v1|NC_017407.1|length=30096	GCF_000166655.1_ASM16665v1|NC_017407.1|length=30096
GCF_000166655.1_ASM16665v1|NC_017407.1|length=30096	GCF_030439605.1_ASM3043960v2|NZ_CP179356.1|length=27536
GCF_000166655.1_ASM16665v1|NC_017407.1|length=30096	GCF_000008685.2_ASM868v2|NC_001854.1|length=27323
GCF_000166655.1_ASM16665v1|NC_017407.1|length=30096	GCF_024662195.1_ASM2466219v1|NZ_CP094612.1|length=27109
GCF_000166655.1_ASM16665v1|NC_017407.1|length=30096	GCF_040790775.1_ASM4079077v1|NZ_CP161187.1|length=27430
GCF_000166655.1_ASM16665v1|NC_017406.1|length=24614	GCF_000166655.1_ASM16665v1|NC_017406.1|length=24614
GCF_000166655.1_ASM16665v1|NC_017411.1|length=22808	GCF_000166655.1_ASM16665v1|NC_017411.1|length=22808
GCF_000166655.1_ASM16665v1|NC_017413.1|length=27590	GCF_000166655.1_ASM16665v1|NC_017413.1|length=27590
GCF_000181555.2_ASM18155v2|NZ_ABCV02000003.1|length=15397	GCF_000181555.2_ASM18155v2|NZ_ABCV02000003.1|length=15397
GCF_000181555.2_ASM18155v2|NC_011853.1|length=26522	GCF_000181555.2_ASM18155v2|NC_011853.1|length=26522
GCF_000181555.2_ASM18155v2|NC_011846.1|length=14883	GCF_000181555.2_ASM18155v2|NC_011846.1|length=14883
GCF_000181555.2_ASM18155v2|NC_011846.1|length=14883	GCF_002997285.1_ASM299728v1|NZ_PHQO01000016.1|length=7857
GCF_000181555.2_ASM18155v2|NC_011846.1|length=14883	GCF_040790735.1_ASM4079073v1|NZ_CP161072.1|length=14883
GCF_000181555.2_ASM18155v2|NC_011850.1|length=30439	GCF_000181555.2_ASM18155v2|NC_011850.1|length=30439
GCF_000181555.2_ASM18155v2|NC_011850.1|length=30439	GCF_002996165.1_ASM299616v1|NZ_PHPK01000014.1|length=6547
GCF_000181555.2_ASM18155v2|NC_011850.1|length=30439	GCF_040790735.1_ASM4079073v1|NZ_CP161060.1|length=30440
GCF_000181555.2_ASM18155v2|NC_011850.1|length=30439	GCF_002996265.1_ASM299626v1|NZ_PHPX01000016.1|length=5306
GCF_000181555.2_ASM18155v2|NC_011841.1|length=30652	GCF_000181555.2_ASM18155v2|NC_011841.1|length=30652
GCF_000181555.2_ASM18155v2|NC_011841.1|length=30652	GCF_002997285.1_ASM299728v1|NZ_PHQO01000019.1|length=5450
GCF_000181555.2_ASM18155v2|NC_011851.1|length=30280	GCF_000181555.2_ASM18155v2|NC_011851.1|length=30280
GCF_000181555.2_ASM18155v2|NC_011851.1|length=30280	GCF_002996265.1_ASM299626v1|NZ_PHPX01000011.1|length=8849
GCF_000181555.2_ASM18155v2|NC_011851.1|length=30280	GCF_002997285.1_ASM299728v1|NZ_PHQO01000014.1|length=8714
GCF_000181555.2_ASM18155v2|NC_011849.1|length=30300	GCF_000181555.2_ASM18155v2|NC_011849.1|length=30300
GCF_000181555.2_ASM18155v2|NC_011849.1|length=30300	GCF_002995885.1_ASM299588v1|NZ_PHOM01000012.1|length=8639
GCF_000181555.2_ASM18155v2|NC_011849.1|length=30300	GCF_002996125.1_ASM299612v1|NZ_PHPF01000020.1|length=5558
GCF_000181555.2_ASM18155v2|NC_011849.1|length=30300	GCF_002996125.1_ASM299612v1|NZ_PHPF01000022.1|length=5234
GCF_000181555.2_ASM18155v2|NC_011849.1|length=30300	GCF_002996475.1_ASM299647v1|NZ_PHOF01000011.1|length=8238
GCF_000181555.2_ASM18155v2|NC_011849.1|length=30300	GCF_002996475.1_ASM299647v1|NZ_PHOF01000018.1|length=5600
GCF_000181555.2_ASM18155v2|NC_011849.1|length=30300	GCF_002996585.1_ASM299658v1|NZ_PHOL01000012.1|length=9614
GCF_000181555.2_ASM18155v2|NC_011849.1|length=30300	GCF_002996625.1_ASM299662v1|NZ_PHOO01000012.1|length=8592
GCF_000181555.2_ASM18155v2|NC_011849.1|length=30300	GCF_002997285.1_ASM299728v1|NZ_PHQO01000013.1|length=9352
GCF_000181555.2_ASM18155v2|NC_011849.1|length=30300	GCF_024662175.1_ASM2466217v1|NZ_CP094583.1|length=30302
GCF_000181555.2_ASM18155v2|NC_011849.1|length=30300	GCF_030440345.1_ASM3044034v2|NZ_CP179418.1|length=30301
GCF_000181555.2_ASM18155v2|NC_011849.1|length=30300	GCF_040790735.1_ASM4079073v1|NZ_CP161061.1|length=30301
GCF_000181555.2_ASM18155v2|NC_011849.1|length=30300	GCF_040790715.1_ASM4079071v1|NZ_CP161147.1|length=30305
GCF_000181555.2_ASM18155v2|NC_011849.1|length=30300	GCF_040790795.1_ASM4079079v1|NZ_CP161161.1|length=30306
GCF_000181555.2_ASM18155v2|NC_011843.1|length=30293	GCF_000181555.2_ASM18155v2|NC_011843.1|length=30293
GCF_000181555.2_ASM18155v2|NC_011845.1|length=21329	GCF_000181555.2_ASM18155v2|NC_011845.1|length=21329
GCF_000181555.2_ASM18155v2|NC_011845.1|length=21329	GCF_040790735.1_ASM4079073v1|NZ_CP161070.1|length=21335
GCF_000181555.2_ASM18155v2|NC_011847.1|length=30946	GCF_000181555.2_ASM18155v2|NC_011847.1|length=30946
GCF_000181555.2_ASM18155v2|NC_011864.1|length=24159	GCF_000181555.2_ASM18155v2|NC_011864.1|length=24159
