Genome_ID	contig_length
GCF_000008685.2_ASM868v2	5265
GCF_000008685.2_ASM868v2	9477
GCF_000008685.2_ASM868v2	17010
GCF_000008685.2_ASM868v2	18954
GCF_000008685.2_ASM868v2	24462
GCF_000008685.2_ASM868v2	26811
GCF_000008685.2_ASM868v2	28431
GCF_000008685.2_ASM868v2	30132
GCF_000008685.2_ASM868v2	28917
GCF_000008685.2_ASM868v2	27621
GCF_000008685.2_ASM868v2	31104
GCF_000008685.2_ASM868v2	30537
GCF_000008685.2_ASM868v2	30618
GCF_000008685.2_ASM868v2	30132
GCF_000008685.2_ASM868v2	31185
GCF_000008685.2_ASM868v2	31266
GCF_000008685.2_ASM868v2	31023
GCF_000008685.2_ASM868v2	37260
GCF_000008685.2_ASM868v2	39285
GCF_000008685.2_ASM868v2	54270
GCF_000008685.2_ASM868v2	53622
GCF_000021405.1_ASM2140v1	26811
GCF_000021405.1_ASM2140v1	30699
GCF_000021405.1_ASM2140v1	30132
GCF_000021405.1_ASM2140v1	48762
GCF_000021405.1_ASM2140v1	31347
GCF_000021405.1_ASM2140v1	30780
GCF_000021405.1_ASM2140v1	17415
GCF_000021405.1_ASM2140v1	24624
GCF_000021405.1_ASM2140v1	23652
GCF_000021405.1_ASM2140v1	30051
GCF_000021405.1_ASM2140v1	28755
GCF_000021405.1_ASM2140v1	29241
GCF_000021405.1_ASM2140v1	37260
GCF_000021405.1_ASM2140v1	54270
GCF_000165595.2_ASM16559v2	25029
GCF_000165595.2_ASM16559v2	26811
GCF_000165595.2_ASM16559v2	28836
GCF_000165595.2_ASM16559v2	30375
GCF_000165595.2_ASM16559v2	8667
GCF_000165595.2_ASM16559v2	15552
GCF_000165595.2_ASM16559v2	6885
GCF_000165595.2_ASM16559v2	32724
GCF_000165595.2_ASM16559v2	34668
GCF_000165595.2_ASM16559v2	60669
GCF_000165595.2_ASM16559v2	60507
GCF_000166635.1_ASM16663v1	26811
GCF_000166635.1_ASM16663v1	30456
GCF_000166635.1_ASM16663v1	28107
GCF_000166635.1_ASM16663v1	16038
GCF_000166635.1_ASM16663v1	29970
GCF_000166635.1_ASM16663v1	17658
GCF_000166635.1_ASM16663v1	31023
GCF_000166635.1_ASM16663v1	8829
GCF_000166635.1_ASM16663v1	20898
GCF_000166635.1_ASM16663v1	23652
GCF_000166635.1_ASM16663v1	29889
GCF_000166635.1_ASM16663v1	29727
GCF_000166635.1_ASM16663v1	26973
GCF_000166635.1_ASM16663v1	29484
GCF_000166635.1_ASM16663v1	38313
GCF_000166635.1_ASM16663v1	54432
GCF_000166655.1_ASM16665v1	26811
GCF_000166655.1_ASM16665v1	61479
GCF_000166655.1_ASM16665v1	30618
GCF_000166655.1_ASM16665v1	30213
GCF_000166655.1_ASM16665v1	30375
GCF_000166655.1_ASM16665v1	30051
GCF_000166655.1_ASM16665v1	31185
GCF_000166655.1_ASM16665v1	31428
GCF_000166655.1_ASM16665v1	31023
GCF_000166655.1_ASM16665v1	17739
GCF_000166655.1_ASM16665v1	23085
GCF_000166655.1_ASM16665v1	24624
GCF_000166655.1_ASM16665v1	29079
GCF_000166655.1_ASM16665v1	30456
GCF_000166655.1_ASM16665v1	24867
GCF_000166655.1_ASM16665v1	27297
GCF_000166655.1_ASM16665v1	30294
GCF_000166655.1_ASM16665v1	23085
GCF_000166655.1_ASM16665v1	27864
GCF_000166655.1_ASM16665v1	53541
GCF_000181555.2_ASM18155v2	15552
GCF_000181555.2_ASM18155v2	26811
GCF_000181555.2_ASM18155v2	15066
GCF_000181555.2_ASM18155v2	30780
GCF_000181555.2_ASM18155v2	31023
GCF_000181555.2_ASM18155v2	30618
GCF_000181555.2_ASM18155v2	30618
GCF_000181555.2_ASM18155v2	30618
GCF_000181555.2_ASM18155v2	21546
GCF_000181555.2_ASM18155v2	31266
GCF_000181555.2_ASM18155v2	18063
GCF_000181555.2_ASM18155v2	25191
GCF_000181555.2_ASM18155v2	24381
GCF_000181555.2_ASM18155v2	29079
GCF_000181555.2_ASM18155v2	29808
GCF_000181555.2_ASM18155v2	27621
GCF_000181555.2_ASM18155v2	26973
GCF_000181555.2_ASM18155v2	23895
GCF_000181555.2_ASM18155v2	30618
GCF_000181555.2_ASM18155v2	54513
GCF_000196215.1_ASM19621v1	27378
GCF_000196215.1_ASM19621v1	56214
GCF_000222835.1_ASM22283v1	24948
GCF_000222835.1_ASM22283v1	26811
GCF_000222835.1_ASM22283v1	26892
GCF_000222835.1_ASM22283v1	23166
GCF_000222835.1_ASM22283v1	22680
GCF_000222835.1_ASM22283v1	27540
GCF_000222835.1_ASM22283v1	20898
GCF_000222835.1_ASM22283v1	30375
GCF_000222835.1_ASM22283v1	31023
GCF_000222835.1_ASM22283v1	30375
GCF_000222835.1_ASM22283v1	31428
GCF_000222835.1_ASM22283v1	31266
GCF_000222835.1_ASM22283v1	25515
GCF_000222835.1_ASM22283v1	29727
GCF_000222835.1_ASM22283v1	30537
GCF_000222835.1_ASM22283v1	34263
GCF_000222835.1_ASM22283v1	58563
GCF_000239475.1_ASM23947v1	27378
GCF_000239475.1_ASM23947v1	61884
GCF_000714705.1_935T	40581
GCF_000714705.1_935T	29889
GCF_000714705.1_935T	41148
GCF_000714705.1_935T	37260
GCF_000714705.1_935T	44793
GCF_000714705.1_935T	67878
GCF_000741005.1_ASM74100v1	26892
GCF_000741005.1_ASM74100v1	55890
GCF_000962775.1_ASM96277v1	25515
GCF_000962775.1_ASM96277v1	26892
GCF_000962775.1_ASM96277v1	28593
GCF_000962775.1_ASM96277v1	29079
GCF_000962775.1_ASM96277v1	24543
GCF_000962775.1_ASM96277v1	25434
GCF_000962775.1_ASM96277v1	28917
GCF_000962775.1_ASM96277v1	31104
GCF_000962775.1_ASM96277v1	30780
GCF_000962775.1_ASM96277v1	30699
GCF_000962775.1_ASM96277v1	31590
GCF_000962775.1_ASM96277v1	36531
GCF_000962775.1_ASM96277v1	57834
GCF_001900865.1_ASM190086v1	29322
GCF_001900865.1_ASM190086v1	25839
GCF_001900865.1_ASM190086v1	24786
GCF_001900865.1_ASM190086v1	23166
GCF_001900865.1_ASM190086v1	12231
GCF_001900865.1_ASM190086v1	8991
GCF_001900865.1_ASM190086v1	7533
GCF_001900865.1_ASM190086v1	5670
GCF_001900865.1_ASM190086v1	5670
GCF_001900865.1_ASM190086v1	5103
GCF_001900865.1_ASM190086v1	26811
GCF_001900865.1_ASM190086v1	27378
GCF_001900865.1_ASM190086v1	10773
GCF_001900865.1_ASM190086v1	9882
GCF_001900865.1_ASM190086v1	9639
GCF_001900865.1_ASM190086v1	86184
GCF_001922545.1_ASM192254v1	37503
GCF_001922545.1_ASM192254v1	27945
GCF_001922545.1_ASM192254v1	27378
GCF_001922545.1_ASM192254v1	21141
GCF_001922545.1_ASM192254v1	20979
GCF_001922545.1_ASM192254v1	27297
GCF_001922545.1_ASM192254v1	27378
GCF_001922545.1_ASM192254v1	58239
GCF_002083055.2_ASM208305v2	28512
GCF_002083055.2_ASM208305v2	29241
GCF_002083055.2_ASM208305v2	61641
GCF_002083055.2_ASM208305v2	28431
GCF_002083055.2_ASM208305v2	59130
GCF_002083055.2_ASM208305v2	26811
GCF_002083055.2_ASM208305v2	89586
GCF_002083055.2_ASM208305v2	30618
GCF_002083055.2_ASM208305v2	36531
GCF_002083055.2_ASM208305v2	17496
GCF_002083055.2_ASM208305v2	26082
GCF_002151465.1_ASM215146v1	17010
GCF_002151465.1_ASM215146v1	26811
GCF_002151465.1_ASM215146v1	31104
GCF_002151465.1_ASM215146v1	30780
GCF_002151465.1_ASM215146v1	30618
GCF_002151465.1_ASM215146v1	31023
GCF_002151465.1_ASM215146v1	30942
GCF_002151465.1_ASM215146v1	37098
GCF_002151465.1_ASM215146v1	39285
GCF_002151465.1_ASM215146v1	54270
GCF_002151465.1_ASM215146v1	53622
GCF_002151485.1_ASM215148v1	17010
GCF_002151485.1_ASM215148v1	26811
GCF_002151485.1_ASM215148v1	28431
GCF_002151485.1_ASM215148v1	31590
GCF_002151485.1_ASM215148v1	26082
GCF_002151485.1_ASM215148v1	57267
GCF_002151485.1_ASM215148v1	62937
GCF_002151485.1_ASM215148v1	37260
GCF_002151485.1_ASM215148v1	54270
GCF_002151485.1_ASM215148v1	53622
GCF_002151505.1_ASM215150v1	17010
GCF_002151505.1_ASM215150v1	26811
GCF_002151505.1_ASM215150v1	22113
GCF_002151505.1_ASM215150v1	62127
GCF_002151505.1_ASM215150v1	31590
GCF_002151505.1_ASM215150v1	30537
GCF_002151505.1_ASM215150v1	30618
GCF_002151505.1_ASM215150v1	31023
GCF_002151505.1_ASM215150v1	37179
GCF_002151505.1_ASM215150v1	39285
GCF_002151505.1_ASM215150v1	54270
GCF_002151505.1_ASM215150v1	53541
GCF_002442595.2_ASM244259v2	26811
GCF_002442595.2_ASM244259v2	30213
GCF_002442595.2_ASM244259v2	30537
GCF_002442595.2_ASM244259v2	30537
GCF_002442595.2_ASM244259v2	30942
GCF_002442595.2_ASM244259v2	18549
GCF_002442595.2_ASM244259v2	30375
GCF_002442595.2_ASM244259v2	30375
GCF_002442595.2_ASM244259v2	8748
GCF_002442595.2_ASM244259v2	15714
GCF_002442595.2_ASM244259v2	25029
GCF_002442595.2_ASM244259v2	27945
GCF_002442595.2_ASM244259v2	23328
GCF_002442595.2_ASM244259v2	29646
GCF_002442595.2_ASM244259v2	30537
GCF_002442595.2_ASM244259v2	39366
GCF_002442595.2_ASM244259v2	54351
GCF_002442595.2_ASM244259v2	28026
GCF_002995865.1_ASM299586v1	22032
GCF_002995865.1_ASM299586v1	18630
GCF_002995865.1_ASM299586v1	16443
GCF_002995865.1_ASM299586v1	9558
GCF_002995865.1_ASM299586v1	9234
GCF_002995865.1_ASM299586v1	8910
GCF_002995865.1_ASM299586v1	8100
GCF_002995865.1_ASM299586v1	7452
GCF_002995865.1_ASM299586v1	6885
GCF_002995865.1_ASM299586v1	6642
GCF_002995865.1_ASM299586v1	54432
GCF_002995865.1_ASM299586v1	5994
GCF_002995865.1_ASM299586v1	5427
GCF_002995865.1_ASM299586v1	5265
GCF_002995865.1_ASM299586v1	33129
GCF_002995865.1_ASM299586v1	31104
GCF_002995865.1_ASM299586v1	29889
GCF_002995865.1_ASM299586v1	28188
GCF_002995865.1_ASM299586v1	25434
GCF_002995865.1_ASM299586v1	23652
GCF_002995865.1_ASM299586v1	22518
GCF_002995885.1_ASM299588v1	18063
GCF_002995885.1_ASM299588v1	11583
GCF_002995885.1_ASM299588v1	8667
GCF_002995885.1_ASM299588v1	8019
GCF_002995885.1_ASM299588v1	7533
GCF_002995885.1_ASM299588v1	6399
GCF_002995885.1_ASM299588v1	5913
GCF_002995885.1_ASM299588v1	5670
GCF_002995885.1_ASM299588v1	5346
GCF_002995885.1_ASM299588v1	5184
GCF_002995885.1_ASM299588v1	54513
GCF_002995885.1_ASM299588v1	5184
GCF_002995885.1_ASM299588v1	5103
GCF_002995885.1_ASM299588v1	30537
GCF_002995885.1_ASM299588v1	29322
GCF_002995885.1_ASM299588v1	26973
GCF_002995885.1_ASM299588v1	25515
GCF_002995885.1_ASM299588v1	24867
GCF_002995885.1_ASM299588v1	23814
GCF_002995885.1_ASM299588v1	21546
GCF_002995915.1_ASM299591v1	17820
GCF_002995915.1_ASM299591v1	11826
GCF_002995915.1_ASM299591v1	10368
GCF_002995915.1_ASM299591v1	9639
GCF_002995915.1_ASM299591v1	9072
GCF_002995915.1_ASM299591v1	8991
GCF_002995915.1_ASM299591v1	8505
GCF_002995915.1_ASM299591v1	6885
GCF_002995915.1_ASM299591v1	6642
GCF_002995915.1_ASM299591v1	5994
GCF_002995915.1_ASM299591v1	54756
GCF_002995915.1_ASM299591v1	5670
GCF_002995915.1_ASM299591v1	5346
GCF_002995915.1_ASM299591v1	5346
GCF_002995915.1_ASM299591v1	5103
GCF_002995915.1_ASM299591v1	31347
GCF_002995915.1_ASM299591v1	29808
GCF_002995915.1_ASM299591v1	26892
GCF_002995915.1_ASM299591v1	24543
GCF_002995915.1_ASM299591v1	23895
GCF_002995915.1_ASM299591v1	22113
GCF_002995915.1_ASM299591v1	21465
GCF_002995935.1_ASM299593v1	13284
GCF_002995935.1_ASM299593v1	9639
GCF_002995935.1_ASM299593v1	9558
GCF_002995935.1_ASM299593v1	8424
GCF_002995935.1_ASM299593v1	7371
GCF_002995935.1_ASM299593v1	7209
GCF_002995935.1_ASM299593v1	7128
GCF_002995935.1_ASM299593v1	5751
GCF_002995935.1_ASM299593v1	5427
GCF_002995935.1_ASM299593v1	5184
GCF_002995935.1_ASM299593v1	60102
GCF_002995935.1_ASM299593v1	5184
GCF_002995935.1_ASM299593v1	54756
GCF_002995935.1_ASM299593v1	28107
GCF_002995935.1_ASM299593v1	28026
GCF_002995935.1_ASM299593v1	26892
GCF_002995935.1_ASM299593v1	25191
GCF_002995935.1_ASM299593v1	22437
GCF_002995985.1_ASM299598v1	19197
GCF_002995985.1_ASM299598v1	18954
GCF_002995985.1_ASM299598v1	17010
GCF_002995985.1_ASM299598v1	10773
GCF_002995985.1_ASM299598v1	8505
GCF_002995985.1_ASM299598v1	5994
GCF_002995985.1_ASM299598v1	5103
GCF_002995985.1_ASM299598v1	5022
GCF_002995985.1_ASM299598v1	54432
GCF_002995985.1_ASM299598v1	32238
GCF_002995985.1_ASM299598v1	29241
GCF_002995985.1_ASM299598v1	28674
GCF_002995985.1_ASM299598v1	28188
GCF_002995985.1_ASM299598v1	26973
GCF_002995985.1_ASM299598v1	26001
GCF_002995985.1_ASM299598v1	22761
GCF_002996005.1_ASM299600v1	18954
GCF_002996005.1_ASM299600v1	17496
GCF_002996005.1_ASM299600v1	9639
GCF_002996005.1_ASM299600v1	9315
GCF_002996005.1_ASM299600v1	7695
GCF_002996005.1_ASM299600v1	7128
GCF_002996005.1_ASM299600v1	6156
GCF_002996005.1_ASM299600v1	5427
GCF_002996005.1_ASM299600v1	5346
GCF_002996005.1_ASM299600v1	5022
GCF_002996005.1_ASM299600v1	53784
GCF_002996005.1_ASM299600v1	34911
GCF_002996005.1_ASM299600v1	29241
GCF_002996005.1_ASM299600v1	28836
GCF_002996005.1_ASM299600v1	27135
GCF_002996005.1_ASM299600v1	26973
GCF_002996005.1_ASM299600v1	24462
GCF_002996005.1_ASM299600v1	21546
GCF_002996025.1_ASM299602v1	18630
GCF_002996025.1_ASM299602v1	14499
GCF_002996025.1_ASM299602v1	8910
GCF_002996025.1_ASM299602v1	6804
GCF_002996025.1_ASM299602v1	5589
GCF_002996025.1_ASM299602v1	5184
GCF_002996025.1_ASM299602v1	54189
GCF_002996025.1_ASM299602v1	28107
GCF_002996025.1_ASM299602v1	27945
GCF_002996025.1_ASM299602v1	27702
GCF_002996025.1_ASM299602v1	27378
GCF_002996025.1_ASM299602v1	26973
GCF_002996025.1_ASM299602v1	25110
GCF_002996105.1_ASM299610v1	19035
GCF_002996105.1_ASM299610v1	18954
GCF_002996105.1_ASM299610v1	17253
GCF_002996105.1_ASM299610v1	8505
GCF_002996105.1_ASM299610v1	6156
GCF_002996105.1_ASM299610v1	5346
GCF_002996105.1_ASM299610v1	5184
GCF_002996105.1_ASM299610v1	54918
GCF_002996105.1_ASM299610v1	32157
GCF_002996105.1_ASM299610v1	30213
GCF_002996105.1_ASM299610v1	29079
GCF_002996105.1_ASM299610v1	28188
GCF_002996105.1_ASM299610v1	26973
GCF_002996105.1_ASM299610v1	25515
GCF_002996105.1_ASM299610v1	22842
GCF_002996125.1_ASM299612v1	11826
GCF_002996125.1_ASM299612v1	11178
GCF_002996125.1_ASM299612v1	10125
GCF_002996125.1_ASM299612v1	9639
GCF_002996125.1_ASM299612v1	9558
GCF_002996125.1_ASM299612v1	8586
GCF_002996125.1_ASM299612v1	8505
GCF_002996125.1_ASM299612v1	7776
GCF_002996125.1_ASM299612v1	7209
GCF_002996125.1_ASM299612v1	6399
GCF_002996125.1_ASM299612v1	54513
GCF_002996125.1_ASM299612v1	5994
GCF_002996125.1_ASM299612v1	5589
GCF_002996125.1_ASM299612v1	5508
GCF_002996125.1_ASM299612v1	5265
GCF_002996125.1_ASM299612v1	5265
GCF_002996125.1_ASM299612v1	5103
GCF_002996125.1_ASM299612v1	54513
GCF_002996125.1_ASM299612v1	29241
GCF_002996125.1_ASM299612v1	28188
GCF_002996125.1_ASM299612v1	26973
GCF_002996125.1_ASM299612v1	20250
GCF_002996125.1_ASM299612v1	17820
GCF_002996165.1_ASM299616v1	17010
GCF_002996165.1_ASM299616v1	8910
GCF_002996165.1_ASM299616v1	7371
GCF_002996165.1_ASM299616v1	6642
GCF_002996165.1_ASM299616v1	6561
GCF_002996165.1_ASM299616v1	5427
GCF_002996165.1_ASM299616v1	54432
GCF_002996165.1_ASM299616v1	29079
GCF_002996165.1_ASM299616v1	28107
GCF_002996165.1_ASM299616v1	26973
GCF_002996165.1_ASM299616v1	26811
GCF_002996165.1_ASM299616v1	25110
GCF_002996165.1_ASM299616v1	20817
GCF_002996165.1_ASM299616v1	17820
GCF_002996245.1_ASM299624v1	21303
GCF_002996245.1_ASM299624v1	20493
GCF_002996245.1_ASM299624v1	17901
GCF_002996245.1_ASM299624v1	8910
GCF_002996245.1_ASM299624v1	8262
GCF_002996245.1_ASM299624v1	8181
GCF_002996245.1_ASM299624v1	8100
GCF_002996245.1_ASM299624v1	7452
GCF_002996245.1_ASM299624v1	7452
GCF_002996245.1_ASM299624v1	5346
GCF_002996245.1_ASM299624v1	54513
GCF_002996245.1_ASM299624v1	5346
GCF_002996245.1_ASM299624v1	31023
GCF_002996245.1_ASM299624v1	29970
GCF_002996245.1_ASM299624v1	29160
GCF_002996245.1_ASM299624v1	28188
GCF_002996245.1_ASM299624v1	26892
GCF_002996245.1_ASM299624v1	23652
GCF_002996245.1_ASM299624v1	22275
GCF_002996265.1_ASM299626v1	9315
GCF_002996265.1_ASM299626v1	8910
GCF_002996265.1_ASM299626v1	8262
GCF_002996265.1_ASM299626v1	7857
GCF_002996265.1_ASM299626v1	7776
GCF_002996265.1_ASM299626v1	5832
GCF_002996265.1_ASM299626v1	5346
GCF_002996265.1_ASM299626v1	5103
GCF_002996265.1_ASM299626v1	5103
GCF_002996265.1_ASM299626v1	54432
GCF_002996265.1_ASM299626v1	5022
GCF_002996265.1_ASM299626v1	30051
GCF_002996265.1_ASM299626v1	29403
GCF_002996265.1_ASM299626v1	28998
GCF_002996265.1_ASM299626v1	26973
GCF_002996265.1_ASM299626v1	24624
GCF_002996265.1_ASM299626v1	21465
GCF_002996265.1_ASM299626v1	17577
GCF_002996285.1_ASM299628v1	18954
GCF_002996285.1_ASM299628v1	17172
GCF_002996285.1_ASM299628v1	9477
GCF_002996285.1_ASM299628v1	8910
GCF_002996285.1_ASM299628v1	8505
GCF_002996285.1_ASM299628v1	8100
GCF_002996285.1_ASM299628v1	5346
GCF_002996285.1_ASM299628v1	5184
GCF_002996285.1_ASM299628v1	5103
GCF_002996285.1_ASM299628v1	5022
GCF_002996285.1_ASM299628v1	54351
GCF_002996285.1_ASM299628v1	29970
GCF_002996285.1_ASM299628v1	29484
GCF_002996285.1_ASM299628v1	28755
GCF_002996285.1_ASM299628v1	28188
GCF_002996285.1_ASM299628v1	26973
GCF_002996285.1_ASM299628v1	25839
GCF_002996285.1_ASM299628v1	23085
GCF_002996305.1_ASM299630v1	12636
GCF_002996305.1_ASM299630v1	8991
GCF_002996305.1_ASM299630v1	8505
GCF_002996305.1_ASM299630v1	8262
GCF_002996305.1_ASM299630v1	7938
GCF_002996305.1_ASM299630v1	7128
GCF_002996305.1_ASM299630v1	6318
GCF_002996305.1_ASM299630v1	5589
GCF_002996305.1_ASM299630v1	5346
GCF_002996305.1_ASM299630v1	5265
GCF_002996305.1_ASM299630v1	55647
GCF_002996305.1_ASM299630v1	5103
GCF_002996305.1_ASM299630v1	35316
GCF_002996305.1_ASM299630v1	29484
GCF_002996305.1_ASM299630v1	25434
GCF_002996305.1_ASM299630v1	24219
GCF_002996305.1_ASM299630v1	22923
GCF_002996305.1_ASM299630v1	21303
GCF_002996305.1_ASM299630v1	17982
GCF_002996345.1_ASM299634v1	8262
GCF_002996345.1_ASM299634v1	8181
GCF_002996345.1_ASM299634v1	8019
GCF_002996345.1_ASM299634v1	7128
GCF_002996345.1_ASM299634v1	6966
GCF_002996345.1_ASM299634v1	6156
GCF_002996345.1_ASM299634v1	5994
GCF_002996345.1_ASM299634v1	5427
GCF_002996345.1_ASM299634v1	5427
GCF_002996345.1_ASM299634v1	5427
GCF_002996345.1_ASM299634v1	55485
GCF_002996345.1_ASM299634v1	5265
GCF_002996345.1_ASM299634v1	29322
GCF_002996345.1_ASM299634v1	25434
GCF_002996345.1_ASM299634v1	24462
GCF_002996345.1_ASM299634v1	23004
GCF_002996345.1_ASM299634v1	21303
GCF_002996345.1_ASM299634v1	17901
GCF_002996345.1_ASM299634v1	8910
GCF_002996365.1_ASM299636v1	12150
GCF_002996365.1_ASM299636v1	11583
GCF_002996365.1_ASM299636v1	8991
GCF_002996365.1_ASM299636v1	8505
GCF_002996365.1_ASM299636v1	8262
GCF_002996365.1_ASM299636v1	7290
GCF_002996365.1_ASM299636v1	7128
GCF_002996365.1_ASM299636v1	5994
GCF_002996365.1_ASM299636v1	5589
GCF_002996365.1_ASM299636v1	5346
GCF_002996365.1_ASM299636v1	55404
GCF_002996365.1_ASM299636v1	5265
GCF_002996365.1_ASM299636v1	5184
GCF_002996365.1_ASM299636v1	30132
GCF_002996365.1_ASM299636v1	29241
GCF_002996365.1_ASM299636v1	25434
GCF_002996365.1_ASM299636v1	24381
GCF_002996365.1_ASM299636v1	22923
GCF_002996365.1_ASM299636v1	21303
GCF_002996365.1_ASM299636v1	17982
GCF_002996385.1_ASM299638v1	21465
GCF_002996385.1_ASM299638v1	16443
GCF_002996385.1_ASM299638v1	13932
GCF_002996385.1_ASM299638v1	13608
GCF_002996385.1_ASM299638v1	10611
GCF_002996385.1_ASM299638v1	8424
GCF_002996385.1_ASM299638v1	7128
GCF_002996385.1_ASM299638v1	6237
GCF_002996385.1_ASM299638v1	54432
GCF_002996385.1_ASM299638v1	41634
GCF_002996385.1_ASM299638v1	37746
GCF_002996385.1_ASM299638v1	30213
GCF_002996385.1_ASM299638v1	27945
GCF_002996385.1_ASM299638v1	27378
GCF_002996385.1_ASM299638v1	26892
GCF_002996385.1_ASM299638v1	22356
GCF_002996395.1_ASM299639v1	20169
GCF_002996395.1_ASM299639v1	13122
GCF_002996395.1_ASM299639v1	10773
GCF_002996395.1_ASM299639v1	8910
GCF_002996395.1_ASM299639v1	8100
GCF_002996395.1_ASM299639v1	7857
GCF_002996395.1_ASM299639v1	6885
GCF_002996395.1_ASM299639v1	6804
GCF_002996395.1_ASM299639v1	5913
GCF_002996395.1_ASM299639v1	5670
GCF_002996395.1_ASM299639v1	54594
GCF_002996395.1_ASM299639v1	5346
GCF_002996395.1_ASM299639v1	5184
GCF_002996395.1_ASM299639v1	30537
GCF_002996395.1_ASM299639v1	29403
GCF_002996395.1_ASM299639v1	27783
GCF_002996395.1_ASM299639v1	27621
GCF_002996395.1_ASM299639v1	26892
GCF_002996395.1_ASM299639v1	24705
GCF_002996395.1_ASM299639v1	22599
GCF_002996405.1_ASM299640v1	10773
GCF_002996405.1_ASM299640v1	10449
GCF_002996405.1_ASM299640v1	8910
GCF_002996405.1_ASM299640v1	8667
GCF_002996405.1_ASM299640v1	8019
GCF_002996405.1_ASM299640v1	7776
GCF_002996405.1_ASM299640v1	7533
GCF_002996405.1_ASM299640v1	7209
GCF_002996405.1_ASM299640v1	7047
GCF_002996405.1_ASM299640v1	6723
GCF_002996405.1_ASM299640v1	56457
GCF_002996405.1_ASM299640v1	6399
GCF_002996405.1_ASM299640v1	6156
GCF_002996405.1_ASM299640v1	5427
GCF_002996405.1_ASM299640v1	54351
GCF_002996405.1_ASM299640v1	26892
GCF_002996405.1_ASM299640v1	24705
GCF_002996405.1_ASM299640v1	23247
GCF_002996405.1_ASM299640v1	22518
GCF_002996405.1_ASM299640v1	12960
GCF_002996465.1_ASM299646v1	20655
GCF_002996465.1_ASM299646v1	8910
GCF_002996465.1_ASM299646v1	7857
GCF_002996465.1_ASM299646v1	7290
GCF_002996465.1_ASM299646v1	6966
GCF_002996465.1_ASM299646v1	6156
GCF_002996465.1_ASM299646v1	5589
GCF_002996465.1_ASM299646v1	5427
GCF_002996465.1_ASM299646v1	5346
GCF_002996465.1_ASM299646v1	5265
GCF_002996465.1_ASM299646v1	54513
GCF_002996465.1_ASM299646v1	5022
GCF_002996465.1_ASM299646v1	31752
GCF_002996465.1_ASM299646v1	30051
GCF_002996465.1_ASM299646v1	29889
GCF_002996465.1_ASM299646v1	29241
GCF_002996465.1_ASM299646v1	26892
GCF_002996465.1_ASM299646v1	23814
GCF_002996465.1_ASM299646v1	22275
GCF_002996475.1_ASM299647v1	9720
GCF_002996475.1_ASM299647v1	8586
GCF_002996475.1_ASM299647v1	8262
GCF_002996475.1_ASM299647v1	8262
GCF_002996475.1_ASM299647v1	7290
GCF_002996475.1_ASM299647v1	6399
GCF_002996475.1_ASM299647v1	6318
GCF_002996475.1_ASM299647v1	5832
GCF_002996475.1_ASM299647v1	5670
GCF_002996475.1_ASM299647v1	5670
GCF_002996475.1_ASM299647v1	54675
GCF_002996475.1_ASM299647v1	42039
GCF_002996475.1_ASM299647v1	29565
GCF_002996475.1_ASM299647v1	26973
GCF_002996475.1_ASM299647v1	24867
GCF_002996475.1_ASM299647v1	21627
GCF_002996475.1_ASM299647v1	10287
GCF_002996485.1_ASM299648v1	21465
GCF_002996485.1_ASM299648v1	17901
GCF_002996485.1_ASM299648v1	7776
GCF_002996485.1_ASM299648v1	7776
GCF_002996485.1_ASM299648v1	7614
GCF_002996485.1_ASM299648v1	7533
GCF_002996485.1_ASM299648v1	7452
GCF_002996485.1_ASM299648v1	6318
GCF_002996485.1_ASM299648v1	5346
GCF_002996485.1_ASM299648v1	5346
GCF_002996485.1_ASM299648v1	54513
GCF_002996485.1_ASM299648v1	5265
GCF_002996485.1_ASM299648v1	31509
GCF_002996485.1_ASM299648v1	29970
GCF_002996485.1_ASM299648v1	29241
GCF_002996485.1_ASM299648v1	26892
GCF_002996485.1_ASM299648v1	24138
GCF_002996485.1_ASM299648v1	23895
GCF_002996485.1_ASM299648v1	22113
GCF_002996545.1_ASM299654v1	25677
GCF_002996545.1_ASM299654v1	8910
GCF_002996545.1_ASM299654v1	8019
GCF_002996545.1_ASM299654v1	7533
GCF_002996545.1_ASM299654v1	6885
GCF_002996545.1_ASM299654v1	6318
GCF_002996545.1_ASM299654v1	5994
GCF_002996545.1_ASM299654v1	5589
GCF_002996545.1_ASM299654v1	55485
GCF_002996545.1_ASM299654v1	55161
GCF_002996545.1_ASM299654v1	47547
GCF_002996545.1_ASM299654v1	29403
GCF_002996545.1_ASM299654v1	28431
GCF_002996545.1_ASM299654v1	28188
GCF_002996545.1_ASM299654v1	27783
GCF_002996545.1_ASM299654v1	26892
GCF_002996585.1_ASM299658v1	12150
GCF_002996585.1_ASM299658v1	11421
GCF_002996585.1_ASM299658v1	9720
GCF_002996585.1_ASM299658v1	9639
GCF_002996585.1_ASM299658v1	8100
GCF_002996585.1_ASM299658v1	7776
GCF_002996585.1_ASM299658v1	7533
GCF_002996585.1_ASM299658v1	7452
GCF_002996585.1_ASM299658v1	6804
GCF_002996585.1_ASM299658v1	6399
GCF_002996585.1_ASM299658v1	54756
GCF_002996585.1_ASM299658v1	5346
GCF_002996585.1_ASM299658v1	48762
GCF_002996585.1_ASM299658v1	29160
GCF_002996585.1_ASM299658v1	26973
GCF_002996585.1_ASM299658v1	24867
GCF_002996585.1_ASM299658v1	24138
GCF_002996585.1_ASM299658v1	20817
GCF_002996585.1_ASM299658v1	12150
GCF_002996605.1_ASM299660v1	24867
GCF_002996605.1_ASM299660v1	22032
GCF_002996605.1_ASM299660v1	18549
GCF_002996605.1_ASM299660v1	14742
GCF_002996605.1_ASM299660v1	12069
GCF_002996605.1_ASM299660v1	11502
GCF_002996605.1_ASM299660v1	8505
GCF_002996605.1_ASM299660v1	7209
GCF_002996605.1_ASM299660v1	55566
GCF_002996605.1_ASM299660v1	29484
GCF_002996605.1_ASM299660v1	28593
GCF_002996605.1_ASM299660v1	28593
GCF_002996605.1_ASM299660v1	28188
GCF_002996605.1_ASM299660v1	27864
GCF_002996605.1_ASM299660v1	26892
GCF_002996605.1_ASM299660v1	25434
GCF_002996625.1_ASM299662v1	10206
GCF_002996625.1_ASM299662v1	9720
GCF_002996625.1_ASM299662v1	8667
GCF_002996625.1_ASM299662v1	7857
GCF_002996625.1_ASM299662v1	7776
GCF_002996625.1_ASM299662v1	7452
GCF_002996625.1_ASM299662v1	6561
GCF_002996625.1_ASM299662v1	5913
GCF_002996625.1_ASM299662v1	5832
GCF_002996625.1_ASM299662v1	54594
GCF_002996625.1_ASM299662v1	5589
GCF_002996625.1_ASM299662v1	5427
GCF_002996625.1_ASM299662v1	5346
GCF_002996625.1_ASM299662v1	5184
GCF_002996625.1_ASM299662v1	5184
GCF_002996625.1_ASM299662v1	5103
GCF_002996625.1_ASM299662v1	5022
GCF_002996625.1_ASM299662v1	30861
GCF_002996625.1_ASM299662v1	29241
GCF_002996625.1_ASM299662v1	26973
GCF_002996625.1_ASM299662v1	24705
GCF_002996625.1_ASM299662v1	23976
GCF_002996625.1_ASM299662v1	21546
GCF_002996625.1_ASM299662v1	18225
GCF_002996645.1_ASM299664v1	19116
GCF_002996645.1_ASM299664v1	18225
GCF_002996645.1_ASM299664v1	8910
GCF_002996645.1_ASM299664v1	7857
GCF_002996645.1_ASM299664v1	7452
GCF_002996645.1_ASM299664v1	7452
GCF_002996645.1_ASM299664v1	5184
GCF_002996645.1_ASM299664v1	54432
GCF_002996645.1_ASM299664v1	30942
GCF_002996645.1_ASM299664v1	29322
GCF_002996645.1_ASM299664v1	27540
GCF_002996645.1_ASM299664v1	26973
GCF_002996645.1_ASM299664v1	26811
GCF_002996645.1_ASM299664v1	25353
GCF_002996645.1_ASM299664v1	24948
GCF_002996685.1_ASM299668v1	20736
GCF_002996685.1_ASM299668v1	8910
GCF_002996685.1_ASM299668v1	8100
GCF_002996685.1_ASM299668v1	7857
GCF_002996685.1_ASM299668v1	6966
GCF_002996685.1_ASM299668v1	6399
GCF_002996685.1_ASM299668v1	6156
GCF_002996685.1_ASM299668v1	5589
GCF_002996685.1_ASM299668v1	5508
GCF_002996685.1_ASM299668v1	5346
GCF_002996685.1_ASM299668v1	54513
GCF_002996685.1_ASM299668v1	31509
GCF_002996685.1_ASM299668v1	31428
GCF_002996685.1_ASM299668v1	29808
GCF_002996685.1_ASM299668v1	29403
GCF_002996685.1_ASM299668v1	26892
GCF_002996685.1_ASM299668v1	23814
GCF_002996685.1_ASM299668v1	22275
GCF_002996705.1_ASM299670v1	16362
GCF_002996705.1_ASM299670v1	9558
GCF_002996705.1_ASM299670v1	9396
GCF_002996705.1_ASM299670v1	6642
GCF_002996705.1_ASM299670v1	6642
GCF_002996705.1_ASM299670v1	6480
GCF_002996705.1_ASM299670v1	5508
GCF_002996705.1_ASM299670v1	5103
GCF_002996705.1_ASM299670v1	55566
GCF_002996705.1_ASM299670v1	33210
GCF_002996705.1_ASM299670v1	32076
GCF_002996705.1_ASM299670v1	26163
GCF_002996705.1_ASM299670v1	25434
GCF_002996705.1_ASM299670v1	24705
GCF_002996705.1_ASM299670v1	22842
GCF_002996705.1_ASM299670v1	19521
GCF_002996865.1_ASM299686v1	17982
GCF_002996865.1_ASM299686v1	10449
GCF_002996865.1_ASM299686v1	10368
GCF_002996865.1_ASM299686v1	10206
GCF_002996865.1_ASM299686v1	8910
GCF_002996865.1_ASM299686v1	7695
GCF_002996865.1_ASM299686v1	7047
GCF_002996865.1_ASM299686v1	7047
GCF_002996865.1_ASM299686v1	6642
GCF_002996865.1_ASM299686v1	6399
GCF_002996865.1_ASM299686v1	54594
GCF_002996865.1_ASM299686v1	6318
GCF_002996865.1_ASM299686v1	5994
GCF_002996865.1_ASM299686v1	5508
GCF_002996865.1_ASM299686v1	5427
GCF_002996865.1_ASM299686v1	31347
GCF_002996865.1_ASM299686v1	29079
GCF_002996865.1_ASM299686v1	28188
GCF_002996865.1_ASM299686v1	26892
GCF_002996865.1_ASM299686v1	23733
GCF_002996865.1_ASM299686v1	22680
GCF_002996865.1_ASM299686v1	21303
GCF_002996925.1_ASM299692v1	21303
GCF_002996925.1_ASM299692v1	18954
GCF_002996925.1_ASM299692v1	17901
GCF_002996925.1_ASM299692v1	8910
GCF_002996925.1_ASM299692v1	8181
GCF_002996925.1_ASM299692v1	7857
GCF_002996925.1_ASM299692v1	7857
GCF_002996925.1_ASM299692v1	7452
GCF_002996925.1_ASM299692v1	6561
GCF_002996925.1_ASM299692v1	6075
GCF_002996925.1_ASM299692v1	54432
GCF_002996925.1_ASM299692v1	5346
GCF_002996925.1_ASM299692v1	5103
GCF_002996925.1_ASM299692v1	31347
GCF_002996925.1_ASM299692v1	31185
GCF_002996925.1_ASM299692v1	29484
GCF_002996925.1_ASM299692v1	28188
GCF_002996925.1_ASM299692v1	26892
GCF_002996925.1_ASM299692v1	23814
GCF_002996925.1_ASM299692v1	22032
GCF_002996965.1_ASM299696v1	19116
GCF_002996965.1_ASM299696v1	17253
GCF_002996965.1_ASM299696v1	9963
GCF_002996965.1_ASM299696v1	9558
GCF_002996965.1_ASM299696v1	9477
GCF_002996965.1_ASM299696v1	8505
GCF_002996965.1_ASM299696v1	7857
GCF_002996965.1_ASM299696v1	6480
GCF_002996965.1_ASM299696v1	6075
GCF_002996965.1_ASM299696v1	5265
GCF_002996965.1_ASM299696v1	54513
GCF_002996965.1_ASM299696v1	5184
GCF_002996965.1_ASM299696v1	33453
GCF_002996965.1_ASM299696v1	30051
GCF_002996965.1_ASM299696v1	29241
GCF_002996965.1_ASM299696v1	28107
GCF_002996965.1_ASM299696v1	26001
GCF_002996965.1_ASM299696v1	25434
GCF_002996965.1_ASM299696v1	22923
GCF_002997045.1_ASM299704v1	12150
GCF_002997045.1_ASM299704v1	8991
GCF_002997045.1_ASM299704v1	8505
GCF_002997045.1_ASM299704v1	8262
GCF_002997045.1_ASM299704v1	7533
GCF_002997045.1_ASM299704v1	7452
GCF_002997045.1_ASM299704v1	7047
GCF_002997045.1_ASM299704v1	5589
GCF_002997045.1_ASM299704v1	5508
GCF_002997045.1_ASM299704v1	5508
GCF_002997045.1_ASM299704v1	55404
GCF_002997045.1_ASM299704v1	5346
GCF_002997045.1_ASM299704v1	5346
GCF_002997045.1_ASM299704v1	5265
GCF_002997045.1_ASM299704v1	30051
GCF_002997045.1_ASM299704v1	29241
GCF_002997045.1_ASM299704v1	25434
GCF_002997045.1_ASM299704v1	24219
GCF_002997045.1_ASM299704v1	22842
GCF_002997045.1_ASM299704v1	21303
GCF_002997045.1_ASM299704v1	17901
GCF_002997065.1_ASM299706v1	19035
GCF_002997065.1_ASM299706v1	17010
GCF_002997065.1_ASM299706v1	11016
GCF_002997065.1_ASM299706v1	8910
GCF_002997065.1_ASM299706v1	8748
GCF_002997065.1_ASM299706v1	8505
GCF_002997065.1_ASM299706v1	8019
GCF_002997065.1_ASM299706v1	5346
GCF_002997065.1_ASM299706v1	5265
GCF_002997065.1_ASM299706v1	5103
GCF_002997065.1_ASM299706v1	54513
GCF_002997065.1_ASM299706v1	5103
GCF_002997065.1_ASM299706v1	29889
GCF_002997065.1_ASM299706v1	29403
GCF_002997065.1_ASM299706v1	29241
GCF_002997065.1_ASM299706v1	28188
GCF_002997065.1_ASM299706v1	26973
GCF_002997065.1_ASM299706v1	26001
GCF_002997065.1_ASM299706v1	22923
GCF_002997085.1_ASM299708v1	18954
GCF_002997085.1_ASM299708v1	15714
GCF_002997085.1_ASM299708v1	8910
GCF_002997085.1_ASM299708v1	8829
GCF_002997085.1_ASM299708v1	6804
GCF_002997085.1_ASM299708v1	5994
GCF_002997085.1_ASM299708v1	5670
GCF_002997085.1_ASM299708v1	5508
GCF_002997085.1_ASM299708v1	5265
GCF_002997085.1_ASM299708v1	5184
GCF_002997085.1_ASM299708v1	54513
GCF_002997085.1_ASM299708v1	5022
GCF_002997085.1_ASM299708v1	30537
GCF_002997085.1_ASM299708v1	28026
GCF_002997085.1_ASM299708v1	27621
GCF_002997085.1_ASM299708v1	26892
GCF_002997085.1_ASM299708v1	25110
GCF_002997085.1_ASM299708v1	24867
GCF_002997085.1_ASM299708v1	22518
GCF_002997105.1_ASM299710v1	12150
GCF_002997105.1_ASM299710v1	10530
GCF_002997105.1_ASM299710v1	8991
GCF_002997105.1_ASM299710v1	8667
GCF_002997105.1_ASM299710v1	8505
GCF_002997105.1_ASM299710v1	8262
GCF_002997105.1_ASM299710v1	6966
GCF_002997105.1_ASM299710v1	6885
GCF_002997105.1_ASM299710v1	5994
GCF_002997105.1_ASM299710v1	5508
GCF_002997105.1_ASM299710v1	55566
GCF_002997105.1_ASM299710v1	5346
GCF_002997105.1_ASM299710v1	5346
GCF_002997105.1_ASM299710v1	5265
GCF_002997105.1_ASM299710v1	5103
GCF_002997105.1_ASM299710v1	30051
GCF_002997105.1_ASM299710v1	29241
GCF_002997105.1_ASM299710v1	25434
GCF_002997105.1_ASM299710v1	24219
GCF_002997105.1_ASM299710v1	23004
GCF_002997105.1_ASM299710v1	21303
GCF_002997105.1_ASM299710v1	17820
GCF_002997145.1_ASM299714v1	14742
GCF_002997145.1_ASM299714v1	13122
GCF_002997145.1_ASM299714v1	9639
GCF_002997145.1_ASM299714v1	8991
GCF_002997145.1_ASM299714v1	8019
GCF_002997145.1_ASM299714v1	7857
GCF_002997145.1_ASM299714v1	7776
GCF_002997145.1_ASM299714v1	5913
GCF_002997145.1_ASM299714v1	5508
GCF_002997145.1_ASM299714v1	54432
GCF_002997145.1_ASM299714v1	30132
GCF_002997145.1_ASM299714v1	29889
GCF_002997145.1_ASM299714v1	28917
GCF_002997145.1_ASM299714v1	28026
GCF_002997145.1_ASM299714v1	26973
GCF_002997145.1_ASM299714v1	25191
GCF_002997145.1_ASM299714v1	18630
GCF_002997165.1_ASM299716v1	17901
GCF_002997165.1_ASM299716v1	15633
GCF_002997165.1_ASM299716v1	13365
GCF_002997165.1_ASM299716v1	10206
GCF_002997165.1_ASM299716v1	8910
GCF_002997165.1_ASM299716v1	8181
GCF_002997165.1_ASM299716v1	7938
GCF_002997165.1_ASM299716v1	7533
GCF_002997165.1_ASM299716v1	7047
GCF_002997165.1_ASM299716v1	6237
GCF_002997165.1_ASM299716v1	55485
GCF_002997165.1_ASM299716v1	5913
GCF_002997165.1_ASM299716v1	5184
GCF_002997165.1_ASM299716v1	31104
GCF_002997165.1_ASM299716v1	29646
GCF_002997165.1_ASM299716v1	25434
GCF_002997165.1_ASM299716v1	24705
GCF_002997165.1_ASM299716v1	23571
GCF_002997165.1_ASM299716v1	22356
GCF_002997165.1_ASM299716v1	21465
GCF_002997205.1_ASM299720v1	19197
GCF_002997205.1_ASM299720v1	17253
GCF_002997205.1_ASM299720v1	10125
GCF_002997205.1_ASM299720v1	8748
GCF_002997205.1_ASM299720v1	8505
GCF_002997205.1_ASM299720v1	6318
GCF_002997205.1_ASM299720v1	6156
GCF_002997205.1_ASM299720v1	5265
GCF_002997205.1_ASM299720v1	5103
GCF_002997205.1_ASM299720v1	54513
GCF_002997205.1_ASM299720v1	35883
GCF_002997205.1_ASM299720v1	30132
GCF_002997205.1_ASM299720v1	29241
GCF_002997205.1_ASM299720v1	28188
GCF_002997205.1_ASM299720v1	26973
GCF_002997205.1_ASM299720v1	26082
GCF_002997205.1_ASM299720v1	23004
GCF_002997245.1_ASM299724v1	8829
GCF_002997245.1_ASM299724v1	7938
GCF_002997245.1_ASM299724v1	7371
GCF_002997245.1_ASM299724v1	7209
GCF_002997245.1_ASM299724v1	6723
GCF_002997245.1_ASM299724v1	6156
GCF_002997245.1_ASM299724v1	56457
GCF_002997245.1_ASM299724v1	54432
GCF_002997245.1_ASM299724v1	47628
GCF_002997245.1_ASM299724v1	26973
GCF_002997245.1_ASM299724v1	25434
GCF_002997245.1_ASM299724v1	25353
GCF_002997245.1_ASM299724v1	19116
GCF_002997245.1_ASM299724v1	8910
GCF_002997265.1_ASM299726v1	18225
GCF_002997265.1_ASM299726v1	8910
GCF_002997265.1_ASM299726v1	7209
GCF_002997265.1_ASM299726v1	6237
GCF_002997265.1_ASM299726v1	58887
GCF_002997265.1_ASM299726v1	54351
GCF_002997265.1_ASM299726v1	27459
GCF_002997265.1_ASM299726v1	26973
GCF_002997265.1_ASM299726v1	25839
GCF_002997265.1_ASM299726v1	25191
GCF_002997265.1_ASM299726v1	20169
GCF_002997265.1_ASM299726v1	19116
GCF_002997285.1_ASM299728v1	12150
GCF_002997285.1_ASM299728v1	10368
GCF_002997285.1_ASM299728v1	9477
GCF_002997285.1_ASM299728v1	9396
GCF_002997285.1_ASM299728v1	8748
GCF_002997285.1_ASM299728v1	7938
GCF_002997285.1_ASM299728v1	7938
GCF_002997285.1_ASM299728v1	7209
GCF_002997285.1_ASM299728v1	6561
GCF_002997285.1_ASM299728v1	54594
GCF_002997285.1_ASM299728v1	5508
GCF_002997285.1_ASM299728v1	5103
GCF_002997285.1_ASM299728v1	30699
GCF_002997285.1_ASM299728v1	29403
GCF_002997285.1_ASM299728v1	26973
GCF_002997285.1_ASM299728v1	25191
GCF_002997285.1_ASM299728v1	23976
GCF_002997285.1_ASM299728v1	21789
GCF_002997285.1_ASM299728v1	17820
GCF_003367295.1_ASM336729v1	11502
GCF_003367295.1_ASM336729v1	14580
GCF_003367295.1_ASM336729v1	24381
GCF_003367295.1_ASM336729v1	26811
GCF_003367295.1_ASM336729v1	27054
GCF_003367295.1_ASM336729v1	27783
GCF_003367295.1_ASM336729v1	28836
GCF_003367295.1_ASM336729v1	31266
GCF_003367295.1_ASM336729v1	13446
GCF_003367295.1_ASM336729v1	22113
GCF_003367295.1_ASM336729v1	20169
GCF_003367295.1_ASM336729v1	14175
GCF_003367295.1_ASM336729v1	30942
GCF_003367295.1_ASM336729v1	28269
GCF_003367295.1_ASM336729v1	54432
GCF_003814405.1_ASM381440v1	21060
GCF_003814405.1_ASM381440v1	27297
GCF_003814405.1_ASM381440v1	26811
GCF_003814405.1_ASM381440v1	41796
GCF_003814405.1_ASM381440v1	27378
GCF_003814405.1_ASM381440v1	29889
GCF_003814405.1_ASM381440v1	30780
GCF_003814405.1_ASM381440v1	25920
GCF_003814405.1_ASM381440v1	37422
GCF_003814405.1_ASM381440v1	58158
GCF_003814425.1_ASM381442v1	24867
GCF_003814425.1_ASM381442v1	55566
GCF_003814425.1_ASM381442v1	27378
GCF_003814425.1_ASM381442v1	24381
GCF_003814425.1_ASM381442v1	51435
GCF_003814425.1_ASM381442v1	23085
GCF_003814425.1_ASM381442v1	28755
GCF_003814425.1_ASM381442v1	28917
GCF_003814425.1_ASM381442v1	31347
GCF_003814425.1_ASM381442v1	21384
GCF_003814425.1_ASM381442v1	61074
GCF_014525455.1_ASM1452545v1	27459
GCF_014525455.1_ASM1452545v1	29808
GCF_014525455.1_ASM1452545v1	54999
GCF_014525455.1_ASM1452545v1	21222
GCF_014525455.1_ASM1452545v1	27054
GCF_014525455.1_ASM1452545v1	24543
GCF_014525455.1_ASM1452545v1	24381
GCF_014525455.1_ASM1452545v1	49491
GCF_014525455.1_ASM1452545v1	28431
GCF_014525455.1_ASM1452545v1	21546
GCF_014525455.1_ASM1452545v1	61074
GCF_014525525.1_ASM1452552v1	27378
GCF_014525525.1_ASM1452552v1	30132
GCF_014525525.1_ASM1452552v1	54999
GCF_014525525.1_ASM1452552v1	21303
GCF_014525525.1_ASM1452552v1	28917
GCF_014525525.1_ASM1452552v1	26244
GCF_014525525.1_ASM1452552v1	24381
GCF_014525525.1_ASM1452552v1	51030
GCF_014525525.1_ASM1452552v1	27702
GCF_014525525.1_ASM1452552v1	11421
GCF_014525525.1_ASM1452552v1	21384
GCF_014525525.1_ASM1452552v1	61074
GCF_014525535.1_ASM1452553v1	27540
GCF_014525535.1_ASM1452553v1	30294
GCF_014525535.1_ASM1452553v1	55566
GCF_014525535.1_ASM1452553v1	21384
GCF_014525535.1_ASM1452553v1	28269
GCF_014525535.1_ASM1452553v1	24624
GCF_014525535.1_ASM1452553v1	24381
GCF_014525535.1_ASM1452553v1	51678
GCF_014525535.1_ASM1452553v1	28512
GCF_014525535.1_ASM1452553v1	13041
GCF_014525535.1_ASM1452553v1	21627
GCF_014525535.1_ASM1452553v1	61236
GCF_014525565.1_ASM1452556v1	27297
GCF_014525565.1_ASM1452556v1	55566
GCF_014525565.1_ASM1452556v1	27540
GCF_014525565.1_ASM1452556v1	31509
GCF_014525565.1_ASM1452556v1	24867
GCF_014525565.1_ASM1452556v1	24381
GCF_014525565.1_ASM1452556v1	50949
GCF_014525565.1_ASM1452556v1	22842
GCF_014525565.1_ASM1452556v1	13446
GCF_014525565.1_ASM1452556v1	26325
GCF_014525565.1_ASM1452556v1	21627
GCF_014525565.1_ASM1452556v1	61074
GCF_014525665.1_ASM1452566v1	27297
GCF_014525665.1_ASM1452566v1	55485
GCF_014525665.1_ASM1452566v1	21465
GCF_014525665.1_ASM1452566v1	27702
GCF_014525665.1_ASM1452566v1	24624
GCF_014525665.1_ASM1452566v1	24219
GCF_014525665.1_ASM1452566v1	51030
GCF_014525665.1_ASM1452566v1	28107
GCF_014525665.1_ASM1452566v1	12150
GCF_014525665.1_ASM1452566v1	21303
GCF_014525665.1_ASM1452566v1	60507
GCF_014525685.1_ASM1452568v1	27297
GCF_014525685.1_ASM1452568v1	55566
GCF_014525685.1_ASM1452568v1	27216
GCF_014525685.1_ASM1452568v1	31509
GCF_014525685.1_ASM1452568v1	24948
GCF_014525685.1_ASM1452568v1	24381
GCF_014525685.1_ASM1452568v1	49410
GCF_014525685.1_ASM1452568v1	28755
GCF_014525685.1_ASM1452568v1	21546
GCF_014525685.1_ASM1452568v1	47142
GCF_014525705.1_ASM1452570v1	10206
GCF_014525705.1_ASM1452570v1	27378
GCF_014525705.1_ASM1452570v1	55566
GCF_014525705.1_ASM1452570v1	27783
GCF_014525705.1_ASM1452570v1	31509
GCF_014525705.1_ASM1452570v1	24867
GCF_014525705.1_ASM1452570v1	24462
GCF_014525705.1_ASM1452570v1	51597
GCF_014525705.1_ASM1452570v1	22923
GCF_014525705.1_ASM1452570v1	13689
GCF_014525705.1_ASM1452570v1	28755
GCF_014525705.1_ASM1452570v1	21546
GCF_014525705.1_ASM1452570v1	61074
GCF_014525715.1_ASM1452571v1	27540
GCF_014525715.1_ASM1452571v1	30294
GCF_014525715.1_ASM1452571v1	55485
GCF_014525715.1_ASM1452571v1	21384
GCF_014525715.1_ASM1452571v1	28026
GCF_014525715.1_ASM1452571v1	25434
GCF_014525715.1_ASM1452571v1	24624
GCF_014525715.1_ASM1452571v1	51354
GCF_014525715.1_ASM1452571v1	28755
GCF_014525715.1_ASM1452571v1	11826
GCF_014525715.1_ASM1452571v1	21789
GCF_014525715.1_ASM1452571v1	61317
GCF_014525745.1_ASM1452574v1	26973
GCF_014525745.1_ASM1452574v1	28188
GCF_014525745.1_ASM1452574v1	54189
GCF_014525745.1_ASM1452574v1	28107
GCF_014525745.1_ASM1452574v1	31266
GCF_014525745.1_ASM1452574v1	24867
GCF_014525745.1_ASM1452574v1	24462
GCF_014525745.1_ASM1452574v1	50058
GCF_014525745.1_ASM1452574v1	33939
GCF_014525745.1_ASM1452574v1	21546
GCF_014525745.1_ASM1452574v1	47142
GCF_014525755.1_ASM1452575v1	27378
GCF_014525755.1_ASM1452575v1	30294
GCF_014525755.1_ASM1452575v1	55485
GCF_014525755.1_ASM1452575v1	28026
GCF_014525755.1_ASM1452575v1	25191
GCF_014525755.1_ASM1452575v1	24462
GCF_014525755.1_ASM1452575v1	51192
GCF_014525755.1_ASM1452575v1	28026
GCF_014525755.1_ASM1452575v1	12069
GCF_014525755.1_ASM1452575v1	21708
GCF_014525755.1_ASM1452575v1	60993
GCF_014525755.1_ASM1452575v1	21222
GCF_014525785.1_ASM1452578v1	27378
GCF_014525785.1_ASM1452578v1	30294
GCF_014525785.1_ASM1452578v1	55566
GCF_014525785.1_ASM1452578v1	21384
GCF_014525785.1_ASM1452578v1	27783
GCF_014525785.1_ASM1452578v1	25434
GCF_014525785.1_ASM1452578v1	19764
GCF_014525785.1_ASM1452578v1	48033
GCF_014525785.1_ASM1452578v1	27864
GCF_014525785.1_ASM1452578v1	11421
GCF_014525785.1_ASM1452578v1	21546
GCF_014525785.1_ASM1452578v1	61155
GCF_014525805.2_ASM1452580v2	25272
GCF_014525805.2_ASM1452580v2	27378
GCF_014525805.2_ASM1452580v2	24381
GCF_014525805.2_ASM1452580v2	51354
GCF_014525805.2_ASM1452580v2	28593
GCF_014525805.2_ASM1452580v2	13284
GCF_014525805.2_ASM1452580v2	55566
GCF_014525805.2_ASM1452580v2	21303
GCF_014525805.2_ASM1452580v2	30294
GCF_014525805.2_ASM1452580v2	21627
GCF_014525805.2_ASM1452580v2	61074
GCF_014525815.1_ASM1452581v1	27378
GCF_014525815.1_ASM1452581v1	55566
GCF_014525815.1_ASM1452581v1	21465
GCF_014525815.1_ASM1452581v1	28026
GCF_014525815.1_ASM1452581v1	25191
GCF_014525815.1_ASM1452581v1	32886
GCF_014525815.1_ASM1452581v1	47385
GCF_014525815.1_ASM1452581v1	28593
GCF_014525815.1_ASM1452581v1	21627
GCF_014525815.1_ASM1452581v1	61236
GCF_014525845.1_ASM1452584v1	27540
GCF_014525845.1_ASM1452584v1	30294
GCF_014525845.1_ASM1452584v1	55566
GCF_014525845.1_ASM1452584v1	21384
GCF_014525845.1_ASM1452584v1	28026
GCF_014525845.1_ASM1452584v1	24786
GCF_014525845.1_ASM1452584v1	24381
GCF_014525845.1_ASM1452584v1	51354
GCF_014525845.1_ASM1452584v1	28674
GCF_014525845.1_ASM1452584v1	8262
GCF_014525845.1_ASM1452584v1	21546
GCF_014525845.1_ASM1452584v1	61074
GCF_014525845.1_ASM1452584v1	6642
GCF_014525925.1_ASM1452592v1	27621
GCF_014525925.1_ASM1452592v1	33129
GCF_014525925.1_ASM1452592v1	13446
GCF_014525925.1_ASM1452592v1	18630
GCF_014525925.1_ASM1452592v1	21627
GCF_014525925.1_ASM1452592v1	17901
GCF_014525925.1_ASM1452592v1	5184
GCF_014525925.1_ASM1452592v1	8910
GCF_014525925.1_ASM1452592v1	20331
GCF_014525925.1_ASM1452592v1	21870
GCF_014525925.1_ASM1452592v1	27702
GCF_014525925.1_ASM1452592v1	19764
GCF_014525925.1_ASM1452592v1	30537
GCF_014525925.1_ASM1452592v1	30132
GCF_014525925.1_ASM1452592v1	20898
GCF_014525925.1_ASM1452592v1	17577
GCF_014525925.1_ASM1452592v1	23166
GCF_014525925.1_ASM1452592v1	59373
GCF_014525935.1_ASM1452593v1	27621
GCF_014525935.1_ASM1452593v1	32805
GCF_014525935.1_ASM1452593v1	14094
GCF_014525935.1_ASM1452593v1	19197
GCF_014525935.1_ASM1452593v1	22113
GCF_014525935.1_ASM1452593v1	20331
GCF_014525935.1_ASM1452593v1	10206
GCF_014525935.1_ASM1452593v1	9477
GCF_014525935.1_ASM1452593v1	52245
GCF_014525935.1_ASM1452593v1	27702
GCF_014525935.1_ASM1452593v1	20331
GCF_014525935.1_ASM1452593v1	29322
GCF_014525935.1_ASM1452593v1	21222
GCF_014525935.1_ASM1452593v1	17091
GCF_014525935.1_ASM1452593v1	23166
GCF_014525935.1_ASM1452593v1	59454
GCF_014525935.1_ASM1452593v1	6399
GCF_014526005.1_ASM1452600v1	27378
GCF_014526005.1_ASM1452600v1	55404
GCF_014526005.1_ASM1452600v1	27621
GCF_014526005.1_ASM1452600v1	31590
GCF_014526005.1_ASM1452600v1	26568
GCF_014526005.1_ASM1452600v1	24138
GCF_014526005.1_ASM1452600v1	51435
GCF_014526005.1_ASM1452600v1	22032
GCF_014526005.1_ASM1452600v1	21546
GCF_014526005.1_ASM1452600v1	60912
GCF_014526025.1_ASM1452602v1	27540
GCF_014526025.1_ASM1452602v1	55566
GCF_014526025.1_ASM1452602v1	28107
GCF_014526025.1_ASM1452602v1	31509
GCF_014526025.1_ASM1452602v1	26649
GCF_014526025.1_ASM1452602v1	24543
GCF_014526025.1_ASM1452602v1	51597
GCF_014526025.1_ASM1452602v1	21708
GCF_014526025.1_ASM1452602v1	61074
GCF_014526045.1_ASM1452604v1	27540
GCF_014526045.1_ASM1452604v1	55485
GCF_014526045.1_ASM1452604v1	21384
GCF_014526045.1_ASM1452604v1	27783
GCF_014526045.1_ASM1452604v1	31509
GCF_014526045.1_ASM1452604v1	26811
GCF_014526045.1_ASM1452604v1	24462
GCF_014526045.1_ASM1452604v1	50787
GCF_014526045.1_ASM1452604v1	28350
GCF_014526045.1_ASM1452604v1	10125
GCF_014526045.1_ASM1452604v1	21627
GCF_014526045.1_ASM1452604v1	61074
GCF_018831585.1_ASM1883158v1	21627
GCF_018831585.1_ASM1883158v1	27702
GCF_018831585.1_ASM1883158v1	27459
GCF_018831585.1_ASM1883158v1	20655
GCF_018831585.1_ASM1883158v1	30375
GCF_018831585.1_ASM1883158v1	21303
GCF_018831585.1_ASM1883158v1	17982
GCF_018831585.1_ASM1883158v1	22275
GCF_018831585.1_ASM1883158v1	14094
GCF_018831585.1_ASM1883158v1	19197
GCF_018831585.1_ASM1883158v1	21870
GCF_018831585.1_ASM1883158v1	7371
GCF_018831585.1_ASM1883158v1	7371
GCF_018831585.1_ASM1883158v1	9963
GCF_018831585.1_ASM1883158v1	31023
GCF_018831585.1_ASM1883158v1	32886
GCF_018831585.1_ASM1883158v1	23247
GCF_018831585.1_ASM1883158v1	59292
GCF_019134655.1_ASM1913465v1	26811
GCF_019134655.1_ASM1913465v1	31347
GCF_019134655.1_ASM1913465v1	31185
GCF_019134655.1_ASM1913465v1	29970
GCF_019134655.1_ASM1913465v1	28917
GCF_019134655.1_ASM1913465v1	18387
GCF_019134655.1_ASM1913465v1	28674
GCF_019134655.1_ASM1913465v1	31266
GCF_019134655.1_ASM1913465v1	31752
GCF_019134655.1_ASM1913465v1	52407
GCF_019464575.1_ASM1946457v1	15714
GCF_019464575.1_ASM1946457v1	24624
GCF_019464575.1_ASM1946457v1	24462
GCF_019464575.1_ASM1946457v1	26811
GCF_019464575.1_ASM1946457v1	27945
GCF_019464575.1_ASM1946457v1	28512
GCF_019464575.1_ASM1946457v1	29646
GCF_019464575.1_ASM1946457v1	30537
GCF_019464575.1_ASM1946457v1	30537
GCF_019464575.1_ASM1946457v1	30942
GCF_019464575.1_ASM1946457v1	18549
GCF_019464575.1_ASM1946457v1	30375
GCF_019464575.1_ASM1946457v1	30375
GCF_019464575.1_ASM1946457v1	30213
GCF_019464575.1_ASM1946457v1	30537
GCF_019464575.1_ASM1946457v1	39366
GCF_019464575.1_ASM1946457v1	54351
GCF_019464575.1_ASM1946457v1	28026
GCF_024662155.1_ASM2466215v1	15633
GCF_024662155.1_ASM2466215v1	21546
GCF_024662155.1_ASM2466215v1	26811
GCF_024662155.1_ASM2466215v1	22761
GCF_024662155.1_ASM2466215v1	27864
GCF_024662155.1_ASM2466215v1	28269
GCF_024662155.1_ASM2466215v1	29646
GCF_024662155.1_ASM2466215v1	30537
GCF_024662155.1_ASM2466215v1	30537
GCF_024662155.1_ASM2466215v1	18549
GCF_024662155.1_ASM2466215v1	30375
GCF_024662155.1_ASM2466215v1	30375
GCF_024662155.1_ASM2466215v1	30213
GCF_024662155.1_ASM2466215v1	30375
GCF_024662155.1_ASM2466215v1	39285
GCF_024662155.1_ASM2466215v1	54189
GCF_024662155.1_ASM2466215v1	27540
GCF_024662175.1_ASM2466217v1	18144
GCF_024662175.1_ASM2466217v1	26811
GCF_024662175.1_ASM2466217v1	29079
GCF_024662175.1_ASM2466217v1	29484
GCF_024662175.1_ASM2466217v1	27945
GCF_024662175.1_ASM2466217v1	26973
GCF_024662175.1_ASM2466217v1	30618
GCF_024662175.1_ASM2466217v1	31104
GCF_024662175.1_ASM2466217v1	30618
GCF_024662175.1_ASM2466217v1	30618
GCF_024662175.1_ASM2466217v1	30942
GCF_024662175.1_ASM2466217v1	31023
GCF_024662175.1_ASM2466217v1	21384
GCF_024662175.1_ASM2466217v1	21384
GCF_024662175.1_ASM2466217v1	31752
GCF_024662175.1_ASM2466217v1	30294
GCF_024662175.1_ASM2466217v1	54189
GCF_024662195.1_ASM2466219v1	9477
GCF_024662195.1_ASM2466219v1	17010
GCF_024662195.1_ASM2466219v1	18387
GCF_024662195.1_ASM2466219v1	24705
GCF_024662195.1_ASM2466219v1	26811
GCF_024662195.1_ASM2466219v1	28755
GCF_024662195.1_ASM2466219v1	30294
GCF_024662195.1_ASM2466219v1	28674
GCF_024662195.1_ASM2466219v1	27378
GCF_024662195.1_ASM2466219v1	31104
GCF_024662195.1_ASM2466219v1	30537
GCF_024662195.1_ASM2466219v1	30618
GCF_024662195.1_ASM2466219v1	30132
GCF_024662195.1_ASM2466219v1	31185
GCF_024662195.1_ASM2466219v1	31266
GCF_024662195.1_ASM2466219v1	31023
GCF_024662195.1_ASM2466219v1	37098
GCF_024662195.1_ASM2466219v1	39042
GCF_024662195.1_ASM2466219v1	54108
GCF_024662195.1_ASM2466219v1	53298
GCF_026643455.2_ASM2664345v2	9477
GCF_026643455.2_ASM2664345v2	21141
GCF_026643455.2_ASM2664345v2	33048
GCF_026643455.2_ASM2664345v2	27297
GCF_026643455.2_ASM2664345v2	29646
GCF_026643455.2_ASM2664345v2	27378
GCF_026643455.2_ASM2664345v2	29808
GCF_026643455.2_ASM2664345v2	30618
GCF_026643455.2_ASM2664345v2	32319
GCF_026643455.2_ASM2664345v2	24948
GCF_026643455.2_ASM2664345v2	51354
GCF_030439605.1_ASM3043960v2	17091
GCF_030439605.1_ASM3043960v2	24705
GCF_030439605.1_ASM3043960v2	26811
GCF_030439605.1_ASM3043960v2	25272
GCF_030439605.1_ASM3043960v2	30294
GCF_030439605.1_ASM3043960v2	27864
GCF_030439605.1_ASM3043960v2	31023
GCF_030439605.1_ASM3043960v2	61641
GCF_030439605.1_ASM3043960v2	31023
GCF_030439605.1_ASM3043960v2	30375
GCF_030439605.1_ASM3043960v2	31590
GCF_030439605.1_ASM3043960v2	37341
GCF_030439605.1_ASM3043960v2	39285
GCF_030439605.1_ASM3043960v2	54270
GCF_030439605.1_ASM3043960v2	53703
GCF_030439625.1_ASM3043962v2	17415
GCF_030439625.1_ASM3043962v2	26730
GCF_030439625.1_ASM3043962v2	27459
GCF_030439625.1_ASM3043962v2	28188
GCF_030439625.1_ASM3043962v2	29241
GCF_030439625.1_ASM3043962v2	28512
GCF_030439625.1_ASM3043962v2	28026
GCF_030439625.1_ASM3043962v2	30051
GCF_030439625.1_ASM3043962v2	29889
GCF_030439625.1_ASM3043962v2	30375
GCF_030439625.1_ASM3043962v2	30294
GCF_030439625.1_ASM3043962v2	30942
GCF_030439625.1_ASM3043962v2	37341
GCF_030439625.1_ASM3043962v2	54351
GCF_030439665.1_ASM3043966v2	8829
GCF_030439665.1_ASM3043966v2	8586
GCF_030439665.1_ASM3043966v2	16281
GCF_030439665.1_ASM3043966v2	26811
GCF_030439665.1_ASM3043966v2	26001
GCF_030439665.1_ASM3043966v2	14580
GCF_030439665.1_ASM3043966v2	30456
GCF_030439665.1_ASM3043966v2	15147
GCF_030439665.1_ASM3043966v2	30537
GCF_030439665.1_ASM3043966v2	29889
GCF_030439665.1_ASM3043966v2	28107
GCF_030439665.1_ASM3043966v2	29322
GCF_030439665.1_ASM3043966v2	31185
GCF_030439665.1_ASM3043966v2	31023
GCF_030439665.1_ASM3043966v2	29079
GCF_030439665.1_ASM3043966v2	39609
GCF_030439665.1_ASM3043966v2	55323
GCF_030440345.1_ASM3044034v2	8748
GCF_030440345.1_ASM3044034v2	18144
GCF_030440345.1_ASM3044034v2	25272
GCF_030440345.1_ASM3044034v2	26811
GCF_030440345.1_ASM3044034v2	26892
GCF_030440345.1_ASM3044034v2	29160
GCF_030440345.1_ASM3044034v2	29403
GCF_030440345.1_ASM3044034v2	27702
GCF_030440345.1_ASM3044034v2	27135
GCF_030440345.1_ASM3044034v2	31266
GCF_030440345.1_ASM3044034v2	61803
GCF_030440345.1_ASM3044034v2	30618
GCF_030440345.1_ASM3044034v2	30618
GCF_030440345.1_ASM3044034v2	30942
GCF_030440345.1_ASM3044034v2	31023
GCF_030440345.1_ASM3044034v2	21384
GCF_030440345.1_ASM3044034v2	21384
GCF_030440345.1_ASM3044034v2	23976
GCF_030440345.1_ASM3044034v2	30618
GCF_030440345.1_ASM3044034v2	54513
GCF_030444985.1_ASM3044498v1	17091
GCF_030444985.1_ASM3044498v1	26811
GCF_030444985.1_ASM3044498v1	54270
GCF_030445005.1_ASM3044500v2	17415
GCF_030445005.1_ASM3044500v2	26730
GCF_030445005.1_ASM3044500v2	28593
GCF_030445005.1_ASM3044500v2	28188
GCF_030445005.1_ASM3044500v2	29241
GCF_030445005.1_ASM3044500v2	28512
GCF_030445005.1_ASM3044500v2	28026
GCF_030445005.1_ASM3044500v2	31752
GCF_030445005.1_ASM3044500v2	61317
GCF_030445005.1_ASM3044500v2	30294
GCF_030445005.1_ASM3044500v2	30942
GCF_030445005.1_ASM3044500v2	37341
GCF_030445005.1_ASM3044500v2	54351
GCF_030445025.1_ASM3044502v2	17496
GCF_030445025.1_ASM3044502v2	26811
GCF_030445025.1_ASM3044502v2	32967
GCF_030445025.1_ASM3044502v2	19926
GCF_030445025.1_ASM3044502v2	29241
GCF_030445025.1_ASM3044502v2	28512
GCF_030445025.1_ASM3044502v2	31752
GCF_030445025.1_ASM3044502v2	91125
GCF_030445025.1_ASM3044502v2	30942
GCF_030445025.1_ASM3044502v2	37341
GCF_030445025.1_ASM3044502v2	54270
GCF_030445065.1_ASM3044506v2	8586
GCF_030445065.1_ASM3044506v2	16686
GCF_030445065.1_ASM3044506v2	23976
GCF_030445065.1_ASM3044506v2	26811
GCF_030445065.1_ASM3044506v2	30051
GCF_030445065.1_ASM3044506v2	30294
GCF_030445065.1_ASM3044506v2	28998
GCF_030445065.1_ASM3044506v2	29403
GCF_030445065.1_ASM3044506v2	25596
GCF_030445065.1_ASM3044506v2	19521
GCF_030445065.1_ASM3044506v2	28512
GCF_030445065.1_ASM3044506v2	60507
GCF_030445065.1_ASM3044506v2	30699
GCF_030445065.1_ASM3044506v2	26487
GCF_030445065.1_ASM3044506v2	28431
GCF_030445065.1_ASM3044506v2	30294
GCF_030445065.1_ASM3044506v2	22680
GCF_030445065.1_ASM3044506v2	37341
GCF_030445065.1_ASM3044506v2	39447
GCF_030445065.1_ASM3044506v2	53865
GCF_032595375.1_ASM3259537v2	17496
GCF_032595375.1_ASM3259537v2	26811
GCF_032595375.1_ASM3259537v2	30213
GCF_032595375.1_ASM3259537v2	17739
GCF_032595375.1_ASM3259537v2	15471
GCF_032595375.1_ASM3259537v2	28431
GCF_032595375.1_ASM3259537v2	28026
GCF_032595375.1_ASM3259537v2	92178
GCF_032595375.1_ASM3259537v2	31347
GCF_032595375.1_ASM3259537v2	37341
GCF_032595375.1_ASM3259537v2	54351
GCF_032595515.1_ASM3259551v2	17496
GCF_032595515.1_ASM3259551v2	26811
GCF_032595515.1_ASM3259551v2	14580
GCF_032595515.1_ASM3259551v2	22356
GCF_032595515.1_ASM3259551v2	28512
GCF_032595515.1_ASM3259551v2	29160
GCF_032595515.1_ASM3259551v2	26082
GCF_032595515.1_ASM3259551v2	89100
GCF_032595515.1_ASM3259551v2	30942
GCF_032595515.1_ASM3259551v2	37422
GCF_032595515.1_ASM3259551v2	49977
GCF_032595535.1_ASM3259553v1	20007
GCF_032595535.1_ASM3259553v1	26001
GCF_032595535.1_ASM3259553v1	51111
GCF_032595755.1_ASM3259575v2	8586
GCF_032595755.1_ASM3259575v2	18306
GCF_032595755.1_ASM3259575v2	26811
GCF_032595755.1_ASM3259575v2	28026
GCF_032595755.1_ASM3259575v2	27702
GCF_032595755.1_ASM3259575v2	30699
GCF_032595755.1_ASM3259575v2	112023
GCF_032595755.1_ASM3259575v2	25839
GCF_032595755.1_ASM3259575v2	52488
GCF_032595755.1_ASM3259575v2	21303
GCF_032603535.1_ASM3260353v1	18630
GCF_032603535.1_ASM3260353v1	28431
GCF_032603535.1_ASM3260353v1	27378
GCF_032603535.1_ASM3260353v1	26568
GCF_032603535.1_ASM3260353v1	32724
GCF_032603535.1_ASM3260353v1	56295
GCF_032604805.1_ASM3260480v1	20979
GCF_032604805.1_ASM3260480v1	28350
GCF_032604805.1_ASM3260480v1	27378
GCF_032604805.1_ASM3260480v1	20088
GCF_032604805.1_ASM3260480v1	32481
GCF_032604805.1_ASM3260480v1	56376
GCF_032605755.1_ASM3260575v1	17820
GCF_032605755.1_ASM3260575v1	25272
GCF_032605755.1_ASM3260575v1	27378
GCF_032605755.1_ASM3260575v1	31752
GCF_032605755.1_ASM3260575v1	22761
GCF_032605755.1_ASM3260575v1	57834
GCF_032606795.1_ASM3260679v1	9477
GCF_032606795.1_ASM3260679v1	21060
GCF_032606795.1_ASM3260679v1	23652
GCF_032606795.1_ASM3260679v1	27297
GCF_032606795.1_ASM3260679v1	17496
GCF_032606795.1_ASM3260679v1	13041
GCF_032606795.1_ASM3260679v1	57591
GCF_032607615.1_ASM3260761v1	22194
GCF_032607615.1_ASM3260761v1	24867
GCF_032607615.1_ASM3260761v1	27378
GCF_032607615.1_ASM3260761v1	17091
GCF_032607615.1_ASM3260761v1	42201
GCF_032607615.1_ASM3260761v1	35883
GCF_032607615.1_ASM3260761v1	58806
GCF_032608435.1_ASM3260843v1	22194
GCF_032608435.1_ASM3260843v1	23085
GCF_032608435.1_ASM3260843v1	27378
GCF_032608435.1_ASM3260843v1	17253
GCF_032608435.1_ASM3260843v1	42120
GCF_032608435.1_ASM3260843v1	35883
GCF_032608435.1_ASM3260843v1	57672
GCF_032609235.1_ASM3260923v1	22275
GCF_032609235.1_ASM3260923v1	23814
GCF_032609235.1_ASM3260923v1	27297
GCF_032609235.1_ASM3260923v1	18063
GCF_032609235.1_ASM3260923v1	42120
GCF_032609235.1_ASM3260923v1	35883
GCF_032609235.1_ASM3260923v1	58806
GCF_032610035.1_ASM3261003v1	22275
GCF_032610035.1_ASM3261003v1	24138
GCF_032610035.1_ASM3261003v1	27378
GCF_032610035.1_ASM3261003v1	17253
GCF_032610035.1_ASM3261003v1	42120
GCF_032610035.1_ASM3261003v1	35883
GCF_032610035.1_ASM3261003v1	57753
GCF_032610675.1_ASM3261067v1	22275
GCF_032610675.1_ASM3261067v1	23085
GCF_032610675.1_ASM3261067v1	27378
GCF_032610675.1_ASM3261067v1	16686
GCF_032610675.1_ASM3261067v1	42039
GCF_032610675.1_ASM3261067v1	35802
GCF_032610675.1_ASM3261067v1	58644
GCF_035341875.1_ASM3534187v1	37584
GCF_035341875.1_ASM3534187v1	64800
GCF_035341875.1_ASM3534187v1	27783
GCF_035341875.1_ASM3534187v1	27297
GCF_035341875.1_ASM3534187v1	31833
GCF_035341875.1_ASM3534187v1	30051
GCF_035341875.1_ASM3534187v1	17010
GCF_035341875.1_ASM3534187v1	56457
GCF_038801875.1_ASM3880187v1	26811
GCF_040790685.1_ASM4079068v1	26811
GCF_040790685.1_ASM4079068v1	31671
GCF_040790685.1_ASM4079068v1	31590
GCF_040790685.1_ASM4079068v1	31104
GCF_040790685.1_ASM4079068v1	8991
GCF_040790685.1_ASM4079068v1	23085
GCF_040790685.1_ASM4079068v1	27459
GCF_040790685.1_ASM4079068v1	24948
GCF_040790685.1_ASM4079068v1	26163
GCF_040790685.1_ASM4079068v1	31023
GCF_040790685.1_ASM4079068v1	36612
GCF_040790685.1_ASM4079068v1	49815
GCF_040790705.1_ASM4079070v1	27297
GCF_040790705.1_ASM4079070v1	29889
GCF_040790705.1_ASM4079070v1	30780
GCF_040790705.1_ASM4079070v1	21141
GCF_040790705.1_ASM4079070v1	41796
GCF_040790705.1_ASM4079070v1	26811
GCF_040790705.1_ASM4079070v1	26001
GCF_040790705.1_ASM4079070v1	37422
GCF_040790705.1_ASM4079070v1	58158
GCF_040790715.1_ASM4079071v1	26811
GCF_040790715.1_ASM4079071v1	30699
GCF_040790715.1_ASM4079071v1	30618
GCF_040790715.1_ASM4079071v1	30375
GCF_040790715.1_ASM4079071v1	18063
GCF_040790715.1_ASM4079071v1	27783
GCF_040790715.1_ASM4079071v1	25272
GCF_040790715.1_ASM4079071v1	29160
GCF_040790715.1_ASM4079071v1	30294
GCF_040790715.1_ASM4079071v1	27540
GCF_040790715.1_ASM4079071v1	29646
GCF_040790715.1_ASM4079071v1	23895
GCF_040790715.1_ASM4079071v1	54513
GCF_040790735.1_ASM4079073v1	26811
GCF_040790735.1_ASM4079073v1	15066
GCF_040790735.1_ASM4079073v1	30780
GCF_040790735.1_ASM4079073v1	31266
GCF_040790735.1_ASM4079073v1	30618
GCF_040790735.1_ASM4079073v1	31023
GCF_040790735.1_ASM4079073v1	21546
GCF_040790735.1_ASM4079073v1	31185
GCF_040790735.1_ASM4079073v1	18225
GCF_040790735.1_ASM4079073v1	25272
GCF_040790735.1_ASM4079073v1	29160
GCF_040790735.1_ASM4079073v1	29727
GCF_040790735.1_ASM4079073v1	27459
GCF_040790735.1_ASM4079073v1	30375
GCF_040790735.1_ASM4079073v1	30375
GCF_040790735.1_ASM4079073v1	23976
GCF_040790735.1_ASM4079073v1	54513
GCF_040790745.1_ASM4079074v1	26811
GCF_040790745.1_ASM4079074v1	30456
GCF_040790745.1_ASM4079074v1	28107
GCF_040790745.1_ASM4079074v1	16038
GCF_040790745.1_ASM4079074v1	29970
GCF_040790745.1_ASM4079074v1	17658
GCF_040790745.1_ASM4079074v1	31023
GCF_040790745.1_ASM4079074v1	8829
GCF_040790745.1_ASM4079074v1	20898
GCF_040790745.1_ASM4079074v1	24462
GCF_040790745.1_ASM4079074v1	24138
GCF_040790745.1_ASM4079074v1	30132
GCF_040790745.1_ASM4079074v1	31266
GCF_040790745.1_ASM4079074v1	30132
GCF_040790745.1_ASM4079074v1	31185
GCF_040790745.1_ASM4079074v1	38313
GCF_040790745.1_ASM4079074v1	54513
GCF_040790755.1_ASM4079075v1	26811
GCF_040790755.1_ASM4079075v1	30537
GCF_040790755.1_ASM4079075v1	30537
GCF_040790755.1_ASM4079075v1	30618
GCF_040790755.1_ASM4079075v1	29970
GCF_040790755.1_ASM4079075v1	31023
GCF_040790755.1_ASM4079075v1	8910
GCF_040790755.1_ASM4079075v1	20817
GCF_040790755.1_ASM4079075v1	24462
GCF_040790755.1_ASM4079075v1	30132
GCF_040790755.1_ASM4079075v1	29889
GCF_040790755.1_ASM4079075v1	29241
GCF_040790755.1_ASM4079075v1	39528
GCF_040790755.1_ASM4079075v1	5265
GCF_040790755.1_ASM4079075v1	55404
GCF_040790765.1_ASM4079076v1	26811
GCF_040790765.1_ASM4079076v1	30699
GCF_040790765.1_ASM4079076v1	30456
GCF_040790765.1_ASM4079076v1	31104
GCF_040790765.1_ASM4079076v1	30375
GCF_040790765.1_ASM4079076v1	31185
GCF_040790765.1_ASM4079076v1	30537
GCF_040790765.1_ASM4079076v1	9477
GCF_040790765.1_ASM4079076v1	18387
GCF_040790765.1_ASM4079076v1	25272
GCF_040790765.1_ASM4079076v1	28998
GCF_040790765.1_ASM4079076v1	28107
GCF_040790765.1_ASM4079076v1	29727
GCF_040790765.1_ASM4079076v1	26487
GCF_040790765.1_ASM4079076v1	25839
GCF_040790765.1_ASM4079076v1	30699
GCF_040790765.1_ASM4079076v1	54270
GCF_040790775.1_ASM4079077v1	28998
GCF_040790775.1_ASM4079077v1	30537
GCF_040790775.1_ASM4079077v1	30618
GCF_040790775.1_ASM4079077v1	31185
GCF_040790775.1_ASM4079077v1	31266
GCF_040790775.1_ASM4079077v1	31023
GCF_040790775.1_ASM4079077v1	17091
GCF_040790775.1_ASM4079077v1	19035
GCF_040790775.1_ASM4079077v1	24705
GCF_040790775.1_ASM4079077v1	30294
GCF_040790775.1_ASM4079077v1	28917
GCF_040790775.1_ASM4079077v1	27702
GCF_040790775.1_ASM4079077v1	37341
GCF_040790775.1_ASM4079077v1	39285
GCF_040790775.1_ASM4079077v1	54270
GCF_040790775.1_ASM4079077v1	53784
GCF_040790785.1_ASM4079078v1	26811
GCF_040790785.1_ASM4079078v1	30699
GCF_040790785.1_ASM4079078v1	30456
GCF_040790785.1_ASM4079078v1	30699
GCF_040790785.1_ASM4079078v1	29727
GCF_040790785.1_ASM4079078v1	30780
GCF_040790785.1_ASM4079078v1	30861
GCF_040790785.1_ASM4079078v1	8748
GCF_040790785.1_ASM4079078v1	18306
GCF_040790785.1_ASM4079078v1	25191
GCF_040790785.1_ASM4079078v1	28917
GCF_040790785.1_ASM4079078v1	28674
GCF_040790785.1_ASM4079078v1	29646
GCF_040790785.1_ASM4079078v1	27783
GCF_040790785.1_ASM4079078v1	25839
GCF_040790785.1_ASM4079078v1	54351
GCF_040790785.1_ASM4079078v1	21384
GCF_040790795.1_ASM4079079v1	26811
GCF_040790795.1_ASM4079079v1	11583
GCF_040790795.1_ASM4079079v1	30213
GCF_040790795.1_ASM4079079v1	30618
GCF_040790795.1_ASM4079079v1	21384
GCF_040790795.1_ASM4079079v1	18144
GCF_040790795.1_ASM4079079v1	25272
GCF_040790795.1_ASM4079079v1	25515
GCF_040790795.1_ASM4079079v1	29160
GCF_040790795.1_ASM4079079v1	30132
GCF_040790795.1_ASM4079079v1	28188
GCF_040790795.1_ASM4079079v1	27135
GCF_040790795.1_ASM4079079v1	23976
GCF_040790795.1_ASM4079079v1	30618
GCF_040790795.1_ASM4079079v1	54513
GCF_040790805.1_ASM4079080v1	26811
GCF_040790805.1_ASM4079080v1	12798
GCF_040790805.1_ASM4079080v1	30780
GCF_040790805.1_ASM4079080v1	31023
GCF_040790805.1_ASM4079080v1	12393
GCF_040790805.1_ASM4079080v1	17091
GCF_040790805.1_ASM4079080v1	30375
GCF_040790805.1_ASM4079080v1	30294
GCF_040790805.1_ASM4079080v1	28917
GCF_040790805.1_ASM4079080v1	37341
GCF_040790805.1_ASM4079080v1	54270
GCF_040819585.1_PFhe_I_PB_Ill_cons	26811
GCF_040819585.1_PFhe_I_PB_Ill_cons	47628
GCF_040819585.1_PFhe_I_PB_Ill_cons	31023
GCF_040819585.1_PFhe_I_PB_Ill_cons	31023
GCF_040819585.1_PFhe_I_PB_Ill_cons	31347
GCF_040819585.1_PFhe_I_PB_Ill_cons	17496
GCF_040819585.1_PFhe_I_PB_Ill_cons	24705
GCF_040819585.1_PFhe_I_PB_Ill_cons	30294
GCF_040819585.1_PFhe_I_PB_Ill_cons	30780
GCF_040819585.1_PFhe_I_PB_Ill_cons	29241
GCF_040819585.1_PFhe_I_PB_Ill_cons	15309
GCF_040819585.1_PFhe_I_PB_Ill_cons	28512
GCF_040819585.1_PFhe_I_PB_Ill_cons	37422
GCF_040819585.1_PFhe_I_PB_Ill_cons	54432
GCF_044941625.1_ASM4494162v1	18387
GCF_044941625.1_ASM4494162v1	26811
GCF_044941625.1_ASM4494162v1	53055
GCF_051054285.1_ASM5105428v1	26892
GCF_051054285.1_ASM5105428v1	31104
GCF_051054285.1_ASM5105428v1	36531
GCF_051054285.1_ASM5105428v1	21465
GCF_051054285.1_ASM5105428v1	23490
GCF_051054285.1_ASM5105428v1	36126
GCF_051054285.1_ASM5105428v1	25515
GCF_051054285.1_ASM5105428v1	61479
GCF_051054285.1_ASM5105428v1	54432
GCF_051054305.1_ASM5105430v1	26973
GCF_051054305.1_ASM5105430v1	27864
GCF_051054305.1_ASM5105430v1	13527
GCF_051054305.1_ASM5105430v1	19440
GCF_051054305.1_ASM5105430v1	28269
GCF_051054305.1_ASM5105430v1	17334
GCF_051054305.1_ASM5105430v1	16119
GCF_051054305.1_ASM5105430v1	23328
GCF_051054305.1_ASM5105430v1	14094
GCF_051054305.1_ASM5105430v1	11097
GCF_051054305.1_ASM5105430v1	13446
GCF_051054305.1_ASM5105430v1	12798
GCF_051054305.1_ASM5105430v1	10368
GCF_051054305.1_ASM5105430v1	10287
GCF_051054305.1_ASM5105430v1	47790
GCF_051054345.1_ASM5105434v1	26973
GCF_051054345.1_ASM5105434v1	10854
GCF_051054345.1_ASM5105434v1	24705
GCF_051054345.1_ASM5105434v1	10287
GCF_051054345.1_ASM5105434v1	15957
GCF_051054345.1_ASM5105434v1	15309
GCF_051054345.1_ASM5105434v1	22923
GCF_051054345.1_ASM5105434v1	12798
GCF_051054345.1_ASM5105434v1	12393
GCF_051054345.1_ASM5105434v1	10530
GCF_051054345.1_ASM5105434v1	54189
GCF_051054355.1_ASM5105435v1	26973
GCF_051054355.1_ASM5105435v1	27135
GCF_051054355.1_ASM5105435v1	14418
GCF_051054355.1_ASM5105435v1	18387
GCF_051054355.1_ASM5105435v1	42039
GCF_051054355.1_ASM5105435v1	17982
GCF_051054355.1_ASM5105435v1	11097
GCF_051054355.1_ASM5105435v1	20250
GCF_051054355.1_ASM5105435v1	20736
GCF_051054355.1_ASM5105435v1	28188
GCF_051054355.1_ASM5105435v1	54432
GCF_051054405.1_ASM5105440v1	26973
GCF_051054405.1_ASM5105440v1	12231
GCF_051054405.1_ASM5105440v1	11826
GCF_051054405.1_ASM5105440v1	17334
GCF_051054405.1_ASM5105440v1	20655
GCF_051054405.1_ASM5105440v1	10935
GCF_051054405.1_ASM5105440v1	20331
GCF_051054405.1_ASM5105440v1	18873
GCF_051054405.1_ASM5105440v1	12474
GCF_051054405.1_ASM5105440v1	54513
GCF_051054475.1_ASM5105447v1	26892
GCF_051054475.1_ASM5105447v1	14661
GCF_051054475.1_ASM5105447v1	17172
GCF_051054475.1_ASM5105447v1	10206
GCF_051054475.1_ASM5105447v1	21384
GCF_051054475.1_ASM5105447v1	19278
GCF_051054475.1_ASM5105447v1	20169
GCF_051054475.1_ASM5105447v1	47871
GCF_051054475.1_ASM5105447v1	11907
GCF_051054475.1_ASM5105447v1	20250
GCF_051054485.1_ASM5105448v1	26892
GCF_051054485.1_ASM5105448v1	28026
GCF_051054485.1_ASM5105448v1	12474
GCF_051054485.1_ASM5105448v1	17901
GCF_051054485.1_ASM5105448v1	16281
GCF_051054485.1_ASM5105448v1	16038
GCF_051054485.1_ASM5105448v1	29808
GCF_051054485.1_ASM5105448v1	16848
GCF_051054485.1_ASM5105448v1	12798
GCF_051054485.1_ASM5105448v1	10449
GCF_051054485.1_ASM5105448v1	47790
GCF_051054855.1_ASM5105485v1	26892
GCF_051054855.1_ASM5105485v1	28107
GCF_051054855.1_ASM5105485v1	14094
GCF_051054855.1_ASM5105485v1	21951
GCF_051054855.1_ASM5105485v1	20331
GCF_051054855.1_ASM5105485v1	10206
GCF_051054855.1_ASM5105485v1	31104
GCF_051054855.1_ASM5105485v1	28107
GCF_051054855.1_ASM5105485v1	54756
GCF_051147265.1_ASM5114726v1	7290
GCF_051147265.1_ASM5114726v1	11664
GCF_051147265.1_ASM5114726v1	26892
GCF_051147265.1_ASM5114726v1	36693
GCF_051147265.1_ASM5114726v1	10287
GCF_051147265.1_ASM5114726v1	7209
GCF_051147265.1_ASM5114726v1	6156
GCF_051147265.1_ASM5114726v1	23490
GCF_051147265.1_ASM5114726v1	16848
GCF_051147265.1_ASM5114726v1	28188
GCF_051147265.1_ASM5114726v1	54675
GCF_051147265.1_ASM5114726v1	59373
all_plasmid_contigs.fasta	5265
all_plasmid_contigs.fasta	9477
all_plasmid_contigs.fasta	17010
all_plasmid_contigs.fasta	18954
all_plasmid_contigs.fasta	24462
all_plasmid_contigs.fasta	26811
all_plasmid_contigs.fasta	28431
all_plasmid_contigs.fasta	30132
all_plasmid_contigs.fasta	28917
all_plasmid_contigs.fasta	27621
all_plasmid_contigs.fasta	31104
all_plasmid_contigs.fasta	30537
all_plasmid_contigs.fasta	30618
all_plasmid_contigs.fasta	30132
all_plasmid_contigs.fasta	31185
all_plasmid_contigs.fasta	31266
all_plasmid_contigs.fasta	31023
all_plasmid_contigs.fasta	37260
all_plasmid_contigs.fasta	39285
all_plasmid_contigs.fasta	54270
all_plasmid_contigs.fasta	53622
all_plasmid_contigs.fasta	26811
all_plasmid_contigs.fasta	30699
all_plasmid_contigs.fasta	30132
all_plasmid_contigs.fasta	48762
all_plasmid_contigs.fasta	31347
all_plasmid_contigs.fasta	30780
all_plasmid_contigs.fasta	17415
all_plasmid_contigs.fasta	24624
all_plasmid_contigs.fasta	23652
all_plasmid_contigs.fasta	30051
all_plasmid_contigs.fasta	28755
all_plasmid_contigs.fasta	29241
all_plasmid_contigs.fasta	37260
all_plasmid_contigs.fasta	54270
all_plasmid_contigs.fasta	25029
all_plasmid_contigs.fasta	26811
all_plasmid_contigs.fasta	28836
all_plasmid_contigs.fasta	30375
all_plasmid_contigs.fasta	8667
all_plasmid_contigs.fasta	15552
all_plasmid_contigs.fasta	6885
all_plasmid_contigs.fasta	32724
all_plasmid_contigs.fasta	34668
all_plasmid_contigs.fasta	60669
all_plasmid_contigs.fasta	60507
all_plasmid_contigs.fasta	26811
all_plasmid_contigs.fasta	30456
all_plasmid_contigs.fasta	28107
all_plasmid_contigs.fasta	16038
all_plasmid_contigs.fasta	29970
all_plasmid_contigs.fasta	17658
all_plasmid_contigs.fasta	31023
all_plasmid_contigs.fasta	8829
all_plasmid_contigs.fasta	20898
all_plasmid_contigs.fasta	23652
all_plasmid_contigs.fasta	29889
all_plasmid_contigs.fasta	29727
all_plasmid_contigs.fasta	26973
all_plasmid_contigs.fasta	29484
all_plasmid_contigs.fasta	38313
all_plasmid_contigs.fasta	54432
all_plasmid_contigs.fasta	26811
all_plasmid_contigs.fasta	61479
all_plasmid_contigs.fasta	30618
all_plasmid_contigs.fasta	30213
all_plasmid_contigs.fasta	30375
all_plasmid_contigs.fasta	30051
all_plasmid_contigs.fasta	31185
all_plasmid_contigs.fasta	31428
all_plasmid_contigs.fasta	31023
all_plasmid_contigs.fasta	17739
all_plasmid_contigs.fasta	23085
all_plasmid_contigs.fasta	24624
all_plasmid_contigs.fasta	29079
all_plasmid_contigs.fasta	30456
all_plasmid_contigs.fasta	24867
all_plasmid_contigs.fasta	27297
all_plasmid_contigs.fasta	30294
all_plasmid_contigs.fasta	23085
all_plasmid_contigs.fasta	27864
all_plasmid_contigs.fasta	53541
all_plasmid_contigs.fasta	15552
all_plasmid_contigs.fasta	26811
all_plasmid_contigs.fasta	15066
all_plasmid_contigs.fasta	30780
all_plasmid_contigs.fasta	31023
all_plasmid_contigs.fasta	30618
all_plasmid_contigs.fasta	30618
all_plasmid_contigs.fasta	30618
all_plasmid_contigs.fasta	21546
all_plasmid_contigs.fasta	31266
all_plasmid_contigs.fasta	18063
all_plasmid_contigs.fasta	25191
all_plasmid_contigs.fasta	24381
all_plasmid_contigs.fasta	29079
all_plasmid_contigs.fasta	29808
all_plasmid_contigs.fasta	27621
all_plasmid_contigs.fasta	26973
all_plasmid_contigs.fasta	23895
all_plasmid_contigs.fasta	30618
all_plasmid_contigs.fasta	54513
all_plasmid_contigs.fasta	27378
all_plasmid_contigs.fasta	56214
all_plasmid_contigs.fasta	24948
all_plasmid_contigs.fasta	26811
all_plasmid_contigs.fasta	26892
all_plasmid_contigs.fasta	23166
all_plasmid_contigs.fasta	22680
all_plasmid_contigs.fasta	27540
all_plasmid_contigs.fasta	20898
all_plasmid_contigs.fasta	30375
all_plasmid_contigs.fasta	31023
all_plasmid_contigs.fasta	30375
all_plasmid_contigs.fasta	31428
all_plasmid_contigs.fasta	31266
all_plasmid_contigs.fasta	25515
all_plasmid_contigs.fasta	29727
all_plasmid_contigs.fasta	30537
all_plasmid_contigs.fasta	34263
all_plasmid_contigs.fasta	58563
all_plasmid_contigs.fasta	27378
all_plasmid_contigs.fasta	61884
all_plasmid_contigs.fasta	40581
all_plasmid_contigs.fasta	29889
all_plasmid_contigs.fasta	41148
all_plasmid_contigs.fasta	37260
all_plasmid_contigs.fasta	44793
all_plasmid_contigs.fasta	67878
all_plasmid_contigs.fasta	26892
all_plasmid_contigs.fasta	55890
all_plasmid_contigs.fasta	25515
all_plasmid_contigs.fasta	26892
all_plasmid_contigs.fasta	28593
all_plasmid_contigs.fasta	29079
all_plasmid_contigs.fasta	24543
all_plasmid_contigs.fasta	25434
all_plasmid_contigs.fasta	28917
all_plasmid_contigs.fasta	31104
all_plasmid_contigs.fasta	30780
all_plasmid_contigs.fasta	30699
all_plasmid_contigs.fasta	31590
all_plasmid_contigs.fasta	36531
all_plasmid_contigs.fasta	57834
all_plasmid_contigs.fasta	29322
all_plasmid_contigs.fasta	25839
all_plasmid_contigs.fasta	24786
all_plasmid_contigs.fasta	23166
all_plasmid_contigs.fasta	12231
all_plasmid_contigs.fasta	8991
all_plasmid_contigs.fasta	7533
all_plasmid_contigs.fasta	5670
all_plasmid_contigs.fasta	5670
all_plasmid_contigs.fasta	5103
all_plasmid_contigs.fasta	26811
all_plasmid_contigs.fasta	27378
all_plasmid_contigs.fasta	10773
all_plasmid_contigs.fasta	9882
all_plasmid_contigs.fasta	9639
all_plasmid_contigs.fasta	86184
all_plasmid_contigs.fasta	37503
all_plasmid_contigs.fasta	27945
all_plasmid_contigs.fasta	27378
all_plasmid_contigs.fasta	21141
all_plasmid_contigs.fasta	20979
all_plasmid_contigs.fasta	27297
all_plasmid_contigs.fasta	27378
all_plasmid_contigs.fasta	58239
all_plasmid_contigs.fasta	28512
all_plasmid_contigs.fasta	29241
all_plasmid_contigs.fasta	61641
all_plasmid_contigs.fasta	28431
all_plasmid_contigs.fasta	59130
all_plasmid_contigs.fasta	26811
all_plasmid_contigs.fasta	89586
all_plasmid_contigs.fasta	30618
all_plasmid_contigs.fasta	36531
all_plasmid_contigs.fasta	17496
all_plasmid_contigs.fasta	26082
all_plasmid_contigs.fasta	17010
all_plasmid_contigs.fasta	26811
all_plasmid_contigs.fasta	31104
all_plasmid_contigs.fasta	30780
all_plasmid_contigs.fasta	30618
all_plasmid_contigs.fasta	31023
all_plasmid_contigs.fasta	30942
all_plasmid_contigs.fasta	37098
all_plasmid_contigs.fasta	39285
all_plasmid_contigs.fasta	54270
all_plasmid_contigs.fasta	53622
all_plasmid_contigs.fasta	17010
all_plasmid_contigs.fasta	26811
all_plasmid_contigs.fasta	28431
all_plasmid_contigs.fasta	31590
all_plasmid_contigs.fasta	26082
all_plasmid_contigs.fasta	57267
all_plasmid_contigs.fasta	62937
all_plasmid_contigs.fasta	37260
all_plasmid_contigs.fasta	54270
all_plasmid_contigs.fasta	53622
all_plasmid_contigs.fasta	17010
all_plasmid_contigs.fasta	26811
all_plasmid_contigs.fasta	22113
all_plasmid_contigs.fasta	62127
all_plasmid_contigs.fasta	31590
all_plasmid_contigs.fasta	30537
all_plasmid_contigs.fasta	30618
all_plasmid_contigs.fasta	31023
all_plasmid_contigs.fasta	37179
all_plasmid_contigs.fasta	39285
all_plasmid_contigs.fasta	54270
all_plasmid_contigs.fasta	53541
all_plasmid_contigs.fasta	26811
all_plasmid_contigs.fasta	30213
all_plasmid_contigs.fasta	30537
all_plasmid_contigs.fasta	30537
all_plasmid_contigs.fasta	30942
all_plasmid_contigs.fasta	18549
all_plasmid_contigs.fasta	30375
all_plasmid_contigs.fasta	30375
all_plasmid_contigs.fasta	8748
all_plasmid_contigs.fasta	15714
all_plasmid_contigs.fasta	25029
all_plasmid_contigs.fasta	27945
all_plasmid_contigs.fasta	23328
all_plasmid_contigs.fasta	29646
all_plasmid_contigs.fasta	30537
all_plasmid_contigs.fasta	39366
all_plasmid_contigs.fasta	54351
all_plasmid_contigs.fasta	28026
all_plasmid_contigs.fasta	22032
all_plasmid_contigs.fasta	18630
all_plasmid_contigs.fasta	16443
all_plasmid_contigs.fasta	9558
all_plasmid_contigs.fasta	9234
all_plasmid_contigs.fasta	8910
all_plasmid_contigs.fasta	8100
all_plasmid_contigs.fasta	7452
all_plasmid_contigs.fasta	6885
all_plasmid_contigs.fasta	6642
all_plasmid_contigs.fasta	54432
all_plasmid_contigs.fasta	5994
all_plasmid_contigs.fasta	5427
all_plasmid_contigs.fasta	5265
all_plasmid_contigs.fasta	33129
all_plasmid_contigs.fasta	31104
all_plasmid_contigs.fasta	29889
all_plasmid_contigs.fasta	28188
all_plasmid_contigs.fasta	25434
all_plasmid_contigs.fasta	23652
all_plasmid_contigs.fasta	22518
all_plasmid_contigs.fasta	18063
all_plasmid_contigs.fasta	11583
all_plasmid_contigs.fasta	8667
all_plasmid_contigs.fasta	8019
all_plasmid_contigs.fasta	7533
all_plasmid_contigs.fasta	6399
all_plasmid_contigs.fasta	5913
all_plasmid_contigs.fasta	5670
all_plasmid_contigs.fasta	5346
all_plasmid_contigs.fasta	5184
all_plasmid_contigs.fasta	54513
all_plasmid_contigs.fasta	5184
all_plasmid_contigs.fasta	5103
all_plasmid_contigs.fasta	30537
all_plasmid_contigs.fasta	29322
all_plasmid_contigs.fasta	26973
all_plasmid_contigs.fasta	25515
all_plasmid_contigs.fasta	24867
all_plasmid_contigs.fasta	23814
all_plasmid_contigs.fasta	21546
all_plasmid_contigs.fasta	17820
all_plasmid_contigs.fasta	11826
all_plasmid_contigs.fasta	10368
all_plasmid_contigs.fasta	9639
all_plasmid_contigs.fasta	9072
all_plasmid_contigs.fasta	8991
all_plasmid_contigs.fasta	8505
all_plasmid_contigs.fasta	6885
all_plasmid_contigs.fasta	6642
all_plasmid_contigs.fasta	5994
all_plasmid_contigs.fasta	54756
all_plasmid_contigs.fasta	5670
all_plasmid_contigs.fasta	5346
all_plasmid_contigs.fasta	5346
all_plasmid_contigs.fasta	5103
all_plasmid_contigs.fasta	31347
all_plasmid_contigs.fasta	29808
all_plasmid_contigs.fasta	26892
all_plasmid_contigs.fasta	24543
all_plasmid_contigs.fasta	23895
all_plasmid_contigs.fasta	22113
all_plasmid_contigs.fasta	21465
all_plasmid_contigs.fasta	13284
all_plasmid_contigs.fasta	9639
all_plasmid_contigs.fasta	9558
all_plasmid_contigs.fasta	8424
all_plasmid_contigs.fasta	7371
all_plasmid_contigs.fasta	7209
all_plasmid_contigs.fasta	7128
all_plasmid_contigs.fasta	5751
all_plasmid_contigs.fasta	5427
all_plasmid_contigs.fasta	5184
all_plasmid_contigs.fasta	60102
all_plasmid_contigs.fasta	5184
all_plasmid_contigs.fasta	54756
all_plasmid_contigs.fasta	28107
all_plasmid_contigs.fasta	28026
all_plasmid_contigs.fasta	26892
all_plasmid_contigs.fasta	25191
all_plasmid_contigs.fasta	22437
all_plasmid_contigs.fasta	19197
all_plasmid_contigs.fasta	18954
all_plasmid_contigs.fasta	17010
all_plasmid_contigs.fasta	10773
all_plasmid_contigs.fasta	8505
all_plasmid_contigs.fasta	5994
all_plasmid_contigs.fasta	5103
all_plasmid_contigs.fasta	5022
all_plasmid_contigs.fasta	54432
all_plasmid_contigs.fasta	32238
all_plasmid_contigs.fasta	29241
all_plasmid_contigs.fasta	28674
all_plasmid_contigs.fasta	28188
all_plasmid_contigs.fasta	26973
all_plasmid_contigs.fasta	26001
all_plasmid_contigs.fasta	22761
all_plasmid_contigs.fasta	18954
all_plasmid_contigs.fasta	17496
all_plasmid_contigs.fasta	9639
all_plasmid_contigs.fasta	9315
all_plasmid_contigs.fasta	7695
all_plasmid_contigs.fasta	7128
all_plasmid_contigs.fasta	6156
all_plasmid_contigs.fasta	5427
all_plasmid_contigs.fasta	5346
all_plasmid_contigs.fasta	5022
all_plasmid_contigs.fasta	53784
all_plasmid_contigs.fasta	34911
all_plasmid_contigs.fasta	29241
all_plasmid_contigs.fasta	28836
all_plasmid_contigs.fasta	27135
all_plasmid_contigs.fasta	26973
all_plasmid_contigs.fasta	24462
all_plasmid_contigs.fasta	21546
all_plasmid_contigs.fasta	18630
all_plasmid_contigs.fasta	14499
all_plasmid_contigs.fasta	8910
all_plasmid_contigs.fasta	6804
all_plasmid_contigs.fasta	5589
all_plasmid_contigs.fasta	5184
all_plasmid_contigs.fasta	54189
all_plasmid_contigs.fasta	28107
all_plasmid_contigs.fasta	27945
all_plasmid_contigs.fasta	27702
all_plasmid_contigs.fasta	27378
all_plasmid_contigs.fasta	26973
all_plasmid_contigs.fasta	25110
all_plasmid_contigs.fasta	19035
all_plasmid_contigs.fasta	18954
all_plasmid_contigs.fasta	17253
all_plasmid_contigs.fasta	8505
all_plasmid_contigs.fasta	6156
all_plasmid_contigs.fasta	5346
all_plasmid_contigs.fasta	5184
all_plasmid_contigs.fasta	54918
all_plasmid_contigs.fasta	32157
all_plasmid_contigs.fasta	30213
all_plasmid_contigs.fasta	29079
all_plasmid_contigs.fasta	28188
all_plasmid_contigs.fasta	26973
all_plasmid_contigs.fasta	25515
all_plasmid_contigs.fasta	22842
all_plasmid_contigs.fasta	11826
all_plasmid_contigs.fasta	11178
all_plasmid_contigs.fasta	10125
all_plasmid_contigs.fasta	9639
all_plasmid_contigs.fasta	9558
all_plasmid_contigs.fasta	8586
all_plasmid_contigs.fasta	8505
all_plasmid_contigs.fasta	7776
all_plasmid_contigs.fasta	7209
all_plasmid_contigs.fasta	6399
all_plasmid_contigs.fasta	54513
all_plasmid_contigs.fasta	5994
all_plasmid_contigs.fasta	5589
all_plasmid_contigs.fasta	5508
all_plasmid_contigs.fasta	5265
all_plasmid_contigs.fasta	5265
all_plasmid_contigs.fasta	5103
all_plasmid_contigs.fasta	54513
all_plasmid_contigs.fasta	29241
all_plasmid_contigs.fasta	28188
all_plasmid_contigs.fasta	26973
all_plasmid_contigs.fasta	20250
all_plasmid_contigs.fasta	17820
all_plasmid_contigs.fasta	17010
all_plasmid_contigs.fasta	8910
all_plasmid_contigs.fasta	7371
all_plasmid_contigs.fasta	6642
all_plasmid_contigs.fasta	6561
all_plasmid_contigs.fasta	5427
all_plasmid_contigs.fasta	54432
all_plasmid_contigs.fasta	29079
all_plasmid_contigs.fasta	28107
all_plasmid_contigs.fasta	26973
all_plasmid_contigs.fasta	26811
all_plasmid_contigs.fasta	25110
all_plasmid_contigs.fasta	20817
all_plasmid_contigs.fasta	17820
all_plasmid_contigs.fasta	21303
all_plasmid_contigs.fasta	20493
all_plasmid_contigs.fasta	17901
all_plasmid_contigs.fasta	8910
all_plasmid_contigs.fasta	8262
all_plasmid_contigs.fasta	8181
all_plasmid_contigs.fasta	8100
all_plasmid_contigs.fasta	7452
all_plasmid_contigs.fasta	7452
all_plasmid_contigs.fasta	5346
all_plasmid_contigs.fasta	54513
all_plasmid_contigs.fasta	5346
all_plasmid_contigs.fasta	31023
all_plasmid_contigs.fasta	29970
all_plasmid_contigs.fasta	29160
all_plasmid_contigs.fasta	28188
all_plasmid_contigs.fasta	26892
all_plasmid_contigs.fasta	23652
all_plasmid_contigs.fasta	22275
all_plasmid_contigs.fasta	9315
all_plasmid_contigs.fasta	8910
all_plasmid_contigs.fasta	8262
all_plasmid_contigs.fasta	7857
all_plasmid_contigs.fasta	7776
all_plasmid_contigs.fasta	5832
all_plasmid_contigs.fasta	5346
all_plasmid_contigs.fasta	5103
all_plasmid_contigs.fasta	5103
all_plasmid_contigs.fasta	54432
all_plasmid_contigs.fasta	5022
all_plasmid_contigs.fasta	30051
all_plasmid_contigs.fasta	29403
all_plasmid_contigs.fasta	28998
all_plasmid_contigs.fasta	26973
all_plasmid_contigs.fasta	24624
all_plasmid_contigs.fasta	21465
all_plasmid_contigs.fasta	17577
all_plasmid_contigs.fasta	18954
all_plasmid_contigs.fasta	17172
all_plasmid_contigs.fasta	9477
all_plasmid_contigs.fasta	8910
all_plasmid_contigs.fasta	8505
all_plasmid_contigs.fasta	8100
all_plasmid_contigs.fasta	5346
all_plasmid_contigs.fasta	5184
all_plasmid_contigs.fasta	5103
all_plasmid_contigs.fasta	5022
all_plasmid_contigs.fasta	54351
all_plasmid_contigs.fasta	29970
all_plasmid_contigs.fasta	29484
all_plasmid_contigs.fasta	28755
all_plasmid_contigs.fasta	28188
all_plasmid_contigs.fasta	26973
all_plasmid_contigs.fasta	25839
all_plasmid_contigs.fasta	23085
all_plasmid_contigs.fasta	12636
all_plasmid_contigs.fasta	8991
all_plasmid_contigs.fasta	8505
all_plasmid_contigs.fasta	8262
all_plasmid_contigs.fasta	7938
all_plasmid_contigs.fasta	7128
all_plasmid_contigs.fasta	6318
all_plasmid_contigs.fasta	5589
all_plasmid_contigs.fasta	5346
all_plasmid_contigs.fasta	5265
all_plasmid_contigs.fasta	55647
all_plasmid_contigs.fasta	5103
all_plasmid_contigs.fasta	35316
all_plasmid_contigs.fasta	29484
all_plasmid_contigs.fasta	25434
all_plasmid_contigs.fasta	24219
all_plasmid_contigs.fasta	22923
all_plasmid_contigs.fasta	21303
all_plasmid_contigs.fasta	17982
all_plasmid_contigs.fasta	8262
all_plasmid_contigs.fasta	8181
all_plasmid_contigs.fasta	8019
all_plasmid_contigs.fasta	7128
all_plasmid_contigs.fasta	6966
all_plasmid_contigs.fasta	6156
all_plasmid_contigs.fasta	5994
all_plasmid_contigs.fasta	5427
all_plasmid_contigs.fasta	5427
all_plasmid_contigs.fasta	5427
all_plasmid_contigs.fasta	55485
all_plasmid_contigs.fasta	5265
all_plasmid_contigs.fasta	29322
all_plasmid_contigs.fasta	25434
all_plasmid_contigs.fasta	24462
all_plasmid_contigs.fasta	23004
all_plasmid_contigs.fasta	21303
all_plasmid_contigs.fasta	17901
all_plasmid_contigs.fasta	8910
all_plasmid_contigs.fasta	12150
all_plasmid_contigs.fasta	11583
all_plasmid_contigs.fasta	8991
all_plasmid_contigs.fasta	8505
all_plasmid_contigs.fasta	8262
all_plasmid_contigs.fasta	7290
all_plasmid_contigs.fasta	7128
all_plasmid_contigs.fasta	5994
all_plasmid_contigs.fasta	5589
all_plasmid_contigs.fasta	5346
all_plasmid_contigs.fasta	55404
all_plasmid_contigs.fasta	5265
all_plasmid_contigs.fasta	5184
all_plasmid_contigs.fasta	30132
all_plasmid_contigs.fasta	29241
all_plasmid_contigs.fasta	25434
all_plasmid_contigs.fasta	24381
all_plasmid_contigs.fasta	22923
all_plasmid_contigs.fasta	21303
all_plasmid_contigs.fasta	17982
all_plasmid_contigs.fasta	21465
all_plasmid_contigs.fasta	16443
all_plasmid_contigs.fasta	13932
all_plasmid_contigs.fasta	13608
all_plasmid_contigs.fasta	10611
all_plasmid_contigs.fasta	8424
all_plasmid_contigs.fasta	7128
all_plasmid_contigs.fasta	6237
all_plasmid_contigs.fasta	54432
all_plasmid_contigs.fasta	41634
all_plasmid_contigs.fasta	37746
all_plasmid_contigs.fasta	30213
all_plasmid_contigs.fasta	27945
all_plasmid_contigs.fasta	27378
all_plasmid_contigs.fasta	26892
all_plasmid_contigs.fasta	22356
all_plasmid_contigs.fasta	20169
all_plasmid_contigs.fasta	13122
all_plasmid_contigs.fasta	10773
all_plasmid_contigs.fasta	8910
all_plasmid_contigs.fasta	8100
all_plasmid_contigs.fasta	7857
all_plasmid_contigs.fasta	6885
all_plasmid_contigs.fasta	6804
all_plasmid_contigs.fasta	5913
all_plasmid_contigs.fasta	5670
all_plasmid_contigs.fasta	54594
all_plasmid_contigs.fasta	5346
all_plasmid_contigs.fasta	5184
all_plasmid_contigs.fasta	30537
all_plasmid_contigs.fasta	29403
all_plasmid_contigs.fasta	27783
all_plasmid_contigs.fasta	27621
all_plasmid_contigs.fasta	26892
all_plasmid_contigs.fasta	24705
all_plasmid_contigs.fasta	22599
all_plasmid_contigs.fasta	10773
all_plasmid_contigs.fasta	10449
all_plasmid_contigs.fasta	8910
all_plasmid_contigs.fasta	8667
all_plasmid_contigs.fasta	8019
all_plasmid_contigs.fasta	7776
all_plasmid_contigs.fasta	7533
all_plasmid_contigs.fasta	7209
all_plasmid_contigs.fasta	7047
all_plasmid_contigs.fasta	6723
all_plasmid_contigs.fasta	56457
all_plasmid_contigs.fasta	6399
all_plasmid_contigs.fasta	6156
all_plasmid_contigs.fasta	5427
all_plasmid_contigs.fasta	54351
all_plasmid_contigs.fasta	26892
all_plasmid_contigs.fasta	24705
all_plasmid_contigs.fasta	23247
all_plasmid_contigs.fasta	22518
all_plasmid_contigs.fasta	12960
all_plasmid_contigs.fasta	20655
all_plasmid_contigs.fasta	8910
all_plasmid_contigs.fasta	7857
all_plasmid_contigs.fasta	7290
all_plasmid_contigs.fasta	6966
all_plasmid_contigs.fasta	6156
all_plasmid_contigs.fasta	5589
all_plasmid_contigs.fasta	5427
all_plasmid_contigs.fasta	5346
all_plasmid_contigs.fasta	5265
all_plasmid_contigs.fasta	54513
all_plasmid_contigs.fasta	5022
all_plasmid_contigs.fasta	31752
all_plasmid_contigs.fasta	30051
all_plasmid_contigs.fasta	29889
all_plasmid_contigs.fasta	29241
all_plasmid_contigs.fasta	26892
all_plasmid_contigs.fasta	23814
all_plasmid_contigs.fasta	22275
all_plasmid_contigs.fasta	9720
all_plasmid_contigs.fasta	8586
all_plasmid_contigs.fasta	8262
all_plasmid_contigs.fasta	8262
all_plasmid_contigs.fasta	7290
all_plasmid_contigs.fasta	6399
all_plasmid_contigs.fasta	6318
all_plasmid_contigs.fasta	5832
all_plasmid_contigs.fasta	5670
all_plasmid_contigs.fasta	5670
all_plasmid_contigs.fasta	54675
all_plasmid_contigs.fasta	42039
all_plasmid_contigs.fasta	29565
all_plasmid_contigs.fasta	26973
all_plasmid_contigs.fasta	24867
all_plasmid_contigs.fasta	21627
all_plasmid_contigs.fasta	10287
all_plasmid_contigs.fasta	21465
all_plasmid_contigs.fasta	17901
all_plasmid_contigs.fasta	7776
all_plasmid_contigs.fasta	7776
all_plasmid_contigs.fasta	7614
all_plasmid_contigs.fasta	7533
all_plasmid_contigs.fasta	7452
all_plasmid_contigs.fasta	6318
all_plasmid_contigs.fasta	5346
all_plasmid_contigs.fasta	5346
all_plasmid_contigs.fasta	54513
all_plasmid_contigs.fasta	5265
all_plasmid_contigs.fasta	31509
all_plasmid_contigs.fasta	29970
all_plasmid_contigs.fasta	29241
all_plasmid_contigs.fasta	26892
all_plasmid_contigs.fasta	24138
all_plasmid_contigs.fasta	23895
all_plasmid_contigs.fasta	22113
all_plasmid_contigs.fasta	25677
all_plasmid_contigs.fasta	8910
all_plasmid_contigs.fasta	8019
all_plasmid_contigs.fasta	7533
all_plasmid_contigs.fasta	6885
all_plasmid_contigs.fasta	6318
all_plasmid_contigs.fasta	5994
all_plasmid_contigs.fasta	5589
all_plasmid_contigs.fasta	55485
all_plasmid_contigs.fasta	55161
all_plasmid_contigs.fasta	47547
all_plasmid_contigs.fasta	29403
all_plasmid_contigs.fasta	28431
all_plasmid_contigs.fasta	28188
all_plasmid_contigs.fasta	27783
all_plasmid_contigs.fasta	26892
all_plasmid_contigs.fasta	12150
all_plasmid_contigs.fasta	11421
all_plasmid_contigs.fasta	9720
all_plasmid_contigs.fasta	9639
all_plasmid_contigs.fasta	8100
all_plasmid_contigs.fasta	7776
all_plasmid_contigs.fasta	7533
all_plasmid_contigs.fasta	7452
all_plasmid_contigs.fasta	6804
all_plasmid_contigs.fasta	6399
all_plasmid_contigs.fasta	54756
all_plasmid_contigs.fasta	5346
all_plasmid_contigs.fasta	48762
all_plasmid_contigs.fasta	29160
all_plasmid_contigs.fasta	26973
all_plasmid_contigs.fasta	24867
all_plasmid_contigs.fasta	24138
all_plasmid_contigs.fasta	20817
all_plasmid_contigs.fasta	12150
all_plasmid_contigs.fasta	24867
all_plasmid_contigs.fasta	22032
all_plasmid_contigs.fasta	18549
all_plasmid_contigs.fasta	14742
all_plasmid_contigs.fasta	12069
all_plasmid_contigs.fasta	11502
all_plasmid_contigs.fasta	8505
all_plasmid_contigs.fasta	7209
all_plasmid_contigs.fasta	55566
all_plasmid_contigs.fasta	29484
all_plasmid_contigs.fasta	28593
all_plasmid_contigs.fasta	28593
all_plasmid_contigs.fasta	28188
all_plasmid_contigs.fasta	27864
all_plasmid_contigs.fasta	26892
all_plasmid_contigs.fasta	25434
all_plasmid_contigs.fasta	10206
all_plasmid_contigs.fasta	9720
all_plasmid_contigs.fasta	8667
all_plasmid_contigs.fasta	7857
all_plasmid_contigs.fasta	7776
all_plasmid_contigs.fasta	7452
all_plasmid_contigs.fasta	6561
all_plasmid_contigs.fasta	5913
all_plasmid_contigs.fasta	5832
all_plasmid_contigs.fasta	54594
all_plasmid_contigs.fasta	5589
all_plasmid_contigs.fasta	5427
all_plasmid_contigs.fasta	5346
all_plasmid_contigs.fasta	5184
all_plasmid_contigs.fasta	5184
all_plasmid_contigs.fasta	5103
all_plasmid_contigs.fasta	5022
all_plasmid_contigs.fasta	30861
all_plasmid_contigs.fasta	29241
all_plasmid_contigs.fasta	26973
all_plasmid_contigs.fasta	24705
all_plasmid_contigs.fasta	23976
all_plasmid_contigs.fasta	21546
all_plasmid_contigs.fasta	18225
all_plasmid_contigs.fasta	19116
all_plasmid_contigs.fasta	18225
all_plasmid_contigs.fasta	8910
all_plasmid_contigs.fasta	7857
all_plasmid_contigs.fasta	7452
all_plasmid_contigs.fasta	7452
all_plasmid_contigs.fasta	5184
all_plasmid_contigs.fasta	54432
all_plasmid_contigs.fasta	30942
all_plasmid_contigs.fasta	29322
all_plasmid_contigs.fasta	27540
all_plasmid_contigs.fasta	26973
all_plasmid_contigs.fasta	26811
all_plasmid_contigs.fasta	25353
all_plasmid_contigs.fasta	24948
all_plasmid_contigs.fasta	20736
all_plasmid_contigs.fasta	8910
all_plasmid_contigs.fasta	8100
all_plasmid_contigs.fasta	7857
all_plasmid_contigs.fasta	6966
all_plasmid_contigs.fasta	6399
all_plasmid_contigs.fasta	6156
all_plasmid_contigs.fasta	5589
all_plasmid_contigs.fasta	5508
all_plasmid_contigs.fasta	5346
all_plasmid_contigs.fasta	54513
all_plasmid_contigs.fasta	31509
all_plasmid_contigs.fasta	31428
all_plasmid_contigs.fasta	29808
all_plasmid_contigs.fasta	29403
all_plasmid_contigs.fasta	26892
all_plasmid_contigs.fasta	23814
all_plasmid_contigs.fasta	22275
all_plasmid_contigs.fasta	16362
all_plasmid_contigs.fasta	9558
all_plasmid_contigs.fasta	9396
all_plasmid_contigs.fasta	6642
all_plasmid_contigs.fasta	6642
all_plasmid_contigs.fasta	6480
all_plasmid_contigs.fasta	5508
all_plasmid_contigs.fasta	5103
all_plasmid_contigs.fasta	55566
all_plasmid_contigs.fasta	33210
all_plasmid_contigs.fasta	32076
all_plasmid_contigs.fasta	26163
all_plasmid_contigs.fasta	25434
all_plasmid_contigs.fasta	24705
all_plasmid_contigs.fasta	22842
all_plasmid_contigs.fasta	19521
all_plasmid_contigs.fasta	17982
all_plasmid_contigs.fasta	10449
all_plasmid_contigs.fasta	10368
all_plasmid_contigs.fasta	10206
all_plasmid_contigs.fasta	8910
all_plasmid_contigs.fasta	7695
all_plasmid_contigs.fasta	7047
all_plasmid_contigs.fasta	7047
all_plasmid_contigs.fasta	6642
all_plasmid_contigs.fasta	6399
all_plasmid_contigs.fasta	54594
all_plasmid_contigs.fasta	6318
all_plasmid_contigs.fasta	5994
all_plasmid_contigs.fasta	5508
all_plasmid_contigs.fasta	5427
all_plasmid_contigs.fasta	31347
all_plasmid_contigs.fasta	29079
all_plasmid_contigs.fasta	28188
all_plasmid_contigs.fasta	26892
all_plasmid_contigs.fasta	23733
all_plasmid_contigs.fasta	22680
all_plasmid_contigs.fasta	21303
all_plasmid_contigs.fasta	21303
all_plasmid_contigs.fasta	18954
all_plasmid_contigs.fasta	17901
all_plasmid_contigs.fasta	8910
all_plasmid_contigs.fasta	8181
all_plasmid_contigs.fasta	7857
all_plasmid_contigs.fasta	7857
all_plasmid_contigs.fasta	7452
all_plasmid_contigs.fasta	6561
all_plasmid_contigs.fasta	6075
all_plasmid_contigs.fasta	54432
all_plasmid_contigs.fasta	5346
all_plasmid_contigs.fasta	5103
all_plasmid_contigs.fasta	31347
all_plasmid_contigs.fasta	31185
all_plasmid_contigs.fasta	29484
all_plasmid_contigs.fasta	28188
all_plasmid_contigs.fasta	26892
all_plasmid_contigs.fasta	23814
all_plasmid_contigs.fasta	22032
all_plasmid_contigs.fasta	19116
all_plasmid_contigs.fasta	17253
all_plasmid_contigs.fasta	9963
all_plasmid_contigs.fasta	9558
all_plasmid_contigs.fasta	9477
all_plasmid_contigs.fasta	8505
all_plasmid_contigs.fasta	7857
all_plasmid_contigs.fasta	6480
all_plasmid_contigs.fasta	6075
all_plasmid_contigs.fasta	5265
all_plasmid_contigs.fasta	54513
all_plasmid_contigs.fasta	5184
all_plasmid_contigs.fasta	33453
all_plasmid_contigs.fasta	30051
all_plasmid_contigs.fasta	29241
all_plasmid_contigs.fasta	28107
all_plasmid_contigs.fasta	26001
all_plasmid_contigs.fasta	25434
all_plasmid_contigs.fasta	22923
all_plasmid_contigs.fasta	12150
all_plasmid_contigs.fasta	8991
all_plasmid_contigs.fasta	8505
all_plasmid_contigs.fasta	8262
all_plasmid_contigs.fasta	7533
all_plasmid_contigs.fasta	7452
all_plasmid_contigs.fasta	7047
all_plasmid_contigs.fasta	5589
all_plasmid_contigs.fasta	5508
all_plasmid_contigs.fasta	5508
all_plasmid_contigs.fasta	55404
all_plasmid_contigs.fasta	5346
all_plasmid_contigs.fasta	5346
all_plasmid_contigs.fasta	5265
all_plasmid_contigs.fasta	30051
all_plasmid_contigs.fasta	29241
all_plasmid_contigs.fasta	25434
all_plasmid_contigs.fasta	24219
all_plasmid_contigs.fasta	22842
all_plasmid_contigs.fasta	21303
all_plasmid_contigs.fasta	17901
all_plasmid_contigs.fasta	19035
all_plasmid_contigs.fasta	17010
all_plasmid_contigs.fasta	11016
all_plasmid_contigs.fasta	8910
all_plasmid_contigs.fasta	8748
all_plasmid_contigs.fasta	8505
all_plasmid_contigs.fasta	8019
all_plasmid_contigs.fasta	5346
all_plasmid_contigs.fasta	5265
all_plasmid_contigs.fasta	5103
all_plasmid_contigs.fasta	54513
all_plasmid_contigs.fasta	5103
all_plasmid_contigs.fasta	29889
all_plasmid_contigs.fasta	29403
all_plasmid_contigs.fasta	29241
all_plasmid_contigs.fasta	28188
all_plasmid_contigs.fasta	26973
all_plasmid_contigs.fasta	26001
all_plasmid_contigs.fasta	22923
all_plasmid_contigs.fasta	18954
all_plasmid_contigs.fasta	15714
all_plasmid_contigs.fasta	8910
all_plasmid_contigs.fasta	8829
all_plasmid_contigs.fasta	6804
all_plasmid_contigs.fasta	5994
all_plasmid_contigs.fasta	5670
all_plasmid_contigs.fasta	5508
all_plasmid_contigs.fasta	5265
all_plasmid_contigs.fasta	5184
all_plasmid_contigs.fasta	54513
all_plasmid_contigs.fasta	5022
all_plasmid_contigs.fasta	30537
all_plasmid_contigs.fasta	28026
all_plasmid_contigs.fasta	27621
all_plasmid_contigs.fasta	26892
all_plasmid_contigs.fasta	25110
all_plasmid_contigs.fasta	24867
all_plasmid_contigs.fasta	22518
all_plasmid_contigs.fasta	12150
all_plasmid_contigs.fasta	10530
all_plasmid_contigs.fasta	8991
all_plasmid_contigs.fasta	8667
all_plasmid_contigs.fasta	8505
all_plasmid_contigs.fasta	8262
all_plasmid_contigs.fasta	6966
all_plasmid_contigs.fasta	6885
all_plasmid_contigs.fasta	5994
all_plasmid_contigs.fasta	5508
all_plasmid_contigs.fasta	55566
all_plasmid_contigs.fasta	5346
all_plasmid_contigs.fasta	5346
all_plasmid_contigs.fasta	5265
all_plasmid_contigs.fasta	5103
all_plasmid_contigs.fasta	30051
all_plasmid_contigs.fasta	29241
all_plasmid_contigs.fasta	25434
all_plasmid_contigs.fasta	24219
all_plasmid_contigs.fasta	23004
all_plasmid_contigs.fasta	21303
all_plasmid_contigs.fasta	17820
all_plasmid_contigs.fasta	14742
all_plasmid_contigs.fasta	13122
all_plasmid_contigs.fasta	9639
all_plasmid_contigs.fasta	8991
all_plasmid_contigs.fasta	8019
all_plasmid_contigs.fasta	7857
all_plasmid_contigs.fasta	7776
all_plasmid_contigs.fasta	5913
all_plasmid_contigs.fasta	5508
all_plasmid_contigs.fasta	54432
all_plasmid_contigs.fasta	30132
all_plasmid_contigs.fasta	29889
all_plasmid_contigs.fasta	28917
all_plasmid_contigs.fasta	28026
all_plasmid_contigs.fasta	26973
all_plasmid_contigs.fasta	25191
all_plasmid_contigs.fasta	18630
all_plasmid_contigs.fasta	17901
all_plasmid_contigs.fasta	15633
all_plasmid_contigs.fasta	13365
all_plasmid_contigs.fasta	10206
all_plasmid_contigs.fasta	8910
all_plasmid_contigs.fasta	8181
all_plasmid_contigs.fasta	7938
all_plasmid_contigs.fasta	7533
all_plasmid_contigs.fasta	7047
all_plasmid_contigs.fasta	6237
all_plasmid_contigs.fasta	55485
all_plasmid_contigs.fasta	5913
all_plasmid_contigs.fasta	5184
all_plasmid_contigs.fasta	31104
all_plasmid_contigs.fasta	29646
all_plasmid_contigs.fasta	25434
all_plasmid_contigs.fasta	24705
all_plasmid_contigs.fasta	23571
all_plasmid_contigs.fasta	22356
all_plasmid_contigs.fasta	21465
all_plasmid_contigs.fasta	19197
all_plasmid_contigs.fasta	17253
all_plasmid_contigs.fasta	10125
all_plasmid_contigs.fasta	8748
all_plasmid_contigs.fasta	8505
all_plasmid_contigs.fasta	6318
all_plasmid_contigs.fasta	6156
all_plasmid_contigs.fasta	5265
all_plasmid_contigs.fasta	5103
all_plasmid_contigs.fasta	54513
all_plasmid_contigs.fasta	35883
all_plasmid_contigs.fasta	30132
all_plasmid_contigs.fasta	29241
all_plasmid_contigs.fasta	28188
all_plasmid_contigs.fasta	26973
all_plasmid_contigs.fasta	26082
all_plasmid_contigs.fasta	23004
all_plasmid_contigs.fasta	8829
all_plasmid_contigs.fasta	7938
all_plasmid_contigs.fasta	7371
all_plasmid_contigs.fasta	7209
all_plasmid_contigs.fasta	6723
all_plasmid_contigs.fasta	6156
all_plasmid_contigs.fasta	56457
all_plasmid_contigs.fasta	54432
all_plasmid_contigs.fasta	47628
all_plasmid_contigs.fasta	26973
all_plasmid_contigs.fasta	25434
all_plasmid_contigs.fasta	25353
all_plasmid_contigs.fasta	19116
all_plasmid_contigs.fasta	8910
all_plasmid_contigs.fasta	18225
all_plasmid_contigs.fasta	8910
all_plasmid_contigs.fasta	7209
all_plasmid_contigs.fasta	6237
all_plasmid_contigs.fasta	58887
all_plasmid_contigs.fasta	54351
all_plasmid_contigs.fasta	27459
all_plasmid_contigs.fasta	26973
all_plasmid_contigs.fasta	25839
all_plasmid_contigs.fasta	25191
all_plasmid_contigs.fasta	20169
all_plasmid_contigs.fasta	19116
all_plasmid_contigs.fasta	12150
all_plasmid_contigs.fasta	10368
all_plasmid_contigs.fasta	9477
all_plasmid_contigs.fasta	9396
all_plasmid_contigs.fasta	8748
all_plasmid_contigs.fasta	7938
all_plasmid_contigs.fasta	7938
all_plasmid_contigs.fasta	7209
all_plasmid_contigs.fasta	6561
all_plasmid_contigs.fasta	54594
all_plasmid_contigs.fasta	5508
all_plasmid_contigs.fasta	5103
all_plasmid_contigs.fasta	30699
all_plasmid_contigs.fasta	29403
all_plasmid_contigs.fasta	26973
all_plasmid_contigs.fasta	25191
all_plasmid_contigs.fasta	23976
all_plasmid_contigs.fasta	21789
all_plasmid_contigs.fasta	17820
all_plasmid_contigs.fasta	11502
all_plasmid_contigs.fasta	14580
all_plasmid_contigs.fasta	24381
all_plasmid_contigs.fasta	26811
all_plasmid_contigs.fasta	27054
all_plasmid_contigs.fasta	27783
all_plasmid_contigs.fasta	28836
all_plasmid_contigs.fasta	31266
all_plasmid_contigs.fasta	13446
all_plasmid_contigs.fasta	22113
all_plasmid_contigs.fasta	20169
all_plasmid_contigs.fasta	14175
all_plasmid_contigs.fasta	30942
all_plasmid_contigs.fasta	28269
all_plasmid_contigs.fasta	54432
all_plasmid_contigs.fasta	21060
all_plasmid_contigs.fasta	27297
all_plasmid_contigs.fasta	26811
all_plasmid_contigs.fasta	41796
all_plasmid_contigs.fasta	27378
all_plasmid_contigs.fasta	29889
all_plasmid_contigs.fasta	30780
all_plasmid_contigs.fasta	25920
all_plasmid_contigs.fasta	37422
all_plasmid_contigs.fasta	58158
all_plasmid_contigs.fasta	24867
all_plasmid_contigs.fasta	55566
all_plasmid_contigs.fasta	27378
all_plasmid_contigs.fasta	24381
all_plasmid_contigs.fasta	51435
all_plasmid_contigs.fasta	23085
all_plasmid_contigs.fasta	28755
all_plasmid_contigs.fasta	28917
all_plasmid_contigs.fasta	31347
all_plasmid_contigs.fasta	21384
all_plasmid_contigs.fasta	61074
all_plasmid_contigs.fasta	27459
all_plasmid_contigs.fasta	29808
all_plasmid_contigs.fasta	54999
all_plasmid_contigs.fasta	21222
all_plasmid_contigs.fasta	27054
all_plasmid_contigs.fasta	24543
all_plasmid_contigs.fasta	24381
all_plasmid_contigs.fasta	49491
all_plasmid_contigs.fasta	28431
all_plasmid_contigs.fasta	21546
all_plasmid_contigs.fasta	61074
all_plasmid_contigs.fasta	27378
all_plasmid_contigs.fasta	30132
all_plasmid_contigs.fasta	54999
all_plasmid_contigs.fasta	21303
all_plasmid_contigs.fasta	28917
all_plasmid_contigs.fasta	26244
all_plasmid_contigs.fasta	24381
all_plasmid_contigs.fasta	51030
all_plasmid_contigs.fasta	27702
all_plasmid_contigs.fasta	11421
all_plasmid_contigs.fasta	21384
all_plasmid_contigs.fasta	61074
all_plasmid_contigs.fasta	27540
all_plasmid_contigs.fasta	30294
all_plasmid_contigs.fasta	55566
all_plasmid_contigs.fasta	21384
all_plasmid_contigs.fasta	28269
all_plasmid_contigs.fasta	24624
all_plasmid_contigs.fasta	24381
all_plasmid_contigs.fasta	51678
all_plasmid_contigs.fasta	28512
all_plasmid_contigs.fasta	13041
all_plasmid_contigs.fasta	21627
all_plasmid_contigs.fasta	61236
all_plasmid_contigs.fasta	27297
all_plasmid_contigs.fasta	55566
all_plasmid_contigs.fasta	27540
all_plasmid_contigs.fasta	31509
all_plasmid_contigs.fasta	24867
all_plasmid_contigs.fasta	24381
all_plasmid_contigs.fasta	50949
all_plasmid_contigs.fasta	22842
all_plasmid_contigs.fasta	13446
all_plasmid_contigs.fasta	26325
all_plasmid_contigs.fasta	21627
all_plasmid_contigs.fasta	61074
all_plasmid_contigs.fasta	27297
all_plasmid_contigs.fasta	55485
all_plasmid_contigs.fasta	21465
all_plasmid_contigs.fasta	27702
all_plasmid_contigs.fasta	24624
all_plasmid_contigs.fasta	24219
all_plasmid_contigs.fasta	51030
all_plasmid_contigs.fasta	28107
all_plasmid_contigs.fasta	12150
all_plasmid_contigs.fasta	21303
all_plasmid_contigs.fasta	60507
all_plasmid_contigs.fasta	27297
all_plasmid_contigs.fasta	55566
all_plasmid_contigs.fasta	27216
all_plasmid_contigs.fasta	31509
all_plasmid_contigs.fasta	24948
all_plasmid_contigs.fasta	24381
all_plasmid_contigs.fasta	49410
all_plasmid_contigs.fasta	28755
all_plasmid_contigs.fasta	21546
all_plasmid_contigs.fasta	47142
all_plasmid_contigs.fasta	10206
all_plasmid_contigs.fasta	27378
all_plasmid_contigs.fasta	55566
all_plasmid_contigs.fasta	27783
all_plasmid_contigs.fasta	31509
all_plasmid_contigs.fasta	24867
all_plasmid_contigs.fasta	24462
all_plasmid_contigs.fasta	51597
all_plasmid_contigs.fasta	22923
all_plasmid_contigs.fasta	13689
all_plasmid_contigs.fasta	28755
all_plasmid_contigs.fasta	21546
all_plasmid_contigs.fasta	61074
all_plasmid_contigs.fasta	27540
all_plasmid_contigs.fasta	30294
all_plasmid_contigs.fasta	55485
all_plasmid_contigs.fasta	21384
all_plasmid_contigs.fasta	28026
all_plasmid_contigs.fasta	25434
all_plasmid_contigs.fasta	24624
all_plasmid_contigs.fasta	51354
all_plasmid_contigs.fasta	28755
all_plasmid_contigs.fasta	11826
all_plasmid_contigs.fasta	21789
all_plasmid_contigs.fasta	61317
all_plasmid_contigs.fasta	26973
all_plasmid_contigs.fasta	28188
all_plasmid_contigs.fasta	54189
all_plasmid_contigs.fasta	28107
all_plasmid_contigs.fasta	31266
all_plasmid_contigs.fasta	24867
all_plasmid_contigs.fasta	24462
all_plasmid_contigs.fasta	50058
all_plasmid_contigs.fasta	33939
all_plasmid_contigs.fasta	21546
all_plasmid_contigs.fasta	47142
all_plasmid_contigs.fasta	27378
all_plasmid_contigs.fasta	30294
all_plasmid_contigs.fasta	55485
all_plasmid_contigs.fasta	28026
all_plasmid_contigs.fasta	25191
all_plasmid_contigs.fasta	24462
all_plasmid_contigs.fasta	51192
all_plasmid_contigs.fasta	28026
all_plasmid_contigs.fasta	12069
all_plasmid_contigs.fasta	21708
all_plasmid_contigs.fasta	60993
all_plasmid_contigs.fasta	21222
all_plasmid_contigs.fasta	27378
all_plasmid_contigs.fasta	30294
all_plasmid_contigs.fasta	55566
all_plasmid_contigs.fasta	21384
all_plasmid_contigs.fasta	27783
all_plasmid_contigs.fasta	25434
all_plasmid_contigs.fasta	19764
all_plasmid_contigs.fasta	48033
all_plasmid_contigs.fasta	27864
all_plasmid_contigs.fasta	11421
all_plasmid_contigs.fasta	21546
all_plasmid_contigs.fasta	61155
all_plasmid_contigs.fasta	25272
all_plasmid_contigs.fasta	27378
all_plasmid_contigs.fasta	24381
all_plasmid_contigs.fasta	51354
all_plasmid_contigs.fasta	28593
all_plasmid_contigs.fasta	13284
all_plasmid_contigs.fasta	55566
all_plasmid_contigs.fasta	21303
all_plasmid_contigs.fasta	30294
all_plasmid_contigs.fasta	21627
all_plasmid_contigs.fasta	61074
all_plasmid_contigs.fasta	27378
all_plasmid_contigs.fasta	55566
all_plasmid_contigs.fasta	21465
all_plasmid_contigs.fasta	28026
all_plasmid_contigs.fasta	25191
all_plasmid_contigs.fasta	32886
all_plasmid_contigs.fasta	47385
all_plasmid_contigs.fasta	28593
all_plasmid_contigs.fasta	21627
all_plasmid_contigs.fasta	61236
all_plasmid_contigs.fasta	27540
all_plasmid_contigs.fasta	30294
all_plasmid_contigs.fasta	55566
all_plasmid_contigs.fasta	21384
all_plasmid_contigs.fasta	28026
all_plasmid_contigs.fasta	24786
all_plasmid_contigs.fasta	24381
all_plasmid_contigs.fasta	51354
all_plasmid_contigs.fasta	28674
all_plasmid_contigs.fasta	8262
all_plasmid_contigs.fasta	21546
all_plasmid_contigs.fasta	61074
all_plasmid_contigs.fasta	6642
all_plasmid_contigs.fasta	27621
all_plasmid_contigs.fasta	33129
all_plasmid_contigs.fasta	13446
all_plasmid_contigs.fasta	18630
all_plasmid_contigs.fasta	21627
all_plasmid_contigs.fasta	17901
all_plasmid_contigs.fasta	5184
all_plasmid_contigs.fasta	8910
all_plasmid_contigs.fasta	20331
all_plasmid_contigs.fasta	21870
all_plasmid_contigs.fasta	27702
all_plasmid_contigs.fasta	19764
all_plasmid_contigs.fasta	30537
all_plasmid_contigs.fasta	30132
all_plasmid_contigs.fasta	20898
all_plasmid_contigs.fasta	17577
all_plasmid_contigs.fasta	23166
all_plasmid_contigs.fasta	59373
all_plasmid_contigs.fasta	27621
all_plasmid_contigs.fasta	32805
all_plasmid_contigs.fasta	14094
all_plasmid_contigs.fasta	19197
all_plasmid_contigs.fasta	22113
all_plasmid_contigs.fasta	20331
all_plasmid_contigs.fasta	10206
all_plasmid_contigs.fasta	9477
all_plasmid_contigs.fasta	52245
all_plasmid_contigs.fasta	27702
all_plasmid_contigs.fasta	20331
all_plasmid_contigs.fasta	29322
all_plasmid_contigs.fasta	21222
all_plasmid_contigs.fasta	17091
all_plasmid_contigs.fasta	23166
all_plasmid_contigs.fasta	59454
all_plasmid_contigs.fasta	6399
all_plasmid_contigs.fasta	27378
all_plasmid_contigs.fasta	55404
all_plasmid_contigs.fasta	27621
all_plasmid_contigs.fasta	31590
all_plasmid_contigs.fasta	26568
all_plasmid_contigs.fasta	24138
all_plasmid_contigs.fasta	51435
all_plasmid_contigs.fasta	22032
all_plasmid_contigs.fasta	21546
all_plasmid_contigs.fasta	60912
all_plasmid_contigs.fasta	27540
all_plasmid_contigs.fasta	55566
all_plasmid_contigs.fasta	28107
all_plasmid_contigs.fasta	31509
all_plasmid_contigs.fasta	26649
all_plasmid_contigs.fasta	24543
all_plasmid_contigs.fasta	51597
all_plasmid_contigs.fasta	21708
all_plasmid_contigs.fasta	61074
all_plasmid_contigs.fasta	27540
all_plasmid_contigs.fasta	55485
all_plasmid_contigs.fasta	21384
all_plasmid_contigs.fasta	27783
all_plasmid_contigs.fasta	31509
all_plasmid_contigs.fasta	26811
all_plasmid_contigs.fasta	24462
all_plasmid_contigs.fasta	50787
all_plasmid_contigs.fasta	28350
all_plasmid_contigs.fasta	10125
all_plasmid_contigs.fasta	21627
all_plasmid_contigs.fasta	61074
all_plasmid_contigs.fasta	21627
all_plasmid_contigs.fasta	27702
all_plasmid_contigs.fasta	27459
all_plasmid_contigs.fasta	20655
all_plasmid_contigs.fasta	30375
all_plasmid_contigs.fasta	21303
all_plasmid_contigs.fasta	17982
all_plasmid_contigs.fasta	22275
all_plasmid_contigs.fasta	14094
all_plasmid_contigs.fasta	19197
all_plasmid_contigs.fasta	21870
all_plasmid_contigs.fasta	7371
all_plasmid_contigs.fasta	7371
all_plasmid_contigs.fasta	9963
all_plasmid_contigs.fasta	31023
all_plasmid_contigs.fasta	32886
all_plasmid_contigs.fasta	23247
all_plasmid_contigs.fasta	59292
all_plasmid_contigs.fasta	26811
all_plasmid_contigs.fasta	31347
all_plasmid_contigs.fasta	31185
all_plasmid_contigs.fasta	29970
all_plasmid_contigs.fasta	28917
all_plasmid_contigs.fasta	18387
all_plasmid_contigs.fasta	28674
all_plasmid_contigs.fasta	31266
all_plasmid_contigs.fasta	31752
all_plasmid_contigs.fasta	52407
all_plasmid_contigs.fasta	15714
all_plasmid_contigs.fasta	24624
all_plasmid_contigs.fasta	24462
all_plasmid_contigs.fasta	26811
all_plasmid_contigs.fasta	27945
all_plasmid_contigs.fasta	28512
all_plasmid_contigs.fasta	29646
all_plasmid_contigs.fasta	30537
all_plasmid_contigs.fasta	30537
all_plasmid_contigs.fasta	30942
all_plasmid_contigs.fasta	18549
all_plasmid_contigs.fasta	30375
all_plasmid_contigs.fasta	30375
all_plasmid_contigs.fasta	30213
all_plasmid_contigs.fasta	30537
all_plasmid_contigs.fasta	39366
all_plasmid_contigs.fasta	54351
all_plasmid_contigs.fasta	28026
all_plasmid_contigs.fasta	15633
all_plasmid_contigs.fasta	21546
all_plasmid_contigs.fasta	26811
all_plasmid_contigs.fasta	22761
all_plasmid_contigs.fasta	27864
all_plasmid_contigs.fasta	28269
all_plasmid_contigs.fasta	29646
all_plasmid_contigs.fasta	30537
all_plasmid_contigs.fasta	30537
all_plasmid_contigs.fasta	18549
all_plasmid_contigs.fasta	30375
all_plasmid_contigs.fasta	30375
all_plasmid_contigs.fasta	30213
all_plasmid_contigs.fasta	30375
all_plasmid_contigs.fasta	39285
all_plasmid_contigs.fasta	54189
all_plasmid_contigs.fasta	27540
all_plasmid_contigs.fasta	18144
all_plasmid_contigs.fasta	26811
all_plasmid_contigs.fasta	29079
all_plasmid_contigs.fasta	29484
all_plasmid_contigs.fasta	27945
all_plasmid_contigs.fasta	26973
all_plasmid_contigs.fasta	30618
all_plasmid_contigs.fasta	31104
all_plasmid_contigs.fasta	30618
all_plasmid_contigs.fasta	30618
all_plasmid_contigs.fasta	30942
all_plasmid_contigs.fasta	31023
all_plasmid_contigs.fasta	21384
all_plasmid_contigs.fasta	21384
all_plasmid_contigs.fasta	31752
all_plasmid_contigs.fasta	30294
all_plasmid_contigs.fasta	54189
all_plasmid_contigs.fasta	9477
all_plasmid_contigs.fasta	17010
all_plasmid_contigs.fasta	18387
all_plasmid_contigs.fasta	24705
all_plasmid_contigs.fasta	26811
all_plasmid_contigs.fasta	28755
all_plasmid_contigs.fasta	30294
all_plasmid_contigs.fasta	28674
all_plasmid_contigs.fasta	27378
all_plasmid_contigs.fasta	31104
all_plasmid_contigs.fasta	30537
all_plasmid_contigs.fasta	30618
all_plasmid_contigs.fasta	30132
all_plasmid_contigs.fasta	31185
all_plasmid_contigs.fasta	31266
all_plasmid_contigs.fasta	31023
all_plasmid_contigs.fasta	37098
all_plasmid_contigs.fasta	39042
all_plasmid_contigs.fasta	54108
all_plasmid_contigs.fasta	53298
all_plasmid_contigs.fasta	9477
all_plasmid_contigs.fasta	21141
all_plasmid_contigs.fasta	33048
all_plasmid_contigs.fasta	27297
all_plasmid_contigs.fasta	29646
all_plasmid_contigs.fasta	27378
all_plasmid_contigs.fasta	29808
all_plasmid_contigs.fasta	30618
all_plasmid_contigs.fasta	32319
all_plasmid_contigs.fasta	24948
all_plasmid_contigs.fasta	51354
all_plasmid_contigs.fasta	17091
all_plasmid_contigs.fasta	24705
all_plasmid_contigs.fasta	26811
all_plasmid_contigs.fasta	25272
all_plasmid_contigs.fasta	30294
all_plasmid_contigs.fasta	27864
all_plasmid_contigs.fasta	31023
all_plasmid_contigs.fasta	61641
all_plasmid_contigs.fasta	31023
all_plasmid_contigs.fasta	30375
all_plasmid_contigs.fasta	31590
all_plasmid_contigs.fasta	37341
all_plasmid_contigs.fasta	39285
all_plasmid_contigs.fasta	54270
all_plasmid_contigs.fasta	53703
all_plasmid_contigs.fasta	17415
all_plasmid_contigs.fasta	26730
all_plasmid_contigs.fasta	27459
all_plasmid_contigs.fasta	28188
all_plasmid_contigs.fasta	29241
all_plasmid_contigs.fasta	28512
all_plasmid_contigs.fasta	28026
all_plasmid_contigs.fasta	30051
all_plasmid_contigs.fasta	29889
all_plasmid_contigs.fasta	30375
all_plasmid_contigs.fasta	30294
all_plasmid_contigs.fasta	30942
all_plasmid_contigs.fasta	37341
all_plasmid_contigs.fasta	54351
all_plasmid_contigs.fasta	8829
all_plasmid_contigs.fasta	8586
all_plasmid_contigs.fasta	16281
all_plasmid_contigs.fasta	26811
all_plasmid_contigs.fasta	26001
all_plasmid_contigs.fasta	14580
all_plasmid_contigs.fasta	30456
all_plasmid_contigs.fasta	15147
all_plasmid_contigs.fasta	30537
all_plasmid_contigs.fasta	29889
all_plasmid_contigs.fasta	28107
all_plasmid_contigs.fasta	29322
all_plasmid_contigs.fasta	31185
all_plasmid_contigs.fasta	31023
all_plasmid_contigs.fasta	29079
all_plasmid_contigs.fasta	39609
all_plasmid_contigs.fasta	55323
all_plasmid_contigs.fasta	8748
all_plasmid_contigs.fasta	18144
all_plasmid_contigs.fasta	25272
all_plasmid_contigs.fasta	26811
all_plasmid_contigs.fasta	26892
all_plasmid_contigs.fasta	29160
all_plasmid_contigs.fasta	29403
all_plasmid_contigs.fasta	27702
all_plasmid_contigs.fasta	27135
all_plasmid_contigs.fasta	31266
all_plasmid_contigs.fasta	61803
all_plasmid_contigs.fasta	30618
all_plasmid_contigs.fasta	30618
all_plasmid_contigs.fasta	30942
all_plasmid_contigs.fasta	31023
all_plasmid_contigs.fasta	21384
all_plasmid_contigs.fasta	21384
all_plasmid_contigs.fasta	23976
all_plasmid_contigs.fasta	30618
all_plasmid_contigs.fasta	54513
all_plasmid_contigs.fasta	17091
all_plasmid_contigs.fasta	26811
all_plasmid_contigs.fasta	54270
all_plasmid_contigs.fasta	17415
all_plasmid_contigs.fasta	26730
all_plasmid_contigs.fasta	28593
all_plasmid_contigs.fasta	28188
all_plasmid_contigs.fasta	29241
all_plasmid_contigs.fasta	28512
all_plasmid_contigs.fasta	28026
all_plasmid_contigs.fasta	31752
all_plasmid_contigs.fasta	61317
all_plasmid_contigs.fasta	30294
all_plasmid_contigs.fasta	30942
all_plasmid_contigs.fasta	37341
all_plasmid_contigs.fasta	54351
all_plasmid_contigs.fasta	17496
all_plasmid_contigs.fasta	26811
all_plasmid_contigs.fasta	32967
all_plasmid_contigs.fasta	19926
all_plasmid_contigs.fasta	29241
all_plasmid_contigs.fasta	28512
all_plasmid_contigs.fasta	31752
all_plasmid_contigs.fasta	91125
all_plasmid_contigs.fasta	30942
all_plasmid_contigs.fasta	37341
all_plasmid_contigs.fasta	54270
all_plasmid_contigs.fasta	8586
all_plasmid_contigs.fasta	16686
all_plasmid_contigs.fasta	23976
all_plasmid_contigs.fasta	26811
all_plasmid_contigs.fasta	30051
all_plasmid_contigs.fasta	30294
all_plasmid_contigs.fasta	28998
all_plasmid_contigs.fasta	29403
all_plasmid_contigs.fasta	25596
all_plasmid_contigs.fasta	19521
all_plasmid_contigs.fasta	28512
all_plasmid_contigs.fasta	60507
all_plasmid_contigs.fasta	30699
all_plasmid_contigs.fasta	26487
all_plasmid_contigs.fasta	28431
all_plasmid_contigs.fasta	30294
all_plasmid_contigs.fasta	22680
all_plasmid_contigs.fasta	37341
all_plasmid_contigs.fasta	39447
all_plasmid_contigs.fasta	53865
all_plasmid_contigs.fasta	17496
all_plasmid_contigs.fasta	26811
all_plasmid_contigs.fasta	30213
all_plasmid_contigs.fasta	17739
all_plasmid_contigs.fasta	15471
all_plasmid_contigs.fasta	28431
all_plasmid_contigs.fasta	28026
all_plasmid_contigs.fasta	92178
all_plasmid_contigs.fasta	31347
all_plasmid_contigs.fasta	37341
all_plasmid_contigs.fasta	54351
all_plasmid_contigs.fasta	17496
all_plasmid_contigs.fasta	26811
all_plasmid_contigs.fasta	14580
all_plasmid_contigs.fasta	22356
all_plasmid_contigs.fasta	28512
all_plasmid_contigs.fasta	29160
all_plasmid_contigs.fasta	26082
all_plasmid_contigs.fasta	89100
all_plasmid_contigs.fasta	30942
all_plasmid_contigs.fasta	37422
all_plasmid_contigs.fasta	49977
all_plasmid_contigs.fasta	20007
all_plasmid_contigs.fasta	26001
all_plasmid_contigs.fasta	51111
all_plasmid_contigs.fasta	8586
all_plasmid_contigs.fasta	18306
all_plasmid_contigs.fasta	26811
all_plasmid_contigs.fasta	28026
all_plasmid_contigs.fasta	27702
all_plasmid_contigs.fasta	30699
all_plasmid_contigs.fasta	112023
all_plasmid_contigs.fasta	25839
all_plasmid_contigs.fasta	52488
all_plasmid_contigs.fasta	21303
all_plasmid_contigs.fasta	18630
all_plasmid_contigs.fasta	28431
all_plasmid_contigs.fasta	27378
all_plasmid_contigs.fasta	26568
all_plasmid_contigs.fasta	32724
all_plasmid_contigs.fasta	56295
all_plasmid_contigs.fasta	20979
all_plasmid_contigs.fasta	28350
all_plasmid_contigs.fasta	27378
all_plasmid_contigs.fasta	20088
all_plasmid_contigs.fasta	32481
all_plasmid_contigs.fasta	56376
all_plasmid_contigs.fasta	17820
all_plasmid_contigs.fasta	25272
all_plasmid_contigs.fasta	27378
all_plasmid_contigs.fasta	31752
all_plasmid_contigs.fasta	22761
all_plasmid_contigs.fasta	57834
all_plasmid_contigs.fasta	9477
all_plasmid_contigs.fasta	21060
all_plasmid_contigs.fasta	23652
all_plasmid_contigs.fasta	27297
all_plasmid_contigs.fasta	17496
all_plasmid_contigs.fasta	13041
all_plasmid_contigs.fasta	57591
all_plasmid_contigs.fasta	22194
all_plasmid_contigs.fasta	24867
all_plasmid_contigs.fasta	27378
all_plasmid_contigs.fasta	17091
all_plasmid_contigs.fasta	42201
all_plasmid_contigs.fasta	35883
all_plasmid_contigs.fasta	58806
all_plasmid_contigs.fasta	22194
all_plasmid_contigs.fasta	23085
all_plasmid_contigs.fasta	27378
all_plasmid_contigs.fasta	17253
all_plasmid_contigs.fasta	42120
all_plasmid_contigs.fasta	35883
all_plasmid_contigs.fasta	57672
all_plasmid_contigs.fasta	22275
all_plasmid_contigs.fasta	23814
all_plasmid_contigs.fasta	27297
all_plasmid_contigs.fasta	18063
all_plasmid_contigs.fasta	42120
all_plasmid_contigs.fasta	35883
all_plasmid_contigs.fasta	58806
all_plasmid_contigs.fasta	22275
all_plasmid_contigs.fasta	24138
all_plasmid_contigs.fasta	27378
all_plasmid_contigs.fasta	17253
all_plasmid_contigs.fasta	42120
all_plasmid_contigs.fasta	35883
all_plasmid_contigs.fasta	57753
all_plasmid_contigs.fasta	22275
all_plasmid_contigs.fasta	23085
all_plasmid_contigs.fasta	27378
all_plasmid_contigs.fasta	16686
all_plasmid_contigs.fasta	42039
all_plasmid_contigs.fasta	35802
all_plasmid_contigs.fasta	58644
all_plasmid_contigs.fasta	37584
all_plasmid_contigs.fasta	64800
all_plasmid_contigs.fasta	27783
all_plasmid_contigs.fasta	27297
all_plasmid_contigs.fasta	31833
all_plasmid_contigs.fasta	30051
all_plasmid_contigs.fasta	17010
all_plasmid_contigs.fasta	56457
all_plasmid_contigs.fasta	26811
all_plasmid_contigs.fasta	26811
all_plasmid_contigs.fasta	31671
all_plasmid_contigs.fasta	31590
all_plasmid_contigs.fasta	31104
all_plasmid_contigs.fasta	8991
all_plasmid_contigs.fasta	23085
all_plasmid_contigs.fasta	27459
all_plasmid_contigs.fasta	24948
all_plasmid_contigs.fasta	26163
all_plasmid_contigs.fasta	31023
all_plasmid_contigs.fasta	36612
all_plasmid_contigs.fasta	49815
all_plasmid_contigs.fasta	27297
all_plasmid_contigs.fasta	29889
all_plasmid_contigs.fasta	30780
all_plasmid_contigs.fasta	21141
all_plasmid_contigs.fasta	41796
all_plasmid_contigs.fasta	26811
all_plasmid_contigs.fasta	26001
all_plasmid_contigs.fasta	37422
all_plasmid_contigs.fasta	58158
all_plasmid_contigs.fasta	26811
all_plasmid_contigs.fasta	30699
all_plasmid_contigs.fasta	30618
all_plasmid_contigs.fasta	30375
all_plasmid_contigs.fasta	18063
all_plasmid_contigs.fasta	27783
all_plasmid_contigs.fasta	25272
all_plasmid_contigs.fasta	29160
all_plasmid_contigs.fasta	30294
all_plasmid_contigs.fasta	27540
all_plasmid_contigs.fasta	29646
all_plasmid_contigs.fasta	23895
all_plasmid_contigs.fasta	54513
all_plasmid_contigs.fasta	26811
all_plasmid_contigs.fasta	15066
all_plasmid_contigs.fasta	30780
all_plasmid_contigs.fasta	31266
all_plasmid_contigs.fasta	30618
all_plasmid_contigs.fasta	31023
all_plasmid_contigs.fasta	21546
all_plasmid_contigs.fasta	31185
all_plasmid_contigs.fasta	18225
all_plasmid_contigs.fasta	25272
all_plasmid_contigs.fasta	29160
all_plasmid_contigs.fasta	29727
all_plasmid_contigs.fasta	27459
all_plasmid_contigs.fasta	30375
all_plasmid_contigs.fasta	30375
all_plasmid_contigs.fasta	23976
all_plasmid_contigs.fasta	54513
all_plasmid_contigs.fasta	26811
all_plasmid_contigs.fasta	30456
all_plasmid_contigs.fasta	28107
all_plasmid_contigs.fasta	16038
all_plasmid_contigs.fasta	29970
all_plasmid_contigs.fasta	17658
all_plasmid_contigs.fasta	31023
all_plasmid_contigs.fasta	8829
all_plasmid_contigs.fasta	20898
all_plasmid_contigs.fasta	24462
all_plasmid_contigs.fasta	24138
all_plasmid_contigs.fasta	30132
all_plasmid_contigs.fasta	31266
all_plasmid_contigs.fasta	30132
all_plasmid_contigs.fasta	31185
all_plasmid_contigs.fasta	38313
all_plasmid_contigs.fasta	54513
all_plasmid_contigs.fasta	26811
all_plasmid_contigs.fasta	30537
all_plasmid_contigs.fasta	30537
all_plasmid_contigs.fasta	30618
all_plasmid_contigs.fasta	29970
all_plasmid_contigs.fasta	31023
all_plasmid_contigs.fasta	8910
all_plasmid_contigs.fasta	20817
all_plasmid_contigs.fasta	24462
all_plasmid_contigs.fasta	30132
all_plasmid_contigs.fasta	29889
all_plasmid_contigs.fasta	29241
all_plasmid_contigs.fasta	39528
all_plasmid_contigs.fasta	5265
all_plasmid_contigs.fasta	55404
all_plasmid_contigs.fasta	26811
all_plasmid_contigs.fasta	30699
all_plasmid_contigs.fasta	30456
all_plasmid_contigs.fasta	31104
all_plasmid_contigs.fasta	30375
all_plasmid_contigs.fasta	31185
all_plasmid_contigs.fasta	30537
all_plasmid_contigs.fasta	9477
all_plasmid_contigs.fasta	18387
all_plasmid_contigs.fasta	25272
all_plasmid_contigs.fasta	28998
all_plasmid_contigs.fasta	28107
all_plasmid_contigs.fasta	29727
all_plasmid_contigs.fasta	26487
all_plasmid_contigs.fasta	25839
all_plasmid_contigs.fasta	30699
all_plasmid_contigs.fasta	54270
all_plasmid_contigs.fasta	28998
all_plasmid_contigs.fasta	30537
all_plasmid_contigs.fasta	30618
all_plasmid_contigs.fasta	31185
all_plasmid_contigs.fasta	31266
all_plasmid_contigs.fasta	31023
all_plasmid_contigs.fasta	17091
all_plasmid_contigs.fasta	19035
all_plasmid_contigs.fasta	24705
all_plasmid_contigs.fasta	30294
all_plasmid_contigs.fasta	28917
all_plasmid_contigs.fasta	27702
all_plasmid_contigs.fasta	37341
all_plasmid_contigs.fasta	39285
all_plasmid_contigs.fasta	54270
all_plasmid_contigs.fasta	53784
all_plasmid_contigs.fasta	26811
all_plasmid_contigs.fasta	30699
all_plasmid_contigs.fasta	30456
all_plasmid_contigs.fasta	30699
all_plasmid_contigs.fasta	29727
all_plasmid_contigs.fasta	30780
all_plasmid_contigs.fasta	30861
all_plasmid_contigs.fasta	8748
all_plasmid_contigs.fasta	18306
all_plasmid_contigs.fasta	25191
all_plasmid_contigs.fasta	28917
all_plasmid_contigs.fasta	28674
all_plasmid_contigs.fasta	29646
all_plasmid_contigs.fasta	27783
all_plasmid_contigs.fasta	25839
all_plasmid_contigs.fasta	54351
all_plasmid_contigs.fasta	21384
all_plasmid_contigs.fasta	26811
all_plasmid_contigs.fasta	11583
all_plasmid_contigs.fasta	30213
all_plasmid_contigs.fasta	30618
all_plasmid_contigs.fasta	21384
all_plasmid_contigs.fasta	18144
all_plasmid_contigs.fasta	25272
all_plasmid_contigs.fasta	25515
all_plasmid_contigs.fasta	29160
all_plasmid_contigs.fasta	30132
all_plasmid_contigs.fasta	28188
all_plasmid_contigs.fasta	27135
all_plasmid_contigs.fasta	23976
all_plasmid_contigs.fasta	30618
all_plasmid_contigs.fasta	54513
all_plasmid_contigs.fasta	26811
all_plasmid_contigs.fasta	12798
all_plasmid_contigs.fasta	30780
all_plasmid_contigs.fasta	31023
all_plasmid_contigs.fasta	12393
all_plasmid_contigs.fasta	17091
all_plasmid_contigs.fasta	30375
all_plasmid_contigs.fasta	30294
all_plasmid_contigs.fasta	28917
all_plasmid_contigs.fasta	37341
all_plasmid_contigs.fasta	54270
all_plasmid_contigs.fasta	26811
all_plasmid_contigs.fasta	47628
all_plasmid_contigs.fasta	31023
all_plasmid_contigs.fasta	31023
all_plasmid_contigs.fasta	31347
all_plasmid_contigs.fasta	17496
all_plasmid_contigs.fasta	24705
all_plasmid_contigs.fasta	30294
all_plasmid_contigs.fasta	30780
all_plasmid_contigs.fasta	29241
all_plasmid_contigs.fasta	15309
all_plasmid_contigs.fasta	28512
all_plasmid_contigs.fasta	37422
all_plasmid_contigs.fasta	54432
all_plasmid_contigs.fasta	18387
all_plasmid_contigs.fasta	26811
all_plasmid_contigs.fasta	53055
all_plasmid_contigs.fasta	26892
all_plasmid_contigs.fasta	31104
all_plasmid_contigs.fasta	36531
all_plasmid_contigs.fasta	21465
all_plasmid_contigs.fasta	23490
all_plasmid_contigs.fasta	36126
all_plasmid_contigs.fasta	25515
all_plasmid_contigs.fasta	61479
all_plasmid_contigs.fasta	54432
all_plasmid_contigs.fasta	26973
all_plasmid_contigs.fasta	27864
all_plasmid_contigs.fasta	13527
all_plasmid_contigs.fasta	19440
all_plasmid_contigs.fasta	28269
all_plasmid_contigs.fasta	17334
all_plasmid_contigs.fasta	16119
all_plasmid_contigs.fasta	23328
all_plasmid_contigs.fasta	14094
all_plasmid_contigs.fasta	11097
all_plasmid_contigs.fasta	13446
all_plasmid_contigs.fasta	12798
all_plasmid_contigs.fasta	10368
all_plasmid_contigs.fasta	10287
all_plasmid_contigs.fasta	47790
all_plasmid_contigs.fasta	26973
all_plasmid_contigs.fasta	10854
all_plasmid_contigs.fasta	24705
all_plasmid_contigs.fasta	10287
all_plasmid_contigs.fasta	15957
all_plasmid_contigs.fasta	15309
all_plasmid_contigs.fasta	22923
all_plasmid_contigs.fasta	12798
all_plasmid_contigs.fasta	12393
all_plasmid_contigs.fasta	10530
all_plasmid_contigs.fasta	54189
all_plasmid_contigs.fasta	26973
all_plasmid_contigs.fasta	27135
all_plasmid_contigs.fasta	14418
all_plasmid_contigs.fasta	18387
all_plasmid_contigs.fasta	42039
all_plasmid_contigs.fasta	17982
all_plasmid_contigs.fasta	11097
all_plasmid_contigs.fasta	20250
all_plasmid_contigs.fasta	20736
all_plasmid_contigs.fasta	28188
all_plasmid_contigs.fasta	54432
all_plasmid_contigs.fasta	26973
all_plasmid_contigs.fasta	12231
all_plasmid_contigs.fasta	11826
all_plasmid_contigs.fasta	17334
all_plasmid_contigs.fasta	20655
all_plasmid_contigs.fasta	10935
all_plasmid_contigs.fasta	20331
all_plasmid_contigs.fasta	18873
all_plasmid_contigs.fasta	12474
all_plasmid_contigs.fasta	54513
all_plasmid_contigs.fasta	26892
all_plasmid_contigs.fasta	14661
all_plasmid_contigs.fasta	17172
all_plasmid_contigs.fasta	10206
all_plasmid_contigs.fasta	21384
all_plasmid_contigs.fasta	19278
all_plasmid_contigs.fasta	20169
all_plasmid_contigs.fasta	47871
all_plasmid_contigs.fasta	11907
all_plasmid_contigs.fasta	20250
all_plasmid_contigs.fasta	26892
all_plasmid_contigs.fasta	28026
all_plasmid_contigs.fasta	12474
all_plasmid_contigs.fasta	17901
all_plasmid_contigs.fasta	16281
all_plasmid_contigs.fasta	16038
all_plasmid_contigs.fasta	29808
all_plasmid_contigs.fasta	16848
all_plasmid_contigs.fasta	12798
all_plasmid_contigs.fasta	10449
all_plasmid_contigs.fasta	47790
all_plasmid_contigs.fasta	26892
all_plasmid_contigs.fasta	28107
all_plasmid_contigs.fasta	14094
all_plasmid_contigs.fasta	21951
all_plasmid_contigs.fasta	20331
all_plasmid_contigs.fasta	10206
all_plasmid_contigs.fasta	31104
all_plasmid_contigs.fasta	28107
all_plasmid_contigs.fasta	54756
all_plasmid_contigs.fasta	7290
all_plasmid_contigs.fasta	11664
all_plasmid_contigs.fasta	26892
all_plasmid_contigs.fasta	36693
all_plasmid_contigs.fasta	10287
all_plasmid_contigs.fasta	7209
all_plasmid_contigs.fasta	6156
all_plasmid_contigs.fasta	23490
all_plasmid_contigs.fasta	16848
all_plasmid_contigs.fasta	28188
all_plasmid_contigs.fasta	54675
all_plasmid_contigs.fasta	59373
plasmid_clusters_all_seqs.fasta	8400
plasmid_clusters_all_seqs.fasta	6800
plasmid_clusters_all_seqs.fasta	24240
plasmid_clusters_all_seqs.fasta	59360
plasmid_clusters_all_seqs.fasta	8400
plasmid_clusters_all_seqs.fasta	30160
plasmid_clusters_all_seqs.fasta	29040
plasmid_clusters_all_seqs.fasta	7120
plasmid_clusters_all_seqs.fasta	23360
plasmid_clusters_all_seqs.fasta	26800
plasmid_clusters_all_seqs.fasta	20000
plasmid_clusters_all_seqs.fasta	29040
plasmid_clusters_all_seqs.fasta	29120
plasmid_clusters_all_seqs.fasta	28960
plasmid_clusters_all_seqs.fasta	28880
plasmid_clusters_all_seqs.fasta	27600
plasmid_clusters_all_seqs.fasta	22960
plasmid_clusters_all_seqs.fasta	29200
plasmid_clusters_all_seqs.fasta	29040
plasmid_clusters_all_seqs.fasta	29040
plasmid_clusters_all_seqs.fasta	24400
plasmid_clusters_all_seqs.fasta	30960
plasmid_clusters_all_seqs.fasta	29360
plasmid_clusters_all_seqs.fasta	29440
plasmid_clusters_all_seqs.fasta	28960
plasmid_clusters_all_seqs.fasta	28880
plasmid_clusters_all_seqs.fasta	28720
plasmid_clusters_all_seqs.fasta	28800
plasmid_clusters_all_seqs.fasta	28400
plasmid_clusters_all_seqs.fasta	28880
plasmid_clusters_all_seqs.fasta	28880
plasmid_clusters_all_seqs.fasta	28800
plasmid_clusters_all_seqs.fasta	28240
plasmid_clusters_all_seqs.fasta	28880
plasmid_clusters_all_seqs.fasta	29040
plasmid_clusters_all_seqs.fasta	28720
plasmid_clusters_all_seqs.fasta	28880
plasmid_clusters_all_seqs.fasta	28880
plasmid_clusters_all_seqs.fasta	29120
plasmid_clusters_all_seqs.fasta	29760
plasmid_clusters_all_seqs.fasta	29760
plasmid_clusters_all_seqs.fasta	15920
plasmid_clusters_all_seqs.fasta	28880
plasmid_clusters_all_seqs.fasta	28880
plasmid_clusters_all_seqs.fasta	30160
plasmid_clusters_all_seqs.fasta	27680
plasmid_clusters_all_seqs.fasta	28880
plasmid_clusters_all_seqs.fasta	29040
plasmid_clusters_all_seqs.fasta	20000
plasmid_clusters_all_seqs.fasta	15840
plasmid_clusters_all_seqs.fasta	14400
plasmid_clusters_all_seqs.fasta	5120
plasmid_clusters_all_seqs.fasta	5120
plasmid_clusters_all_seqs.fasta	27760
plasmid_clusters_all_seqs.fasta	27680
plasmid_clusters_all_seqs.fasta	27280
plasmid_clusters_all_seqs.fasta	18960
plasmid_clusters_all_seqs.fasta	18800
plasmid_clusters_all_seqs.fasta	9360
plasmid_clusters_all_seqs.fasta	8640
plasmid_clusters_all_seqs.fasta	8640
plasmid_clusters_all_seqs.fasta	28880
plasmid_clusters_all_seqs.fasta	21280
plasmid_clusters_all_seqs.fasta	17040
plasmid_clusters_all_seqs.fasta	16800
plasmid_clusters_all_seqs.fasta	16960
plasmid_clusters_all_seqs.fasta	16800
plasmid_clusters_all_seqs.fasta	17040
plasmid_clusters_all_seqs.fasta	13360
plasmid_clusters_all_seqs.fasta	17040
plasmid_clusters_all_seqs.fasta	12320
plasmid_clusters_all_seqs.fasta	26480
plasmid_clusters_all_seqs.fasta	17920
plasmid_clusters_all_seqs.fasta	17600
plasmid_clusters_all_seqs.fasta	17920
plasmid_clusters_all_seqs.fasta	17920
plasmid_clusters_all_seqs.fasta	26480
plasmid_clusters_all_seqs.fasta	26480
plasmid_clusters_all_seqs.fasta	26480
plasmid_clusters_all_seqs.fasta	26480
plasmid_clusters_all_seqs.fasta	30240
plasmid_clusters_all_seqs.fasta	30240
plasmid_clusters_all_seqs.fasta	29840
plasmid_clusters_all_seqs.fasta	30560
plasmid_clusters_all_seqs.fasta	30560
plasmid_clusters_all_seqs.fasta	30640
plasmid_clusters_all_seqs.fasta	5120
plasmid_clusters_all_seqs.fasta	8480
plasmid_clusters_all_seqs.fasta	5280
plasmid_clusters_all_seqs.fasta	5760
plasmid_clusters_all_seqs.fasta	30640
plasmid_clusters_all_seqs.fasta	30640
plasmid_clusters_all_seqs.fasta	21120
plasmid_clusters_all_seqs.fasta	21120
plasmid_clusters_all_seqs.fasta	21120
plasmid_clusters_all_seqs.fasta	21120
plasmid_clusters_all_seqs.fasta	21120
plasmid_clusters_all_seqs.fasta	7440
plasmid_clusters_all_seqs.fasta	7360
plasmid_clusters_all_seqs.fasta	7680
plasmid_clusters_all_seqs.fasta	31360
plasmid_clusters_all_seqs.fasta	26480
plasmid_clusters_all_seqs.fasta	29920
plasmid_clusters_all_seqs.fasta	29760
plasmid_clusters_all_seqs.fasta	29680
plasmid_clusters_all_seqs.fasta	28880
plasmid_clusters_all_seqs.fasta	29920
plasmid_clusters_all_seqs.fasta	29920
plasmid_clusters_all_seqs.fasta	29920
plasmid_clusters_all_seqs.fasta	29920
plasmid_clusters_all_seqs.fasta	24400
plasmid_clusters_all_seqs.fasta	29920
plasmid_clusters_all_seqs.fasta	29680
plasmid_clusters_all_seqs.fasta	29840
plasmid_clusters_all_seqs.fasta	29840
plasmid_clusters_all_seqs.fasta	8000
plasmid_clusters_all_seqs.fasta	7920
plasmid_clusters_all_seqs.fasta	54080
plasmid_clusters_all_seqs.fasta	53120
plasmid_clusters_all_seqs.fasta	53840
plasmid_clusters_all_seqs.fasta	53920
plasmid_clusters_all_seqs.fasta	53840
plasmid_clusters_all_seqs.fasta	53840
plasmid_clusters_all_seqs.fasta	53840
plasmid_clusters_all_seqs.fasta	48160
plasmid_clusters_all_seqs.fasta	17840
plasmid_clusters_all_seqs.fasta	18000
plasmid_clusters_all_seqs.fasta	17600
plasmid_clusters_all_seqs.fasta	17840
plasmid_clusters_all_seqs.fasta	17520
plasmid_clusters_all_seqs.fasta	8400
plasmid_clusters_all_seqs.fasta	54880
plasmid_clusters_all_seqs.fasta	52880
plasmid_clusters_all_seqs.fasta	53760
plasmid_clusters_all_seqs.fasta	53760
plasmid_clusters_all_seqs.fasta	53760
plasmid_clusters_all_seqs.fasta	54800
plasmid_clusters_all_seqs.fasta	53760
plasmid_clusters_all_seqs.fasta	53760
plasmid_clusters_all_seqs.fasta	53680
plasmid_clusters_all_seqs.fasta	53680
plasmid_clusters_all_seqs.fasta	54880
plasmid_clusters_all_seqs.fasta	53840
plasmid_clusters_all_seqs.fasta	53760
plasmid_clusters_all_seqs.fasta	53600
plasmid_clusters_all_seqs.fasta	53920
plasmid_clusters_all_seqs.fasta	53760
plasmid_clusters_all_seqs.fasta	53760
plasmid_clusters_all_seqs.fasta	53520
plasmid_clusters_all_seqs.fasta	47280
plasmid_clusters_all_seqs.fasta	54080
plasmid_clusters_all_seqs.fasta	54000
plasmid_clusters_all_seqs.fasta	26640
plasmid_clusters_all_seqs.fasta	31120
plasmid_clusters_all_seqs.fasta	29680
plasmid_clusters_all_seqs.fasta	31040
plasmid_clusters_all_seqs.fasta	23520
plasmid_clusters_all_seqs.fasta	23600
plasmid_clusters_all_seqs.fasta	30640
plasmid_clusters_all_seqs.fasta	30960
plasmid_clusters_all_seqs.fasta	30800
plasmid_clusters_all_seqs.fasta	16160
plasmid_clusters_all_seqs.fasta	32800
plasmid_clusters_all_seqs.fasta	32720
plasmid_clusters_all_seqs.fasta	29760
plasmid_clusters_all_seqs.fasta	24080
plasmid_clusters_all_seqs.fasta	31680
plasmid_clusters_all_seqs.fasta	30720
plasmid_clusters_all_seqs.fasta	30960
plasmid_clusters_all_seqs.fasta	30720
plasmid_clusters_all_seqs.fasta	30880
plasmid_clusters_all_seqs.fasta	25840
plasmid_clusters_all_seqs.fasta	22560
plasmid_clusters_all_seqs.fasta	19280
plasmid_clusters_all_seqs.fasta	14960
plasmid_clusters_all_seqs.fasta	5920
plasmid_clusters_all_seqs.fasta	22400
plasmid_clusters_all_seqs.fasta	18720
plasmid_clusters_all_seqs.fasta	21760
plasmid_clusters_all_seqs.fasta	9360
plasmid_clusters_all_seqs.fasta	7760
plasmid_clusters_all_seqs.fasta	25120
plasmid_clusters_all_seqs.fasta	22640
plasmid_clusters_all_seqs.fasta	22560
plasmid_clusters_all_seqs.fasta	53840
plasmid_clusters_all_seqs.fasta	53680
plasmid_clusters_all_seqs.fasta	15520
plasmid_clusters_all_seqs.fasta	8800
plasmid_clusters_all_seqs.fasta	27280
plasmid_clusters_all_seqs.fasta	24800
plasmid_clusters_all_seqs.fasta	22720
plasmid_clusters_all_seqs.fasta	12960
plasmid_clusters_all_seqs.fasta	26640
plasmid_clusters_all_seqs.fasta	26640
plasmid_clusters_all_seqs.fasta	26640
plasmid_clusters_all_seqs.fasta	26640
plasmid_clusters_all_seqs.fasta	26560
plasmid_clusters_all_seqs.fasta	26560
plasmid_clusters_all_seqs.fasta	26640
plasmid_clusters_all_seqs.fasta	26640
plasmid_clusters_all_seqs.fasta	26640
plasmid_clusters_all_seqs.fasta	26560
plasmid_clusters_all_seqs.fasta	26560
plasmid_clusters_all_seqs.fasta	26640
plasmid_clusters_all_seqs.fasta	26640
plasmid_clusters_all_seqs.fasta	26640
plasmid_clusters_all_seqs.fasta	26640
plasmid_clusters_all_seqs.fasta	26560
plasmid_clusters_all_seqs.fasta	11680
plasmid_clusters_all_seqs.fasta	27840
plasmid_clusters_all_seqs.fasta	9520
plasmid_clusters_all_seqs.fasta	53840
plasmid_clusters_all_seqs.fasta	30240
plasmid_clusters_all_seqs.fasta	30160
plasmid_clusters_all_seqs.fasta	30480
plasmid_clusters_all_seqs.fasta	30320
plasmid_clusters_all_seqs.fasta	29920
plasmid_clusters_all_seqs.fasta	23680
plasmid_clusters_all_seqs.fasta	30240
plasmid_clusters_all_seqs.fasta	23680
plasmid_clusters_all_seqs.fasta	30240
plasmid_clusters_all_seqs.fasta	23840
plasmid_clusters_all_seqs.fasta	23520
plasmid_clusters_all_seqs.fasta	23680
plasmid_clusters_all_seqs.fasta	23600
plasmid_clusters_all_seqs.fasta	27840
plasmid_clusters_all_seqs.fasta	26640
plasmid_clusters_all_seqs.fasta	26560
plasmid_clusters_all_seqs.fasta	25120
plasmid_clusters_all_seqs.fasta	25120
plasmid_clusters_all_seqs.fasta	25120
plasmid_clusters_all_seqs.fasta	25120
plasmid_clusters_all_seqs.fasta	25120
plasmid_clusters_all_seqs.fasta	25120
plasmid_clusters_all_seqs.fasta	26560
plasmid_clusters_all_seqs.fasta	25120
plasmid_clusters_all_seqs.fasta	25120
plasmid_clusters_all_seqs.fasta	26640
plasmid_clusters_all_seqs.fasta	26640
plasmid_clusters_all_seqs.fasta	26560
plasmid_clusters_all_seqs.fasta	26560
plasmid_clusters_all_seqs.fasta	26560
plasmid_clusters_all_seqs.fasta	26560
plasmid_clusters_all_seqs.fasta	26560
plasmid_clusters_all_seqs.fasta	26480
plasmid_clusters_all_seqs.fasta	20240
plasmid_clusters_all_seqs.fasta	53840
plasmid_clusters_all_seqs.fasta	53760
plasmid_clusters_all_seqs.fasta	53760
plasmid_clusters_all_seqs.fasta	53840
plasmid_clusters_all_seqs.fasta	22000
plasmid_clusters_all_seqs.fasta	8480
plasmid_clusters_all_seqs.fasta	26480
plasmid_clusters_all_seqs.fasta	26480
plasmid_clusters_all_seqs.fasta	25680
plasmid_clusters_all_seqs.fasta	30080
plasmid_clusters_all_seqs.fasta	29920
plasmid_clusters_all_seqs.fasta	25200
plasmid_clusters_all_seqs.fasta	30160
plasmid_clusters_all_seqs.fasta	5360
plasmid_clusters_all_seqs.fasta	6560
plasmid_clusters_all_seqs.fasta	9440
plasmid_clusters_all_seqs.fasta	29520
plasmid_clusters_all_seqs.fasta	28960
plasmid_clusters_all_seqs.fasta	6560
plasmid_clusters_all_seqs.fasta	30800
plasmid_clusters_all_seqs.fasta	7360
plasmid_clusters_all_seqs.fasta	7120
plasmid_clusters_all_seqs.fasta	8000
plasmid_clusters_all_seqs.fasta	4960
plasmid_clusters_all_seqs.fasta	6400
plasmid_clusters_all_seqs.fasta	8720
plasmid_clusters_all_seqs.fasta	7760
plasmid_clusters_all_seqs.fasta	8000
plasmid_clusters_all_seqs.fasta	7680
plasmid_clusters_all_seqs.fasta	9440
plasmid_clusters_all_seqs.fasta	30640
plasmid_clusters_all_seqs.fasta	5040
plasmid_clusters_all_seqs.fasta	5920
plasmid_clusters_all_seqs.fasta	5040
plasmid_clusters_all_seqs.fasta	28720
plasmid_clusters_all_seqs.fasta	21760
plasmid_clusters_all_seqs.fasta	39120
plasmid_clusters_all_seqs.fasta	6560
plasmid_clusters_all_seqs.fasta	5440
plasmid_clusters_all_seqs.fasta	6080
plasmid_clusters_all_seqs.fasta	5120
plasmid_clusters_all_seqs.fasta	12640
plasmid_clusters_all_seqs.fasta	10400
plasmid_clusters_all_seqs.fasta	12640
plasmid_clusters_all_seqs.fasta	10320
plasmid_clusters_all_seqs.fasta	26560
plasmid_clusters_all_seqs.fasta	12000
plasmid_clusters_all_seqs.fasta	25200
plasmid_clusters_all_seqs.fasta	27360
plasmid_clusters_all_seqs.fasta	26640
plasmid_clusters_all_seqs.fasta	27280
plasmid_clusters_all_seqs.fasta	14320
plasmid_clusters_all_seqs.fasta	30880
plasmid_clusters_all_seqs.fasta	61040
plasmid_clusters_all_seqs.fasta	5600
plasmid_clusters_all_seqs.fasta	7680
plasmid_clusters_all_seqs.fasta	8160
plasmid_clusters_all_seqs.fasta	7040
plasmid_clusters_all_seqs.fasta	6640
plasmid_clusters_all_seqs.fasta	7520
plasmid_clusters_all_seqs.fasta	30240
plasmid_clusters_all_seqs.fasta	7440
plasmid_clusters_all_seqs.fasta	30720
plasmid_clusters_all_seqs.fasta	53840
plasmid_clusters_all_seqs.fasta	53520
plasmid_clusters_all_seqs.fasta	53840
plasmid_clusters_all_seqs.fasta	53600
plasmid_clusters_all_seqs.fasta	60560
plasmid_clusters_all_seqs.fasta	9200
plasmid_clusters_all_seqs.fasta	29680
plasmid_clusters_all_seqs.fasta	30000
plasmid_clusters_all_seqs.fasta	32560
plasmid_clusters_all_seqs.fasta	27120
plasmid_clusters_all_seqs.fasta	28240
plasmid_clusters_all_seqs.fasta	19680
plasmid_clusters_all_seqs.fasta	90000
plasmid_clusters_all_seqs.fasta	5120
plasmid_clusters_all_seqs.fasta	5280
plasmid_clusters_all_seqs.fasta	5120
plasmid_clusters_all_seqs.fasta	6240
plasmid_clusters_all_seqs.fasta	6720
plasmid_clusters_all_seqs.fasta	7920
plasmid_clusters_all_seqs.fasta	5200
plasmid_clusters_all_seqs.fasta	4960
plasmid_clusters_all_seqs.fasta	5200
plasmid_clusters_all_seqs.fasta	28800
plasmid_clusters_all_seqs.fasta	30960
plasmid_clusters_all_seqs.fasta	6800
plasmid_clusters_all_seqs.fasta	29680
plasmid_clusters_all_seqs.fasta	29040
plasmid_clusters_all_seqs.fasta	28160
plasmid_clusters_all_seqs.fasta	20080
plasmid_clusters_all_seqs.fasta	27920
plasmid_clusters_all_seqs.fasta	25280
plasmid_clusters_all_seqs.fasta	19280
plasmid_clusters_all_seqs.fasta	28160
plasmid_clusters_all_seqs.fasta	59760
plasmid_clusters_all_seqs.fasta	7840
plasmid_clusters_all_seqs.fasta	7040
plasmid_clusters_all_seqs.fasta	7200
plasmid_clusters_all_seqs.fasta	7200
plasmid_clusters_all_seqs.fasta	6240
plasmid_clusters_all_seqs.fasta	6880
plasmid_clusters_all_seqs.fasta	7760
plasmid_clusters_all_seqs.fasta	6960
plasmid_clusters_all_seqs.fasta	6720
plasmid_clusters_all_seqs.fasta	6800
plasmid_clusters_all_seqs.fasta	6960
plasmid_clusters_all_seqs.fasta	6080
plasmid_clusters_all_seqs.fasta	30320
plasmid_clusters_all_seqs.fasta	10480
plasmid_clusters_all_seqs.fasta	26160
plasmid_clusters_all_seqs.fasta	29920
plasmid_clusters_all_seqs.fasta	22400
plasmid_clusters_all_seqs.fasta	36880
plasmid_clusters_all_seqs.fasta	22640
plasmid_clusters_all_seqs.fasta	38960
plasmid_clusters_all_seqs.fasta	7360
plasmid_clusters_all_seqs.fasta	7760
plasmid_clusters_all_seqs.fasta	6160
plasmid_clusters_all_seqs.fasta	6080
plasmid_clusters_all_seqs.fasta	7360
plasmid_clusters_all_seqs.fasta	6080
plasmid_clusters_all_seqs.fasta	6560
plasmid_clusters_all_seqs.fasta	6480
plasmid_clusters_all_seqs.fasta	12240
plasmid_clusters_all_seqs.fasta	22240
plasmid_clusters_all_seqs.fasta	15280
plasmid_clusters_all_seqs.fasta	15120
plasmid_clusters_all_seqs.fasta	91040
plasmid_clusters_all_seqs.fasta	5200
plasmid_clusters_all_seqs.fasta	6560
plasmid_clusters_all_seqs.fasta	5360
plasmid_clusters_all_seqs.fasta	9200
plasmid_clusters_all_seqs.fasta	4960
plasmid_clusters_all_seqs.fasta	8160
plasmid_clusters_all_seqs.fasta	5920
plasmid_clusters_all_seqs.fasta	7840
plasmid_clusters_all_seqs.fasta	29920
plasmid_clusters_all_seqs.fasta	29920
plasmid_clusters_all_seqs.fasta	31360
plasmid_clusters_all_seqs.fasta	5040
plasmid_clusters_all_seqs.fasta	5040
plasmid_clusters_all_seqs.fasta	31360
plasmid_clusters_all_seqs.fasta	29520
plasmid_clusters_all_seqs.fasta	25760
plasmid_clusters_all_seqs.fasta	26480
plasmid_clusters_all_seqs.fasta	14400
plasmid_clusters_all_seqs.fasta	88000
plasmid_clusters_all_seqs.fasta	27680
plasmid_clusters_all_seqs.fasta	27680
plasmid_clusters_all_seqs.fasta	27680
plasmid_clusters_all_seqs.fasta	36960
plasmid_clusters_all_seqs.fasta	13760
plasmid_clusters_all_seqs.fasta	34480
plasmid_clusters_all_seqs.fasta	22080
plasmid_clusters_all_seqs.fasta	36880
plasmid_clusters_all_seqs.fasta	36800
plasmid_clusters_all_seqs.fasta	36080
plasmid_clusters_all_seqs.fasta	36640
plasmid_clusters_all_seqs.fasta	36800
plasmid_clusters_all_seqs.fasta	36720
plasmid_clusters_all_seqs.fasta	36640
plasmid_clusters_all_seqs.fasta	36880
plasmid_clusters_all_seqs.fasta	36880
plasmid_clusters_all_seqs.fasta	36880
plasmid_clusters_all_seqs.fasta	36880
plasmid_clusters_all_seqs.fasta	36880
plasmid_clusters_all_seqs.fasta	36880
plasmid_clusters_all_seqs.fasta	36800
plasmid_clusters_all_seqs.fasta	36960
plasmid_clusters_all_seqs.fasta	8480
plasmid_clusters_all_seqs.fasta	27360
plasmid_clusters_all_seqs.fasta	30320
plasmid_clusters_all_seqs.fasta	6720
plasmid_clusters_all_seqs.fasta	110640
plasmid_clusters_all_seqs.fasta	5920
plasmid_clusters_all_seqs.fasta	7280
plasmid_clusters_all_seqs.fasta	7040
plasmid_clusters_all_seqs.fasta	5280
plasmid_clusters_all_seqs.fasta	5040
plasmid_clusters_all_seqs.fasta	7280
plasmid_clusters_all_seqs.fasta	6560
plasmid_clusters_all_seqs.fasta	12480
plasmid_clusters_all_seqs.fasta	5280
plasmid_clusters_all_seqs.fasta	6080
plasmid_clusters_all_seqs.fasta	5360
plasmid_clusters_all_seqs.fasta	12000
plasmid_clusters_all_seqs.fasta	5280
plasmid_clusters_all_seqs.fasta	6720
plasmid_clusters_all_seqs.fasta	6880
plasmid_clusters_all_seqs.fasta	11360
plasmid_clusters_all_seqs.fasta	7360
plasmid_clusters_all_seqs.fasta	5520
plasmid_clusters_all_seqs.fasta	5120
plasmid_clusters_all_seqs.fasta	7360
plasmid_clusters_all_seqs.fasta	6960
plasmid_clusters_all_seqs.fasta	5040
plasmid_clusters_all_seqs.fasta	12000
plasmid_clusters_all_seqs.fasta	5280
plasmid_clusters_all_seqs.fasta	12000
plasmid_clusters_all_seqs.fasta	5280
plasmid_clusters_all_seqs.fasta	5840
plasmid_clusters_all_seqs.fasta	7280
plasmid_clusters_all_seqs.fasta	6640
plasmid_clusters_all_seqs.fasta	30960
plasmid_clusters_all_seqs.fasta	31120
plasmid_clusters_all_seqs.fasta	31120
plasmid_clusters_all_seqs.fasta	30960
plasmid_clusters_all_seqs.fasta	30960
plasmid_clusters_all_seqs.fasta	30960
plasmid_clusters_all_seqs.fasta	9120
plasmid_clusters_all_seqs.fasta	7040
plasmid_clusters_all_seqs.fasta	6400
plasmid_clusters_all_seqs.fasta	5440
plasmid_clusters_all_seqs.fasta	11440
plasmid_clusters_all_seqs.fasta	51840
plasmid_clusters_all_seqs.fasta	28080
plasmid_clusters_all_seqs.fasta	28000
plasmid_clusters_all_seqs.fasta	27040
plasmid_clusters_all_seqs.fasta	27040
plasmid_clusters_all_seqs.fasta	32320
plasmid_clusters_all_seqs.fasta	32080
plasmid_clusters_all_seqs.fasta	31920
plasmid_clusters_all_seqs.fasta	17600
plasmid_clusters_all_seqs.fasta	24960
plasmid_clusters_all_seqs.fasta	27040
plasmid_clusters_all_seqs.fasta	31360
plasmid_clusters_all_seqs.fasta	22480
plasmid_clusters_all_seqs.fasta	57120
plasmid_clusters_all_seqs.fasta	55680
plasmid_clusters_all_seqs.fasta	55600
plasmid_clusters_all_seqs.fasta	9360
plasmid_clusters_all_seqs.fasta	20800
plasmid_clusters_all_seqs.fasta	23360
plasmid_clusters_all_seqs.fasta	17280
plasmid_clusters_all_seqs.fasta	24560
plasmid_clusters_all_seqs.fasta	27040
plasmid_clusters_all_seqs.fasta	26960
plasmid_clusters_all_seqs.fasta	27040
plasmid_clusters_all_seqs.fasta	26960
plasmid_clusters_all_seqs.fasta	27040
plasmid_clusters_all_seqs.fasta	27040
plasmid_clusters_all_seqs.fasta	41680
plasmid_clusters_all_seqs.fasta	41600
plasmid_clusters_all_seqs.fasta	41600
plasmid_clusters_all_seqs.fasta	41520
plasmid_clusters_all_seqs.fasta	41600
plasmid_clusters_all_seqs.fasta	35440
plasmid_clusters_all_seqs.fasta	35440
plasmid_clusters_all_seqs.fasta	35440
plasmid_clusters_all_seqs.fasta	35440
plasmid_clusters_all_seqs.fasta	35360
plasmid_clusters_all_seqs.fasta	58080
plasmid_clusters_all_seqs.fasta	56960
plasmid_clusters_all_seqs.fasta	58080
plasmid_clusters_all_seqs.fasta	57040
plasmid_clusters_all_seqs.fasta	57920
plasmid_clusters_all_seqs.fasta	56880
plasmid_clusters_all_seqs.fasta	22800
plasmid_clusters_all_seqs.fasta	22000
plasmid_clusters_all_seqs.fasta	21920
plasmid_clusters_all_seqs.fasta	21920
plasmid_clusters_all_seqs.fasta	22000
plasmid_clusters_all_seqs.fasta	22000
plasmid_clusters_all_seqs.fasta	23520
plasmid_clusters_all_seqs.fasta	17840
plasmid_clusters_all_seqs.fasta	16880
plasmid_clusters_all_seqs.fasta	17040
plasmid_clusters_all_seqs.fasta	17040
plasmid_clusters_all_seqs.fasta	16480
plasmid_clusters_all_seqs.fasta	23840
plasmid_clusters_all_seqs.fasta	22800
plasmid_clusters_all_seqs.fasta	37120
plasmid_clusters_all_seqs.fasta	64000
plasmid_clusters_all_seqs.fasta	27440
plasmid_clusters_all_seqs.fasta	31440
plasmid_clusters_all_seqs.fasta	24480
plasmid_clusters_all_seqs.fasta	22880
plasmid_clusters_all_seqs.fasta	22800
plasmid_clusters_all_seqs.fasta	8880
plasmid_clusters_all_seqs.fasta	5600
plasmid_clusters_all_seqs.fasta	26480
plasmid_clusters_all_seqs.fasta	85120
plasmid_clusters_all_seqs.fasta	36160
plasmid_clusters_all_seqs.fasta	49200
plasmid_clusters_all_seqs.fasta	59920
plasmid_clusters_all_seqs.fasta	57840
plasmid_clusters_all_seqs.fasta	55200
plasmid_clusters_all_seqs.fasta	57120
plasmid_clusters_all_seqs.fasta	37040
plasmid_clusters_all_seqs.fasta	36960
plasmid_clusters_all_seqs.fasta	36960
plasmid_clusters_all_seqs.fasta	20880
plasmid_clusters_all_seqs.fasta	20800
plasmid_clusters_all_seqs.fasta	20880
plasmid_clusters_all_seqs.fasta	20880
plasmid_clusters_all_seqs.fasta	20720
plasmid_clusters_all_seqs.fasta	18400
plasmid_clusters_all_seqs.fasta	27040
plasmid_clusters_all_seqs.fasta	27040
plasmid_clusters_all_seqs.fasta	27040
plasmid_clusters_all_seqs.fasta	26480
plasmid_clusters_all_seqs.fasta	57520
plasmid_clusters_all_seqs.fasta	57440
plasmid_clusters_all_seqs.fasta	57440
plasmid_clusters_all_seqs.fasta	50720
plasmid_clusters_all_seqs.fasta	60880
plasmid_clusters_all_seqs.fasta	30160
plasmid_clusters_all_seqs.fasta	4960
plasmid_clusters_all_seqs.fasta	5360
plasmid_clusters_all_seqs.fasta	5280
plasmid_clusters_all_seqs.fasta	8320
plasmid_clusters_all_seqs.fasta	4960
plasmid_clusters_all_seqs.fasta	5280
plasmid_clusters_all_seqs.fasta	12640
plasmid_clusters_all_seqs.fasta	30160
plasmid_clusters_all_seqs.fasta	30400
plasmid_clusters_all_seqs.fasta	25760
plasmid_clusters_all_seqs.fasta	8480
plasmid_clusters_all_seqs.fasta	30160
plasmid_clusters_all_seqs.fasta	30160
plasmid_clusters_all_seqs.fasta	58400
plasmid_clusters_all_seqs.fasta	53600
plasmid_clusters_all_seqs.fasta	53600
plasmid_clusters_all_seqs.fasta	53600
plasmid_clusters_all_seqs.fasta	53600
plasmid_clusters_all_seqs.fasta	53440
plasmid_clusters_all_seqs.fasta	53600
plasmid_clusters_all_seqs.fasta	53600
plasmid_clusters_all_seqs.fasta	53600
plasmid_clusters_all_seqs.fasta	53840
plasmid_clusters_all_seqs.fasta	54080
plasmid_clusters_all_seqs.fasta	54080
plasmid_clusters_all_seqs.fasta	53920
plasmid_clusters_all_seqs.fasta	54240
plasmid_clusters_all_seqs.fasta	53760
plasmid_clusters_all_seqs.fasta	53680
plasmid_clusters_all_seqs.fasta	53840
plasmid_clusters_all_seqs.fasta	54000
plasmid_clusters_all_seqs.fasta	53840
plasmid_clusters_all_seqs.fasta	53840
plasmid_clusters_all_seqs.fasta	53920
plasmid_clusters_all_seqs.fasta	53840
plasmid_clusters_all_seqs.fasta	54800
plasmid_clusters_all_seqs.fasta	54640
plasmid_clusters_all_seqs.fasta	53600
plasmid_clusters_all_seqs.fasta	53600
plasmid_clusters_all_seqs.fasta	49360
plasmid_clusters_all_seqs.fasta	53760
plasmid_clusters_all_seqs.fasta	47200
plasmid_clusters_all_seqs.fasta	53520
plasmid_clusters_all_seqs.fasta	53200
plasmid_clusters_all_seqs.fasta	47200
plasmid_clusters_all_seqs.fasta	88480
plasmid_clusters_all_seqs.fasta	30640
plasmid_clusters_all_seqs.fasta	52960
plasmid_clusters_all_seqs.fasta	52960
plasmid_clusters_all_seqs.fasta	52960
plasmid_clusters_all_seqs.fasta	30640
plasmid_clusters_all_seqs.fasta	52880
plasmid_clusters_all_seqs.fasta	5280
plasmid_clusters_all_seqs.fasta	6080
plasmid_clusters_all_seqs.fasta	5040
plasmid_clusters_all_seqs.fasta	5520
plasmid_clusters_all_seqs.fasta	5360
plasmid_clusters_all_seqs.fasta	5600
plasmid_clusters_all_seqs.fasta	5520
plasmid_clusters_all_seqs.fasta	7200
plasmid_clusters_all_seqs.fasta	6240
plasmid_clusters_all_seqs.fasta	5280
plasmid_clusters_all_seqs.fasta	5520
plasmid_clusters_all_seqs.fasta	6240
plasmid_clusters_all_seqs.fasta	5520
plasmid_clusters_all_seqs.fasta	52640
plasmid_clusters_all_seqs.fasta	30640
plasmid_clusters_all_seqs.fasta	7680
plasmid_clusters_all_seqs.fasta	30640
plasmid_clusters_all_seqs.fasta	53040
plasmid_clusters_all_seqs.fasta	53120
plasmid_clusters_all_seqs.fasta	17280
plasmid_clusters_all_seqs.fasta	16800
plasmid_clusters_all_seqs.fasta	16800
plasmid_clusters_all_seqs.fasta	16800
plasmid_clusters_all_seqs.fasta	16800
plasmid_clusters_all_seqs.fasta	16800
plasmid_clusters_all_seqs.fasta	16880
plasmid_clusters_all_seqs.fasta	16880
plasmid_clusters_all_seqs.fasta	16880
plasmid_clusters_all_seqs.fasta	16880
plasmid_clusters_all_seqs.fasta	9360
plasmid_clusters_all_seqs.fasta	32640
plasmid_clusters_all_seqs.fasta	29280
plasmid_clusters_all_seqs.fasta	26240
plasmid_clusters_all_seqs.fasta	19840
plasmid_clusters_all_seqs.fasta	29440
plasmid_clusters_all_seqs.fasta	30240
plasmid_clusters_all_seqs.fasta	24640
plasmid_clusters_all_seqs.fasta	30640
plasmid_clusters_all_seqs.fasta	30640
plasmid_clusters_all_seqs.fasta	6800
plasmid_clusters_all_seqs.fasta	30000
plasmid_clusters_all_seqs.fasta	27840
plasmid_clusters_all_seqs.fasta	27840
plasmid_clusters_all_seqs.fasta	28160
plasmid_clusters_all_seqs.fasta	28160
plasmid_clusters_all_seqs.fasta	28160
plasmid_clusters_all_seqs.fasta	28080
plasmid_clusters_all_seqs.fasta	28160
plasmid_clusters_all_seqs.fasta	28160
plasmid_clusters_all_seqs.fasta	30560
plasmid_clusters_all_seqs.fasta	30400
plasmid_clusters_all_seqs.fasta	13440
plasmid_clusters_all_seqs.fasta	30560
plasmid_clusters_all_seqs.fasta	53680
plasmid_clusters_all_seqs.fasta	53680
plasmid_clusters_all_seqs.fasta	53680
plasmid_clusters_all_seqs.fasta	30560
plasmid_clusters_all_seqs.fasta	12240
plasmid_clusters_all_seqs.fasta	30560
plasmid_clusters_all_seqs.fasta	30560
plasmid_clusters_all_seqs.fasta	31200
plasmid_clusters_all_seqs.fasta	31200
plasmid_clusters_all_seqs.fasta	31200
plasmid_clusters_all_seqs.fasta	62160
plasmid_clusters_all_seqs.fasta	30240
plasmid_clusters_all_seqs.fasta	30240
plasmid_clusters_all_seqs.fasta	30240
plasmid_clusters_all_seqs.fasta	30240
plasmid_clusters_all_seqs.fasta	5760
plasmid_clusters_all_seqs.fasta	5120
plasmid_clusters_all_seqs.fasta	30240
plasmid_clusters_all_seqs.fasta	30400
plasmid_clusters_all_seqs.fasta	30240
plasmid_clusters_all_seqs.fasta	60880
plasmid_clusters_all_seqs.fasta	61360
plasmid_clusters_all_seqs.fasta	28080
plasmid_clusters_all_seqs.fasta	30720
plasmid_clusters_all_seqs.fasta	30640
plasmid_clusters_all_seqs.fasta	56560
plasmid_clusters_all_seqs.fasta	4960
plasmid_clusters_all_seqs.fasta	5200
plasmid_clusters_all_seqs.fasta	7360
plasmid_clusters_all_seqs.fasta	5040
plasmid_clusters_all_seqs.fasta	6960
plasmid_clusters_all_seqs.fasta	7360
plasmid_clusters_all_seqs.fasta	5440
plasmid_clusters_all_seqs.fasta	30640
plasmid_clusters_all_seqs.fasta	6080
plasmid_clusters_all_seqs.fasta	26480
plasmid_clusters_all_seqs.fasta	29840
plasmid_clusters_all_seqs.fasta	29840
plasmid_clusters_all_seqs.fasta	29840
plasmid_clusters_all_seqs.fasta	30160
plasmid_clusters_all_seqs.fasta	30160
plasmid_clusters_all_seqs.fasta	30160
plasmid_clusters_all_seqs.fasta	9440
plasmid_clusters_all_seqs.fasta	30160
plasmid_clusters_all_seqs.fasta	5600
plasmid_clusters_all_seqs.fasta	7120
plasmid_clusters_all_seqs.fasta	5440
plasmid_clusters_all_seqs.fasta	5840
plasmid_clusters_all_seqs.fasta	5360
plasmid_clusters_all_seqs.fasta	5600
plasmid_clusters_all_seqs.fasta	5200
plasmid_clusters_all_seqs.fasta	30160
plasmid_clusters_all_seqs.fasta	30160
plasmid_clusters_all_seqs.fasta	30560
plasmid_clusters_all_seqs.fasta	9840
plasmid_clusters_all_seqs.fasta	30560
plasmid_clusters_all_seqs.fasta	10880
plasmid_clusters_all_seqs.fasta	10000
plasmid_clusters_all_seqs.fasta	18320
plasmid_clusters_all_seqs.fasta	18320
plasmid_clusters_all_seqs.fasta	18320
plasmid_clusters_all_seqs.fasta	30000
plasmid_clusters_all_seqs.fasta	30000
plasmid_clusters_all_seqs.fasta	30000
plasmid_clusters_all_seqs.fasta	30000
plasmid_clusters_all_seqs.fasta	30000
plasmid_clusters_all_seqs.fasta	30000
plasmid_clusters_all_seqs.fasta	15520
plasmid_clusters_all_seqs.fasta	15440
plasmid_clusters_all_seqs.fasta	27600
plasmid_clusters_all_seqs.fasta	27600
plasmid_clusters_all_seqs.fasta	27520
plasmid_clusters_all_seqs.fasta	23040
plasmid_clusters_all_seqs.fasta	18720
plasmid_clusters_all_seqs.fasta	14560
plasmid_clusters_all_seqs.fasta	22480
plasmid_clusters_all_seqs.fasta	38880
plasmid_clusters_all_seqs.fasta	5360
plasmid_clusters_all_seqs.fasta	5440
plasmid_clusters_all_seqs.fasta	38880
plasmid_clusters_all_seqs.fasta	38800
plasmid_clusters_all_seqs.fasta	12320
plasmid_clusters_all_seqs.fasta	8320
plasmid_clusters_all_seqs.fasta	7760
plasmid_clusters_all_seqs.fasta	21200
plasmid_clusters_all_seqs.fasta	21200
plasmid_clusters_all_seqs.fasta	22240
plasmid_clusters_all_seqs.fasta	27680
plasmid_clusters_all_seqs.fasta	7920
plasmid_clusters_all_seqs.fasta	27200
plasmid_clusters_all_seqs.fasta	27680
plasmid_clusters_all_seqs.fasta	18400
plasmid_clusters_all_seqs.fasta	16240
plasmid_clusters_all_seqs.fasta	16080
plasmid_clusters_all_seqs.fasta	22240
plasmid_clusters_all_seqs.fasta	36240
plasmid_clusters_all_seqs.fasta	35680
plasmid_clusters_all_seqs.fasta	10160
plasmid_clusters_all_seqs.fasta	58640
plasmid_clusters_all_seqs.fasta	30720
plasmid_clusters_all_seqs.fasta	30720
plasmid_clusters_all_seqs.fasta	29760
plasmid_clusters_all_seqs.fasta	29760
plasmid_clusters_all_seqs.fasta	30800
plasmid_clusters_all_seqs.fasta	30800
plasmid_clusters_all_seqs.fasta	30800
plasmid_clusters_all_seqs.fasta	30880
plasmid_clusters_all_seqs.fasta	30880
plasmid_clusters_all_seqs.fasta	30880
plasmid_clusters_all_seqs.fasta	7680
plasmid_clusters_all_seqs.fasta	38800
plasmid_clusters_all_seqs.fasta	38800
plasmid_clusters_all_seqs.fasta	38800
plasmid_clusters_all_seqs.fasta	7600
plasmid_clusters_all_seqs.fasta	38560
plasmid_clusters_all_seqs.fasta	38800
plasmid_clusters_all_seqs.fasta	38800
plasmid_clusters_all_seqs.fasta	30320
plasmid_clusters_all_seqs.fasta	29760
plasmid_clusters_all_seqs.fasta	48160
plasmid_clusters_all_seqs.fasta	23360
plasmid_clusters_all_seqs.fasta	16240
plasmid_clusters_all_seqs.fasta	28400
plasmid_clusters_all_seqs.fasta	28880
plasmid_clusters_all_seqs.fasta	28880
plasmid_clusters_all_seqs.fasta	24720
plasmid_clusters_all_seqs.fasta	28480
plasmid_clusters_all_seqs.fasta	24640
plasmid_clusters_all_seqs.fasta	30000
plasmid_clusters_all_seqs.fasta	6800
plasmid_clusters_all_seqs.fasta	32320
plasmid_clusters_all_seqs.fasta	30160
plasmid_clusters_all_seqs.fasta	34240
plasmid_clusters_all_seqs.fasta	33840
plasmid_clusters_all_seqs.fasta	59760
plasmid_clusters_all_seqs.fasta	22880
plasmid_clusters_all_seqs.fasta	22400
plasmid_clusters_all_seqs.fasta	25120
plasmid_clusters_all_seqs.fasta	26480
plasmid_clusters_all_seqs.fasta	26480
plasmid_clusters_all_seqs.fasta	15840
plasmid_clusters_all_seqs.fasta	10240
plasmid_clusters_all_seqs.fasta	15840
plasmid_clusters_all_seqs.fasta	29600
plasmid_clusters_all_seqs.fasta	5360
plasmid_clusters_all_seqs.fasta	29600
plasmid_clusters_all_seqs.fasta	17440
plasmid_clusters_all_seqs.fasta	5520
plasmid_clusters_all_seqs.fasta	30640
plasmid_clusters_all_seqs.fasta	9520
plasmid_clusters_all_seqs.fasta	8080
plasmid_clusters_all_seqs.fasta	8000
plasmid_clusters_all_seqs.fasta	6240
plasmid_clusters_all_seqs.fasta	7760
plasmid_clusters_all_seqs.fasta	7680
plasmid_clusters_all_seqs.fasta	7760
plasmid_clusters_all_seqs.fasta	6320
plasmid_clusters_all_seqs.fasta	7760
plasmid_clusters_all_seqs.fasta	5280
plasmid_clusters_all_seqs.fasta	6000
plasmid_clusters_all_seqs.fasta	6160
plasmid_clusters_all_seqs.fasta	10080
plasmid_clusters_all_seqs.fasta	30640
plasmid_clusters_all_seqs.fasta	20640
plasmid_clusters_all_seqs.fasta	17600
plasmid_clusters_all_seqs.fasta	17680
plasmid_clusters_all_seqs.fasta	17680
plasmid_clusters_all_seqs.fasta	20480
plasmid_clusters_all_seqs.fasta	17760
plasmid_clusters_all_seqs.fasta	17680
plasmid_clusters_all_seqs.fasta	17680
plasmid_clusters_all_seqs.fasta	20640
plasmid_clusters_all_seqs.fasta	20400
plasmid_clusters_all_seqs.fasta	20560
plasmid_clusters_all_seqs.fasta	17760
plasmid_clusters_all_seqs.fasta	17680
plasmid_clusters_all_seqs.fasta	17760
plasmid_clusters_all_seqs.fasta	17680
plasmid_clusters_all_seqs.fasta	17600
plasmid_clusters_all_seqs.fasta	37840
plasmid_clusters_all_seqs.fasta	10240
plasmid_clusters_all_seqs.fasta	5280
plasmid_clusters_all_seqs.fasta	5280
plasmid_clusters_all_seqs.fasta	5360
plasmid_clusters_all_seqs.fasta	5280
plasmid_clusters_all_seqs.fasta	5440
plasmid_clusters_all_seqs.fasta	5440
plasmid_clusters_all_seqs.fasta	6000
plasmid_clusters_all_seqs.fasta	37840
plasmid_clusters_all_seqs.fasta	15120
plasmid_clusters_all_seqs.fasta	26480
plasmid_clusters_all_seqs.fasta	26480
plasmid_clusters_all_seqs.fasta	25680
plasmid_clusters_all_seqs.fasta	26480
plasmid_clusters_all_seqs.fasta	26480
plasmid_clusters_all_seqs.fasta	60720
plasmid_clusters_all_seqs.fasta	5040
plasmid_clusters_all_seqs.fasta	5760
plasmid_clusters_all_seqs.fasta	5200
plasmid_clusters_all_seqs.fasta	5040
plasmid_clusters_all_seqs.fasta	30240
plasmid_clusters_all_seqs.fasta	5680
plasmid_clusters_all_seqs.fasta	6800
plasmid_clusters_all_seqs.fasta	29840
plasmid_clusters_all_seqs.fasta	30000
plasmid_clusters_all_seqs.fasta	30800
plasmid_clusters_all_seqs.fasta	28080
plasmid_clusters_all_seqs.fasta	31040
plasmid_clusters_all_seqs.fasta	29680
plasmid_clusters_all_seqs.fasta	30640
plasmid_clusters_all_seqs.fasta	24320
plasmid_clusters_all_seqs.fasta	30080
plasmid_clusters_all_seqs.fasta	27520
plasmid_clusters_all_seqs.fasta	27280
plasmid_clusters_all_seqs.fasta	27040
plasmid_clusters_all_seqs.fasta	27360
plasmid_clusters_all_seqs.fasta	24560
plasmid_clusters_all_seqs.fasta	22800
plasmid_clusters_all_seqs.fasta	27520
plasmid_clusters_all_seqs.fasta	15360
plasmid_clusters_all_seqs.fasta	26480
plasmid_clusters_all_seqs.fasta	14880
plasmid_clusters_all_seqs.fasta	7840
plasmid_clusters_all_seqs.fasta	14880
plasmid_clusters_all_seqs.fasta	30400
plasmid_clusters_all_seqs.fasta	6480
plasmid_clusters_all_seqs.fasta	30400
plasmid_clusters_all_seqs.fasta	5280
plasmid_clusters_all_seqs.fasta	30640
plasmid_clusters_all_seqs.fasta	5440
plasmid_clusters_all_seqs.fasta	30240
plasmid_clusters_all_seqs.fasta	8800
plasmid_clusters_all_seqs.fasta	8640
plasmid_clusters_all_seqs.fasta	30240
plasmid_clusters_all_seqs.fasta	8560
plasmid_clusters_all_seqs.fasta	5520
plasmid_clusters_all_seqs.fasta	5200
plasmid_clusters_all_seqs.fasta	8160
plasmid_clusters_all_seqs.fasta	5600
plasmid_clusters_all_seqs.fasta	9600
plasmid_clusters_all_seqs.fasta	8560
plasmid_clusters_all_seqs.fasta	9280
plasmid_clusters_all_seqs.fasta	30240
plasmid_clusters_all_seqs.fasta	30240
plasmid_clusters_all_seqs.fasta	30240
plasmid_clusters_all_seqs.fasta	30240
plasmid_clusters_all_seqs.fasta	30240
plasmid_clusters_all_seqs.fasta	30240
plasmid_clusters_all_seqs.fasta	21280
plasmid_clusters_all_seqs.fasta	21280
plasmid_clusters_all_seqs.fasta	30880
plasmid_clusters_all_seqs.fasta	24080
plasmid_clusters_all_seqs.fasta	5840
plasmid_clusters_all_seqs.fasta	24400
plasmid_clusters_all_seqs.fasta	53840
plasmid_clusters_all_seqs.fasta	53760
plasmid_clusters_all_seqs.fasta	35440
plasmid_clusters_all_seqs.fasta	31840
plasmid_clusters_all_seqs.fasta	31760
plasmid_clusters_all_seqs.fasta	29120
plasmid_clusters_all_seqs.fasta	29040
plasmid_clusters_all_seqs.fasta	13920
plasmid_clusters_all_seqs.fasta	10960
plasmid_clusters_all_seqs.fasta	33040
plasmid_clusters_all_seqs.fasta	55760
plasmid_clusters_all_seqs.fasta	27200
plasmid_clusters_all_seqs.fasta	26480
plasmid_clusters_all_seqs.fasta	27120
plasmid_clusters_all_seqs.fasta	19920
plasmid_clusters_all_seqs.fasta	29360
plasmid_clusters_all_seqs.fasta	28320
plasmid_clusters_all_seqs.fasta	27440
plasmid_clusters_all_seqs.fasta	27760
plasmid_clusters_all_seqs.fasta	21120
plasmid_clusters_all_seqs.fasta	47040
plasmid_clusters_all_seqs.fasta	17600
plasmid_clusters_all_seqs.fasta	18000
plasmid_clusters_all_seqs.fasta	18400
plasmid_clusters_all_seqs.fasta	18000
plasmid_clusters_all_seqs.fasta	14400
plasmid_clusters_all_seqs.fasta	18160
plasmid_clusters_all_seqs.fasta	18080
plasmid_clusters_all_seqs.fasta	14480
plasmid_clusters_all_seqs.fasta	13120
plasmid_clusters_all_seqs.fasta	12960
plasmid_clusters_all_seqs.fasta	12800
plasmid_clusters_all_seqs.fasta	18400
plasmid_clusters_all_seqs.fasta	18160
plasmid_clusters_all_seqs.fasta	18320
plasmid_clusters_all_seqs.fasta	19760
plasmid_clusters_all_seqs.fasta	18160
plasmid_clusters_all_seqs.fasta	18160
plasmid_clusters_all_seqs.fasta	18080
plasmid_clusters_all_seqs.fasta	58160
plasmid_clusters_all_seqs.fasta	29280
plasmid_clusters_all_seqs.fasta	29520
plasmid_clusters_all_seqs.fasta	6320
plasmid_clusters_all_seqs.fasta	6320
plasmid_clusters_all_seqs.fasta	21360
plasmid_clusters_all_seqs.fasta	29120
plasmid_clusters_all_seqs.fasta	28960
plasmid_clusters_all_seqs.fasta	10320
plasmid_clusters_all_seqs.fasta	29520
plasmid_clusters_all_seqs.fasta	28560
plasmid_clusters_all_seqs.fasta	6480
plasmid_clusters_all_seqs.fasta	29280
plasmid_clusters_all_seqs.fasta	29280
plasmid_clusters_all_seqs.fasta	29280
plasmid_clusters_all_seqs.fasta	28640
plasmid_clusters_all_seqs.fasta	29360
plasmid_clusters_all_seqs.fasta	28560
plasmid_clusters_all_seqs.fasta	29280
plasmid_clusters_all_seqs.fasta	10080
plasmid_clusters_all_seqs.fasta	27040
plasmid_clusters_all_seqs.fasta	17760
plasmid_clusters_all_seqs.fasta	28880
plasmid_clusters_all_seqs.fasta	26640
plasmid_clusters_all_seqs.fasta	26640
plasmid_clusters_all_seqs.fasta	26800
plasmid_clusters_all_seqs.fasta	26800
plasmid_clusters_all_seqs.fasta	28720
plasmid_clusters_all_seqs.fasta	28640
plasmid_clusters_all_seqs.fasta	28560
plasmid_clusters_all_seqs.fasta	28160
plasmid_clusters_all_seqs.fasta	28480
plasmid_clusters_all_seqs.fasta	28320
plasmid_clusters_all_seqs.fasta	28560
plasmid_clusters_all_seqs.fasta	28560
plasmid_clusters_all_seqs.fasta	10160
plasmid_clusters_all_seqs.fasta	27040
plasmid_clusters_all_seqs.fasta	27440
plasmid_clusters_all_seqs.fasta	20560
plasmid_clusters_all_seqs.fasta	21520
plasmid_clusters_all_seqs.fasta	26720
plasmid_clusters_all_seqs.fasta	28800
plasmid_clusters_all_seqs.fasta	28720
plasmid_clusters_all_seqs.fasta	28800
plasmid_clusters_all_seqs.fasta	10080
plasmid_clusters_all_seqs.fasta	28800
plasmid_clusters_all_seqs.fasta	16960
plasmid_clusters_all_seqs.fasta	9360
plasmid_clusters_all_seqs.fasta	11360
plasmid_clusters_all_seqs.fasta	8720
plasmid_clusters_all_seqs.fasta	8800
plasmid_clusters_all_seqs.fasta	8640
plasmid_clusters_all_seqs.fasta	26480
plasmid_clusters_all_seqs.fasta	27440
plasmid_clusters_all_seqs.fasta	28480
plasmid_clusters_all_seqs.fasta	26160
plasmid_clusters_all_seqs.fasta	19040
plasmid_clusters_all_seqs.fasta	30880
plasmid_clusters_all_seqs.fasta	8000
plasmid_clusters_all_seqs.fasta	7760
plasmid_clusters_all_seqs.fasta	21840
plasmid_clusters_all_seqs.fasta	19920
plasmid_clusters_all_seqs.fasta	30560
plasmid_clusters_all_seqs.fasta	30160
plasmid_clusters_all_seqs.fasta	27920
plasmid_clusters_all_seqs.fasta	5920
plasmid_clusters_all_seqs.fasta	16800
plasmid_clusters_all_seqs.fasta	20480
plasmid_clusters_all_seqs.fasta	19920
plasmid_clusters_all_seqs.fasta	27360
plasmid_clusters_all_seqs.fasta	26480
plasmid_clusters_all_seqs.fasta	41280
plasmid_clusters_all_seqs.fasta	41280
plasmid_clusters_all_seqs.fasta	29520
plasmid_clusters_all_seqs.fasta	30400
plasmid_clusters_all_seqs.fasta	27040
plasmid_clusters_all_seqs.fasta	30400
plasmid_clusters_all_seqs.fasta	54880
plasmid_clusters_all_seqs.fasta	54880
plasmid_clusters_all_seqs.fasta	54880
plasmid_clusters_all_seqs.fasta	54800
plasmid_clusters_all_seqs.fasta	54880
plasmid_clusters_all_seqs.fasta	54880
plasmid_clusters_all_seqs.fasta	54800
plasmid_clusters_all_seqs.fasta	54800
plasmid_clusters_all_seqs.fasta	54880
plasmid_clusters_all_seqs.fasta	54880
plasmid_clusters_all_seqs.fasta	54880
plasmid_clusters_all_seqs.fasta	54720
plasmid_clusters_all_seqs.fasta	54880
plasmid_clusters_all_seqs.fasta	54800
plasmid_clusters_all_seqs.fasta	54880
plasmid_clusters_all_seqs.fasta	27040
plasmid_clusters_all_seqs.fasta	28560
plasmid_clusters_all_seqs.fasta	27200
plasmid_clusters_all_seqs.fasta	26880
plasmid_clusters_all_seqs.fasta	27440
plasmid_clusters_all_seqs.fasta	27280
plasmid_clusters_all_seqs.fasta	27760
plasmid_clusters_all_seqs.fasta	27680
plasmid_clusters_all_seqs.fasta	54320
plasmid_clusters_all_seqs.fasta	20960
plasmid_clusters_all_seqs.fasta	26720
plasmid_clusters_all_seqs.fasta	48880
plasmid_clusters_all_seqs.fasta	29760
plasmid_clusters_all_seqs.fasta	29440
plasmid_clusters_all_seqs.fasta	54320
plasmid_clusters_all_seqs.fasta	21040
plasmid_clusters_all_seqs.fasta	28560
plasmid_clusters_all_seqs.fasta	25920
plasmid_clusters_all_seqs.fasta	27360
plasmid_clusters_all_seqs.fasta	11280
plasmid_clusters_all_seqs.fasta	27200
plasmid_clusters_all_seqs.fasta	27200
plasmid_clusters_all_seqs.fasta	27200
plasmid_clusters_all_seqs.fasta	27120
plasmid_clusters_all_seqs.fasta	26960
plasmid_clusters_all_seqs.fasta	26960
plasmid_clusters_all_seqs.fasta	27040
plasmid_clusters_all_seqs.fasta	27040
plasmid_clusters_all_seqs.fasta	27040
plasmid_clusters_all_seqs.fasta	27040
plasmid_clusters_all_seqs.fasta	29920
plasmid_clusters_all_seqs.fasta	29920
plasmid_clusters_all_seqs.fasta	29920
plasmid_clusters_all_seqs.fasta	29920
plasmid_clusters_all_seqs.fasta	29920
plasmid_clusters_all_seqs.fasta	21120
plasmid_clusters_all_seqs.fasta	21120
plasmid_clusters_all_seqs.fasta	21120
plasmid_clusters_all_seqs.fasta	27920
plasmid_clusters_all_seqs.fasta	51040
plasmid_clusters_all_seqs.fasta	50720
plasmid_clusters_all_seqs.fasta	12880
plasmid_clusters_all_seqs.fasta	8160
plasmid_clusters_all_seqs.fasta	22560
plasmid_clusters_all_seqs.fasta	26000
plasmid_clusters_all_seqs.fasta	26960
plasmid_clusters_all_seqs.fasta	21200
plasmid_clusters_all_seqs.fasta	20960
plasmid_clusters_all_seqs.fasta	21040
plasmid_clusters_all_seqs.fasta	21200
plasmid_clusters_all_seqs.fasta	27360
plasmid_clusters_all_seqs.fasta	21040
plasmid_clusters_all_seqs.fasta	59760
plasmid_clusters_all_seqs.fasta	50960
plasmid_clusters_all_seqs.fasta	50800
plasmid_clusters_all_seqs.fasta	50320
plasmid_clusters_all_seqs.fasta	48800
plasmid_clusters_all_seqs.fasta	49440
plasmid_clusters_all_seqs.fasta	50800
plasmid_clusters_all_seqs.fasta	50960
plasmid_clusters_all_seqs.fasta	50160
plasmid_clusters_all_seqs.fasta	13520
plasmid_clusters_all_seqs.fasta	13280
plasmid_clusters_all_seqs.fasta	27200
plasmid_clusters_all_seqs.fasta	27040
plasmid_clusters_all_seqs.fasta	27040
plasmid_clusters_all_seqs.fasta	27040
plasmid_clusters_all_seqs.fasta	27040
plasmid_clusters_all_seqs.fasta	27200
plasmid_clusters_all_seqs.fasta	21120
plasmid_clusters_all_seqs.fasta	27680
plasmid_clusters_all_seqs.fasta	27680
plasmid_clusters_all_seqs.fasta	25120
plasmid_clusters_all_seqs.fasta	24880
plasmid_clusters_all_seqs.fasta	25120
plasmid_clusters_all_seqs.fasta	24960
plasmid_clusters_all_seqs.fasta	24880
plasmid_clusters_all_seqs.fasta	50720
plasmid_clusters_all_seqs.fasta	50400
plasmid_clusters_all_seqs.fasta	50400
plasmid_clusters_all_seqs.fasta	50560
plasmid_clusters_all_seqs.fasta	47440
plasmid_clusters_all_seqs.fasta	50720
plasmid_clusters_all_seqs.fasta	46800
plasmid_clusters_all_seqs.fasta	28400
plasmid_clusters_all_seqs.fasta	22800
plasmid_clusters_all_seqs.fasta	28080
plasmid_clusters_all_seqs.fasta	28160
plasmid_clusters_all_seqs.fasta	27760
plasmid_clusters_all_seqs.fasta	22640
plasmid_clusters_all_seqs.fasta	27680
plasmid_clusters_all_seqs.fasta	27520
plasmid_clusters_all_seqs.fasta	28240
plasmid_clusters_all_seqs.fasta	28240
plasmid_clusters_all_seqs.fasta	28320
plasmid_clusters_all_seqs.fasta	21760
plasmid_clusters_all_seqs.fasta	28000
plasmid_clusters_all_seqs.fasta	21520
plasmid_clusters_all_seqs.fasta	21280
plasmid_clusters_all_seqs.fasta	21120
plasmid_clusters_all_seqs.fasta	21360
plasmid_clusters_all_seqs.fasta	21440
plasmid_clusters_all_seqs.fasta	21280
plasmid_clusters_all_seqs.fasta	21360
plasmid_clusters_all_seqs.fasta	21360
plasmid_clusters_all_seqs.fasta	21280
plasmid_clusters_all_seqs.fasta	21440
plasmid_clusters_all_seqs.fasta	21120
plasmid_clusters_all_seqs.fasta	21360
plasmid_clusters_all_seqs.fasta	21280
plasmid_clusters_all_seqs.fasta	21280
plasmid_clusters_all_seqs.fasta	21280
plasmid_clusters_all_seqs.fasta	21280
plasmid_clusters_all_seqs.fasta	21360
plasmid_clusters_all_seqs.fasta	60560
plasmid_clusters_all_seqs.fasta	55520
plasmid_clusters_all_seqs.fasta	60320
plasmid_clusters_all_seqs.fasta	60320
plasmid_clusters_all_seqs.fasta	60320
plasmid_clusters_all_seqs.fasta	60480
plasmid_clusters_all_seqs.fasta	60320
plasmid_clusters_all_seqs.fasta	46560
plasmid_clusters_all_seqs.fasta	60320
plasmid_clusters_all_seqs.fasta	46560
plasmid_clusters_all_seqs.fasta	60240
plasmid_clusters_all_seqs.fasta	60400
plasmid_clusters_all_seqs.fasta	60320
plasmid_clusters_all_seqs.fasta	60480
plasmid_clusters_all_seqs.fasta	60320
plasmid_clusters_all_seqs.fasta	60160
plasmid_clusters_all_seqs.fasta	60320
plasmid_clusters_all_seqs.fasta	60320
plasmid_clusters_all_seqs.fasta	26640
plasmid_clusters_all_seqs.fasta	53520
plasmid_clusters_all_seqs.fasta	27760
plasmid_clusters_all_seqs.fasta	33520
plasmid_clusters_all_seqs.fasta	28240
plasmid_clusters_all_seqs.fasta	28400
plasmid_clusters_all_seqs.fasta	28400
plasmid_clusters_all_seqs.fasta	10080
plasmid_clusters_all_seqs.fasta	28400
plasmid_clusters_all_seqs.fasta	27680
plasmid_clusters_all_seqs.fasta	21120
plasmid_clusters_all_seqs.fasta	27440
plasmid_clusters_all_seqs.fasta	19520
plasmid_clusters_all_seqs.fasta	13120
plasmid_clusters_all_seqs.fasta	12000
plasmid_clusters_all_seqs.fasta	11920
plasmid_clusters_all_seqs.fasta	11680
plasmid_clusters_all_seqs.fasta	11280
plasmid_clusters_all_seqs.fasta	29920
plasmid_clusters_all_seqs.fasta	7280
plasmid_clusters_all_seqs.fasta	5120
plasmid_clusters_all_seqs.fasta	32480
plasmid_clusters_all_seqs.fasta	24080
plasmid_clusters_all_seqs.fasta	24080
plasmid_clusters_all_seqs.fasta	24080
plasmid_clusters_all_seqs.fasta	24080
plasmid_clusters_all_seqs.fasta	24080
plasmid_clusters_all_seqs.fasta	23920
plasmid_clusters_all_seqs.fasta	24160
plasmid_clusters_all_seqs.fasta	24320
plasmid_clusters_all_seqs.fasta	24160
plasmid_clusters_all_seqs.fasta	24160
plasmid_clusters_all_seqs.fasta	24080
plasmid_clusters_all_seqs.fasta	24080
plasmid_clusters_all_seqs.fasta	24240
plasmid_clusters_all_seqs.fasta	24160
plasmid_clusters_all_seqs.fasta	10000
plasmid_clusters_all_seqs.fasta	24080
plasmid_clusters_all_seqs.fasta	12880
plasmid_clusters_all_seqs.fasta	6560
plasmid_clusters_all_seqs.fasta	27280
plasmid_clusters_all_seqs.fasta	27280
plasmid_clusters_all_seqs.fasta	32720
plasmid_clusters_all_seqs.fasta	32400
plasmid_clusters_all_seqs.fasta	32480
plasmid_clusters_all_seqs.fasta	13280
plasmid_clusters_all_seqs.fasta	18400
plasmid_clusters_all_seqs.fasta	21360
plasmid_clusters_all_seqs.fasta	17680
plasmid_clusters_all_seqs.fasta	20080
plasmid_clusters_all_seqs.fasta	27360
plasmid_clusters_all_seqs.fasta	27360
plasmid_clusters_all_seqs.fasta	27360
plasmid_clusters_all_seqs.fasta	19520
plasmid_clusters_all_seqs.fasta	29760
plasmid_clusters_all_seqs.fasta	13920
plasmid_clusters_all_seqs.fasta	13920
plasmid_clusters_all_seqs.fasta	18960
plasmid_clusters_all_seqs.fasta	18960
plasmid_clusters_all_seqs.fasta	20080
plasmid_clusters_all_seqs.fasta	10080
plasmid_clusters_all_seqs.fasta	7280
plasmid_clusters_all_seqs.fasta	51600
plasmid_clusters_all_seqs.fasta	21600
plasmid_clusters_all_seqs.fasta	30160
plasmid_clusters_all_seqs.fasta	30000
plasmid_clusters_all_seqs.fasta	21360
plasmid_clusters_all_seqs.fasta	20080
plasmid_clusters_all_seqs.fasta	28960
plasmid_clusters_all_seqs.fasta	16880
plasmid_clusters_all_seqs.fasta	58720
plasmid_clusters_all_seqs.fasta	58640
plasmid_clusters_all_seqs.fasta	58560
plasmid_clusters_all_seqs.fasta	6320
plasmid_clusters_all_seqs.fasta	31200
plasmid_clusters_all_seqs.fasta	31120
plasmid_clusters_all_seqs.fasta	31120
plasmid_clusters_all_seqs.fasta	30880
plasmid_clusters_all_seqs.fasta	31120
plasmid_clusters_all_seqs.fasta	23840
plasmid_clusters_all_seqs.fasta	26320
plasmid_clusters_all_seqs.fasta	24560
plasmid_clusters_all_seqs.fasta	24560
plasmid_clusters_all_seqs.fasta	24640
plasmid_clusters_all_seqs.fasta	24560
plasmid_clusters_all_seqs.fasta	24560
plasmid_clusters_all_seqs.fasta	26240
plasmid_clusters_all_seqs.fasta	24320
plasmid_clusters_all_seqs.fasta	24240
plasmid_clusters_all_seqs.fasta	24320
plasmid_clusters_all_seqs.fasta	24480
plasmid_clusters_all_seqs.fasta	27440
plasmid_clusters_all_seqs.fasta	26480
plasmid_clusters_all_seqs.fasta	27120
plasmid_clusters_all_seqs.fasta	20400
plasmid_clusters_all_seqs.fasta	21040
plasmid_clusters_all_seqs.fasta	20640
plasmid_clusters_all_seqs.fasta	20960
plasmid_clusters_all_seqs.fasta	17760
plasmid_clusters_all_seqs.fasta	17360
plasmid_clusters_all_seqs.fasta	22000
plasmid_clusters_all_seqs.fasta	21840
plasmid_clusters_all_seqs.fasta	21600
plasmid_clusters_all_seqs.fasta	9840
plasmid_clusters_all_seqs.fasta	8800
plasmid_clusters_all_seqs.fasta	9360
plasmid_clusters_all_seqs.fasta	30640
plasmid_clusters_all_seqs.fasta	22960
plasmid_clusters_all_seqs.fasta	22880
plasmid_clusters_all_seqs.fasta	22880
plasmid_clusters_all_seqs.fasta	30800
plasmid_clusters_all_seqs.fasta	6080
plasmid_clusters_all_seqs.fasta	29600
plasmid_clusters_all_seqs.fasta	28560
plasmid_clusters_all_seqs.fasta	28320
plasmid_clusters_all_seqs.fasta	27680
plasmid_clusters_all_seqs.fasta	30880
plasmid_clusters_all_seqs.fasta	31360
plasmid_clusters_all_seqs.fasta	25040
plasmid_clusters_all_seqs.fasta	24880
plasmid_clusters_all_seqs.fasta	25120
plasmid_clusters_all_seqs.fasta	25520
plasmid_clusters_all_seqs.fasta	25520
plasmid_clusters_all_seqs.fasta	25520
plasmid_clusters_all_seqs.fasta	25520
plasmid_clusters_all_seqs.fasta	51760
plasmid_clusters_all_seqs.fasta	26480
plasmid_clusters_all_seqs.fasta	10640
plasmid_clusters_all_seqs.fasta	8560
plasmid_clusters_all_seqs.fasta	8000
plasmid_clusters_all_seqs.fasta	55760
plasmid_clusters_all_seqs.fasta	30160
plasmid_clusters_all_seqs.fasta	30160
plasmid_clusters_all_seqs.fasta	30000
plasmid_clusters_all_seqs.fasta	25200
plasmid_clusters_all_seqs.fasta	10800
plasmid_clusters_all_seqs.fasta	18640
plasmid_clusters_all_seqs.fasta	16640
plasmid_clusters_all_seqs.fasta	16640
plasmid_clusters_all_seqs.fasta	25760
plasmid_clusters_all_seqs.fasta	25680
plasmid_clusters_all_seqs.fasta	25200
plasmid_clusters_all_seqs.fasta	25520
plasmid_clusters_all_seqs.fasta	25680
plasmid_clusters_all_seqs.fasta	25680
plasmid_clusters_all_seqs.fasta	17120
plasmid_clusters_all_seqs.fasta	17680
plasmid_clusters_all_seqs.fasta	31360
plasmid_clusters_all_seqs.fasta	23360
plasmid_clusters_all_seqs.fasta	23360
plasmid_clusters_all_seqs.fasta	31120
plasmid_clusters_all_seqs.fasta	23520
plasmid_clusters_all_seqs.fasta	23440
plasmid_clusters_all_seqs.fasta	23520
plasmid_clusters_all_seqs.fasta	24160
plasmid_clusters_all_seqs.fasta	23600
plasmid_clusters_all_seqs.fasta	22000
plasmid_clusters_all_seqs.fasta	21840
plasmid_clusters_all_seqs.fasta	21840
plasmid_clusters_all_seqs.fasta	22000
plasmid_clusters_all_seqs.fasta	9600
plasmid_clusters_all_seqs.fasta	8640
plasmid_clusters_all_seqs.fasta	9600
plasmid_clusters_all_seqs.fasta	8640
plasmid_clusters_all_seqs.fasta	9520
plasmid_clusters_all_seqs.fasta	9520
plasmid_clusters_all_seqs.fasta	9520
plasmid_clusters_all_seqs.fasta	9440
plasmid_clusters_all_seqs.fasta	9360
plasmid_clusters_all_seqs.fasta	9440
plasmid_clusters_all_seqs.fasta	8480
plasmid_clusters_all_seqs.fasta	9520
plasmid_clusters_all_seqs.fasta	9360
plasmid_clusters_all_seqs.fasta	9360
plasmid_clusters_all_seqs.fasta	41520
plasmid_clusters_all_seqs.fasta	17840
plasmid_clusters_all_seqs.fasta	23600
plasmid_clusters_all_seqs.fasta	23680
plasmid_clusters_all_seqs.fasta	18000
plasmid_clusters_all_seqs.fasta	23680
plasmid_clusters_all_seqs.fasta	7440
plasmid_clusters_all_seqs.fasta	23840
plasmid_clusters_all_seqs.fasta	8800
plasmid_clusters_all_seqs.fasta	8880
plasmid_clusters_all_seqs.fasta	8800
plasmid_clusters_all_seqs.fasta	8800
plasmid_clusters_all_seqs.fasta	8800
plasmid_clusters_all_seqs.fasta	8800
plasmid_clusters_all_seqs.fasta	8800
plasmid_clusters_all_seqs.fasta	8800
plasmid_clusters_all_seqs.fasta	8720
plasmid_clusters_all_seqs.fasta	8800
plasmid_clusters_all_seqs.fasta	8800
plasmid_clusters_all_seqs.fasta	8720
plasmid_clusters_all_seqs.fasta	8720
plasmid_clusters_all_seqs.fasta	11920
plasmid_clusters_all_seqs.fasta	8800
plasmid_clusters_all_seqs.fasta	8800
plasmid_clusters_all_seqs.fasta	8800
plasmid_clusters_all_seqs.fasta	8800
plasmid_clusters_all_seqs.fasta	25360
plasmid_clusters_all_seqs.fasta	25120
plasmid_clusters_all_seqs.fasta	7920
plasmid_clusters_all_seqs.fasta	7440
plasmid_clusters_all_seqs.fasta	54480
plasmid_clusters_all_seqs.fasta	24560
plasmid_clusters_all_seqs.fasta	10320
plasmid_clusters_all_seqs.fasta	7120
plasmid_clusters_all_seqs.fasta	24560
plasmid_clusters_all_seqs.fasta	24560
plasmid_clusters_all_seqs.fasta	24560
plasmid_clusters_all_seqs.fasta	24400
plasmid_clusters_all_seqs.fasta	24880
plasmid_clusters_all_seqs.fasta	24960
plasmid_clusters_all_seqs.fasta	7200
plasmid_clusters_all_seqs.fasta	24960
plasmid_clusters_all_seqs.fasta	24960
plasmid_clusters_all_seqs.fasta	21680
plasmid_clusters_all_seqs.fasta	46960
plasmid_clusters_all_seqs.fasta	28240
plasmid_clusters_all_seqs.fasta	10960
plasmid_clusters_all_seqs.fasta	13920
plasmid_clusters_all_seqs.fasta	28080
plasmid_clusters_all_seqs.fasta	27760
plasmid_clusters_all_seqs.fasta	27840
plasmid_clusters_all_seqs.fasta	27520
plasmid_clusters_all_seqs.fasta	27840
plasmid_clusters_all_seqs.fasta	27600
plasmid_clusters_all_seqs.fasta	27760
plasmid_clusters_all_seqs.fasta	27840
plasmid_clusters_all_seqs.fasta	27440
plasmid_clusters_all_seqs.fasta	21760
plasmid_clusters_all_seqs.fasta	20080
plasmid_clusters_all_seqs.fasta	22800
plasmid_clusters_all_seqs.fasta	22640
plasmid_clusters_all_seqs.fasta	22480
plasmid_clusters_all_seqs.fasta	22560
plasmid_clusters_all_seqs.fasta	22080
plasmid_clusters_all_seqs.fasta	22720
plasmid_clusters_all_seqs.fasta	10240
plasmid_clusters_all_seqs.fasta	8880
plasmid_clusters_all_seqs.fasta	8800
plasmid_clusters_all_seqs.fasta	8880
plasmid_clusters_all_seqs.fasta	8880
plasmid_clusters_all_seqs.fasta	8880
plasmid_clusters_all_seqs.fasta	8800
plasmid_clusters_all_seqs.fasta	8800
plasmid_clusters_all_seqs.fasta	54960
plasmid_clusters_all_seqs.fasta	54800
plasmid_clusters_all_seqs.fasta	54720
plasmid_clusters_all_seqs.fasta	54720
plasmid_clusters_all_seqs.fasta	54880
plasmid_clusters_all_seqs.fasta	54720
plasmid_clusters_all_seqs.fasta	53760
plasmid_clusters_all_seqs.fasta	5040
plasmid_clusters_all_seqs.fasta	34880
plasmid_clusters_all_seqs.fasta	29520
plasmid_clusters_all_seqs.fasta	29440
plasmid_clusters_all_seqs.fasta	28320
plasmid_clusters_all_seqs.fasta	29840
plasmid_clusters_all_seqs.fasta	29600
plasmid_clusters_all_seqs.fasta	29600
plasmid_clusters_all_seqs.fasta	5360
plasmid_clusters_all_seqs.fasta	5120
plasmid_clusters_all_seqs.fasta	29760
plasmid_clusters_all_seqs.fasta	10080
plasmid_clusters_all_seqs.fasta	7600
plasmid_clusters_all_seqs.fasta	29120
plasmid_clusters_all_seqs.fasta	29680
plasmid_clusters_all_seqs.fasta	5280
plasmid_clusters_all_seqs.fasta	29680
plasmid_clusters_all_seqs.fasta	29520
plasmid_clusters_all_seqs.fasta	5280
plasmid_clusters_all_seqs.fasta	29680
plasmid_clusters_all_seqs.fasta	29280
plasmid_clusters_all_seqs.fasta	29760
plasmid_clusters_all_seqs.fasta	29760
plasmid_clusters_all_seqs.fasta	29760
plasmid_clusters_all_seqs.fasta	5200
plasmid_clusters_all_seqs.fasta	27920
plasmid_clusters_all_seqs.fasta	5200
plasmid_clusters_all_seqs.fasta	5280
plasmid_clusters_all_seqs.fasta	5280
plasmid_clusters_all_seqs.fasta	5200
plasmid_clusters_all_seqs.fasta	29520
plasmid_clusters_all_seqs.fasta	7440
plasmid_clusters_all_seqs.fasta	5280
plasmid_clusters_all_seqs.fasta	29600
plasmid_clusters_all_seqs.fasta	29440
plasmid_clusters_all_seqs.fasta	5520
plasmid_clusters_all_seqs.fasta	5280
plasmid_clusters_all_seqs.fasta	22640
plasmid_clusters_all_seqs.fasta	22720
plasmid_clusters_all_seqs.fasta	22640
plasmid_clusters_all_seqs.fasta	41120
plasmid_clusters_all_seqs.fasta	17200
plasmid_clusters_all_seqs.fasta	24320
plasmid_clusters_all_seqs.fasta	24320
plasmid_clusters_all_seqs.fasta	17360
plasmid_clusters_all_seqs.fasta	17200
plasmid_clusters_all_seqs.fasta	17200
plasmid_clusters_all_seqs.fasta	17280
plasmid_clusters_all_seqs.fasta	17280
plasmid_clusters_all_seqs.fasta	17280
plasmid_clusters_all_seqs.fasta	10720
plasmid_clusters_all_seqs.fasta	17280
plasmid_clusters_all_seqs.fasta	24160
plasmid_clusters_all_seqs.fasta	24400
plasmid_clusters_all_seqs.fasta	24160
plasmid_clusters_all_seqs.fasta	24400
plasmid_clusters_all_seqs.fasta	24400
plasmid_clusters_all_seqs.fasta	24400
plasmid_clusters_all_seqs.fasta	16480
plasmid_clusters_all_seqs.fasta	23680
plasmid_clusters_all_seqs.fasta	17280
plasmid_clusters_all_seqs.fasta	37280
plasmid_clusters_all_seqs.fasta	27760
plasmid_clusters_all_seqs.fasta	27840
plasmid_clusters_all_seqs.fasta	5120
plasmid_clusters_all_seqs.fasta	27840
plasmid_clusters_all_seqs.fasta	27840
plasmid_clusters_all_seqs.fasta	27840
plasmid_clusters_all_seqs.fasta	27840
plasmid_clusters_all_seqs.fasta	30560
plasmid_clusters_all_seqs.fasta	27840
plasmid_clusters_all_seqs.fasta	27840
plasmid_clusters_all_seqs.fasta	27760
plasmid_clusters_all_seqs.fasta	27840
plasmid_clusters_all_seqs.fasta	27840
plasmid_clusters_all_seqs.fasta	27840
plasmid_clusters_all_seqs.fasta	27760
plasmid_clusters_all_seqs.fasta	27760
plasmid_clusters_all_seqs.fasta	27520
plasmid_clusters_all_seqs.fasta	27680
plasmid_clusters_all_seqs.fasta	19920
plasmid_clusters_all_seqs.fasta	18720
plasmid_clusters_all_seqs.fasta	22320
plasmid_clusters_all_seqs.fasta	22160
plasmid_clusters_all_seqs.fasta	26560
plasmid_clusters_all_seqs.fasta	15360
plasmid_clusters_all_seqs.fasta	27200
plasmid_clusters_all_seqs.fasta	30000
plasmid_clusters_all_seqs.fasta	12080
plasmid_clusters_all_seqs.fasta	30640
plasmid_clusters_all_seqs.fasta	30000
plasmid_clusters_all_seqs.fasta	31040
plasmid_clusters_all_seqs.fasta	30880
plasmid_clusters_all_seqs.fasta	25200
plasmid_clusters_all_seqs.fasta	29360
plasmid_clusters_all_seqs.fasta	27040
plasmid_clusters_all_seqs.fasta	61120
plasmid_clusters_all_seqs.fasta	40080
plasmid_clusters_all_seqs.fasta	26960
plasmid_clusters_all_seqs.fasta	26960
plasmid_clusters_all_seqs.fasta	26960
plasmid_clusters_all_seqs.fasta	26640
plasmid_clusters_all_seqs.fasta	26560
plasmid_clusters_all_seqs.fasta	26640
plasmid_clusters_all_seqs.fasta	26640
plasmid_clusters_all_seqs.fasta	26560
plasmid_clusters_all_seqs.fasta	26560
plasmid_clusters_all_seqs.fasta	26560
plasmid_clusters_all_seqs.fasta	26560
plasmid_clusters_all_seqs.fasta	26560
plasmid_clusters_all_seqs.fasta	26640
plasmid_clusters_all_seqs.fasta	26640
plasmid_clusters_all_seqs.fasta	26960
plasmid_clusters_all_seqs.fasta	26960
plasmid_clusters_all_seqs.fasta	29520
plasmid_clusters_all_seqs.fasta	40640
plasmid_clusters_all_seqs.fasta	36800
plasmid_clusters_all_seqs.fasta	44240
plasmid_clusters_all_seqs.fasta	67040
plasmid_clusters_all_seqs.fasta	26560
plasmid_clusters_all_seqs.fasta	26480
plasmid_clusters_all_seqs.fasta	26480
plasmid_clusters_all_seqs.fasta	26560
plasmid_clusters_all_seqs.fasta	26480
plasmid_clusters_all_seqs.fasta	25200
plasmid_clusters_all_seqs.fasta	28720
plasmid_clusters_all_seqs.fasta	24240
plasmid_clusters_all_seqs.fasta	28560
plasmid_clusters_all_seqs.fasta	30720
plasmid_clusters_all_seqs.fasta	30400
plasmid_clusters_all_seqs.fasta	30320
plasmid_clusters_all_seqs.fasta	31200
plasmid_clusters_all_seqs.fasta	36080
plasmid_clusters_all_seqs.fasta	29680
plasmid_clusters_all_seqs.fasta	16800
plasmid_clusters_all_seqs.fasta	55760
plasmid_clusters_all_seqs.fasta	31280
plasmid_clusters_all_seqs.fasta	7440
plasmid_clusters_all_seqs.fasta	5040
plasmid_clusters_all_seqs.fasta	9760
plasmid_clusters_all_seqs.fasta	31200
plasmid_clusters_all_seqs.fasta	5600
plasmid_clusters_all_seqs.fasta	9520
plasmid_clusters_all_seqs.fasta	30720
plasmid_clusters_all_seqs.fasta	10640
plasmid_clusters_all_seqs.fasta	8880
plasmid_clusters_all_seqs.fasta	27120
plasmid_clusters_all_seqs.fasta	27040
plasmid_clusters_all_seqs.fasta	24640
plasmid_clusters_all_seqs.fasta	25840
plasmid_clusters_all_seqs.fasta	25520
plasmid_clusters_all_seqs.fasta	30640
plasmid_clusters_all_seqs.fasta	28960
plasmid_clusters_all_seqs.fasta	8560
plasmid_clusters_all_seqs.fasta	20640
plasmid_clusters_all_seqs.fasta	29520
plasmid_clusters_all_seqs.fasta	27600
plasmid_clusters_all_seqs.fasta	25680
plasmid_clusters_all_seqs.fasta	20720
plasmid_clusters_all_seqs.fasta	25600
plasmid_clusters_all_seqs.fasta	26480
plasmid_clusters_all_seqs.fasta	30320
plasmid_clusters_all_seqs.fasta	7760
plasmid_clusters_all_seqs.fasta	30000
plasmid_clusters_all_seqs.fasta	7120
plasmid_clusters_all_seqs.fasta	27440
plasmid_clusters_all_seqs.fasta	10640
plasmid_clusters_all_seqs.fasta	24320
plasmid_clusters_all_seqs.fasta	28800
plasmid_clusters_all_seqs.fasta	6320
plasmid_clusters_all_seqs.fasta	21280
plasmid_clusters_all_seqs.fasta	6320
plasmid_clusters_all_seqs.fasta	6480
plasmid_clusters_all_seqs.fasta	21280
plasmid_clusters_all_seqs.fasta	28720
plasmid_clusters_all_seqs.fasta	28720
plasmid_clusters_all_seqs.fasta	28640
plasmid_clusters_all_seqs.fasta	29920
plasmid_clusters_all_seqs.fasta	27200
plasmid_clusters_all_seqs.fasta	11440
plasmid_clusters_all_seqs.fasta	10000
plasmid_clusters_all_seqs.fasta	11280
plasmid_clusters_all_seqs.fasta	10160
plasmid_clusters_all_seqs.fasta	27120
plasmid_clusters_all_seqs.fasta	10160
plasmid_clusters_all_seqs.fasta	10080
plasmid_clusters_all_seqs.fasta	10240
plasmid_clusters_all_seqs.fasta	26480
plasmid_clusters_all_seqs.fasta	30880
plasmid_clusters_all_seqs.fasta	30800
plasmid_clusters_all_seqs.fasta	30000
plasmid_clusters_all_seqs.fasta	26960
plasmid_clusters_all_seqs.fasta	29440
plasmid_clusters_all_seqs.fasta	6320
plasmid_clusters_all_seqs.fasta	30000
plasmid_clusters_all_seqs.fasta	17440
plasmid_clusters_all_seqs.fasta	23840
plasmid_clusters_all_seqs.fasta	30800
plasmid_clusters_all_seqs.fasta	29120
plasmid_clusters_all_seqs.fasta	21040
plasmid_clusters_all_seqs.fasta	21040
plasmid_clusters_all_seqs.fasta	21040
plasmid_clusters_all_seqs.fasta	30160
plasmid_clusters_all_seqs.fasta	8160
plasmid_clusters_all_seqs.fasta	8160
plasmid_clusters_all_seqs.fasta	8160
plasmid_clusters_all_seqs.fasta	8160
plasmid_clusters_all_seqs.fasta	8160
plasmid_clusters_all_seqs.fasta	13200
plasmid_clusters_all_seqs.fasta	30160
plasmid_clusters_all_seqs.fasta	8960
plasmid_clusters_all_seqs.fasta	8160
plasmid_clusters_all_seqs.fasta	6880
plasmid_clusters_all_seqs.fasta	8080
plasmid_clusters_all_seqs.fasta	5440
plasmid_clusters_all_seqs.fasta	5440
plasmid_clusters_all_seqs.fasta	8080
plasmid_clusters_all_seqs.fasta	30080
plasmid_clusters_all_seqs.fasta	30080
plasmid_clusters_all_seqs.fasta	6320
plasmid_clusters_all_seqs.fasta	30240
plasmid_clusters_all_seqs.fasta	7040
plasmid_clusters_all_seqs.fasta	7920
plasmid_clusters_all_seqs.fasta	11440
plasmid_clusters_all_seqs.fasta	7040
plasmid_clusters_all_seqs.fasta	7680
plasmid_clusters_all_seqs.fasta	9280
plasmid_clusters_all_seqs.fasta	7440
plasmid_clusters_all_seqs.fasta	6880
plasmid_clusters_all_seqs.fasta	7440
plasmid_clusters_all_seqs.fasta	29600
plasmid_clusters_all_seqs.fasta	5360
plasmid_clusters_all_seqs.fasta	8560
plasmid_clusters_all_seqs.fasta	10640
plasmid_clusters_all_seqs.fasta	30640
plasmid_clusters_all_seqs.fasta	7360
plasmid_clusters_all_seqs.fasta	10400
plasmid_clusters_all_seqs.fasta	5920
plasmid_clusters_all_seqs.fasta	29520
plasmid_clusters_all_seqs.fasta	15760
plasmid_clusters_all_seqs.fasta	28880
plasmid_clusters_all_seqs.fasta	21200
plasmid_clusters_all_seqs.fasta	21040
plasmid_clusters_all_seqs.fasta	21040
plasmid_clusters_all_seqs.fasta	5920
plasmid_clusters_all_seqs.fasta	21040
plasmid_clusters_all_seqs.fasta	21200
plasmid_clusters_all_seqs.fasta	21040
plasmid_clusters_all_seqs.fasta	5040
plasmid_clusters_all_seqs.fasta	21040
plasmid_clusters_all_seqs.fasta	21200
plasmid_clusters_all_seqs.fasta	39040
plasmid_clusters_all_seqs.fasta	8400
plasmid_clusters_all_seqs.fasta	5040
plasmid_clusters_all_seqs.fasta	8400
plasmid_clusters_all_seqs.fasta	5120
plasmid_clusters_all_seqs.fasta	8400
plasmid_clusters_all_seqs.fasta	4960
plasmid_clusters_all_seqs.fasta	8400
plasmid_clusters_all_seqs.fasta	5200
plasmid_clusters_all_seqs.fasta	8080
plasmid_clusters_all_seqs.fasta	5200
plasmid_clusters_all_seqs.fasta	8400
plasmid_clusters_all_seqs.fasta	5200
plasmid_clusters_all_seqs.fasta	8400
plasmid_clusters_all_seqs.fasta	5200
plasmid_clusters_all_seqs.fasta	8400
plasmid_clusters_all_seqs.fasta	5200
plasmid_clusters_all_seqs.fasta	8400
plasmid_clusters_all_seqs.fasta	5040
plasmid_clusters_all_seqs.fasta	8400
plasmid_clusters_all_seqs.fasta	5200
plasmid_clusters_all_seqs.fasta	7840
plasmid_clusters_all_seqs.fasta	5120
plasmid_clusters_all_seqs.fasta	8400
plasmid_clusters_all_seqs.fasta	6240
plasmid_clusters_all_seqs.fasta	26480
plasmid_clusters_all_seqs.fasta	30320
plasmid_clusters_all_seqs.fasta	8880
plasmid_clusters_all_seqs.fasta	7840
plasmid_clusters_all_seqs.fasta	30320
plasmid_clusters_all_seqs.fasta	30080
plasmid_clusters_all_seqs.fasta	5920
plasmid_clusters_all_seqs.fasta	5280
plasmid_clusters_all_seqs.fasta	5120
plasmid_clusters_all_seqs.fasta	7120
plasmid_clusters_all_seqs.fasta	6080
plasmid_clusters_all_seqs.fasta	6160
plasmid_clusters_all_seqs.fasta	30080
plasmid_clusters_all_seqs.fasta	30720
plasmid_clusters_all_seqs.fasta	5920
plasmid_clusters_all_seqs.fasta	5280
plasmid_clusters_all_seqs.fasta	5920
plasmid_clusters_all_seqs.fasta	7920
plasmid_clusters_all_seqs.fasta	15440
plasmid_clusters_all_seqs.fasta	30000
plasmid_clusters_all_seqs.fasta	13280
plasmid_clusters_all_seqs.fasta	30800
plasmid_clusters_all_seqs.fasta	7360
plasmid_clusters_all_seqs.fasta	8800
plasmid_clusters_all_seqs.fasta	27760
plasmid_clusters_all_seqs.fasta	27680
plasmid_clusters_all_seqs.fasta	28640
plasmid_clusters_all_seqs.fasta	26480
plasmid_clusters_all_seqs.fasta	26480
plasmid_clusters_all_seqs.fasta	26480
plasmid_clusters_all_seqs.fasta	26480
plasmid_clusters_all_seqs.fasta	26480
plasmid_clusters_all_seqs.fasta	26480
plasmid_clusters_all_seqs.fasta	26480
plasmid_clusters_all_seqs.fasta	26400
plasmid_clusters_all_seqs.fasta	26480
plasmid_clusters_all_seqs.fasta	26400
plasmid_clusters_all_seqs.fasta	26480
plasmid_clusters_all_seqs.fasta	26480
plasmid_clusters_all_seqs.fasta	26480
plasmid_clusters_all_seqs.fasta	26480
plasmid_clusters_all_seqs.fasta	26480
plasmid_clusters_all_seqs.fasta	18800
plasmid_clusters_all_seqs.fasta	18720
plasmid_clusters_all_seqs.fasta	18160
plasmid_clusters_all_seqs.fasta	26480
plasmid_clusters_all_seqs.fasta	30320
plasmid_clusters_all_seqs.fasta	29360
plasmid_clusters_all_seqs.fasta	8800
plasmid_clusters_all_seqs.fasta	7680
plasmid_clusters_all_seqs.fasta	30400
plasmid_clusters_all_seqs.fasta	30480
plasmid_clusters_all_seqs.fasta	14000
plasmid_clusters_all_seqs.fasta	21120
plasmid_clusters_all_seqs.fasta	18880
plasmid_clusters_all_seqs.fasta	18880
plasmid_clusters_all_seqs.fasta	18880
plasmid_clusters_all_seqs.fasta	20000
plasmid_clusters_all_seqs.fasta	20560
plasmid_clusters_all_seqs.fasta	21040
plasmid_clusters_all_seqs.fasta	27840
plasmid_clusters_all_seqs.fasta	5840
plasmid_clusters_all_seqs.fasta	11040
plasmid_clusters_all_seqs.fasta	5600
plasmid_clusters_all_seqs.fasta	12000
plasmid_clusters_all_seqs.fasta	5840
plasmid_clusters_all_seqs.fasta	12000
plasmid_clusters_all_seqs.fasta	27600
plasmid_clusters_all_seqs.fasta	30000
plasmid_clusters_all_seqs.fasta	28080
plasmid_clusters_all_seqs.fasta	25760
plasmid_clusters_all_seqs.fasta	28080
plasmid_clusters_all_seqs.fasta	21840
plasmid_clusters_all_seqs.fasta	28400
plasmid_clusters_all_seqs.fasta	24960
plasmid_clusters_all_seqs.fasta	47040
plasmid_clusters_all_seqs.fasta	5120
plasmid_clusters_all_seqs.fasta	5520
plasmid_clusters_all_seqs.fasta	6960
plasmid_clusters_all_seqs.fasta	5120
plasmid_clusters_all_seqs.fasta	5040
plasmid_clusters_all_seqs.fasta	7120
plasmid_clusters_all_seqs.fasta	7120
plasmid_clusters_all_seqs.fasta	30640
plasmid_clusters_all_seqs.fasta	30640
plasmid_clusters_all_seqs.fasta	30400
plasmid_clusters_all_seqs.fasta	17520
plasmid_clusters_all_seqs.fasta	52400
plasmid_clusters_all_seqs.fasta	50480
plasmid_clusters_all_seqs.fasta	30720
plasmid_clusters_all_seqs.fasta	15520
plasmid_clusters_all_seqs.fasta	36080
plasmid_clusters_all_seqs.fasta	24720
plasmid_clusters_all_seqs.fasta	24880
plasmid_clusters_all_seqs.fasta	24400
plasmid_clusters_all_seqs.fasta	24400
plasmid_clusters_all_seqs.fasta	24560
plasmid_clusters_all_seqs.fasta	24160
plasmid_clusters_all_seqs.fasta	11680
plasmid_clusters_all_seqs.fasta	24160
plasmid_clusters_all_seqs.fasta	23920
plasmid_clusters_all_seqs.fasta	24080
plasmid_clusters_all_seqs.fasta	23920
plasmid_clusters_all_seqs.fasta	23920
plasmid_clusters_all_seqs.fasta	24160
plasmid_clusters_all_seqs.fasta	23280
plasmid_clusters_all_seqs.fasta	21280
plasmid_clusters_all_seqs.fasta	21200
plasmid_clusters_all_seqs.fasta	23200
plasmid_clusters_all_seqs.fasta	60720
plasmid_clusters_all_seqs.fasta	14560
plasmid_clusters_all_seqs.fasta	30320
plasmid_clusters_all_seqs.fasta	26640
plasmid_clusters_all_seqs.fasta	19200
plasmid_clusters_all_seqs.fasta	18720
plasmid_clusters_all_seqs.fasta	18720
plasmid_clusters_all_seqs.fasta	18720
plasmid_clusters_all_seqs.fasta	18880
plasmid_clusters_all_seqs.fasta	18800
plasmid_clusters_all_seqs.fasta	18960
plasmid_clusters_all_seqs.fasta	23040
plasmid_clusters_all_seqs.fasta	13280
plasmid_clusters_all_seqs.fasta	5040
plasmid_clusters_all_seqs.fasta	26640
plasmid_clusters_all_seqs.fasta	12640
plasmid_clusters_all_seqs.fasta	26640
plasmid_clusters_all_seqs.fasta	26800
plasmid_clusters_all_seqs.fasta	14240
plasmid_clusters_all_seqs.fasta	41520
plasmid_clusters_all_seqs.fasta	22800
plasmid_clusters_all_seqs.fasta	24880
plasmid_clusters_all_seqs.fasta	24800
plasmid_clusters_all_seqs.fasta	11680
plasmid_clusters_all_seqs.fasta	24800
plasmid_clusters_all_seqs.fasta	24640
plasmid_clusters_all_seqs.fasta	25040
plasmid_clusters_all_seqs.fasta	24880
plasmid_clusters_all_seqs.fasta	24960
plasmid_clusters_all_seqs.fasta	24960
plasmid_clusters_all_seqs.fasta	24880
plasmid_clusters_all_seqs.fasta	11520
plasmid_clusters_all_seqs.fasta	12080
plasmid_clusters_all_seqs.fasta	17120
plasmid_clusters_all_seqs.fasta	20400
plasmid_clusters_all_seqs.fasta	53840
plasmid_clusters_all_seqs.fasta	53680
plasmid_clusters_all_seqs.fasta	53680
plasmid_clusters_all_seqs.fasta	53520
plasmid_clusters_all_seqs.fasta	11760
plasmid_clusters_all_seqs.fasta	16080
plasmid_clusters_all_seqs.fasta	27760
plasmid_clusters_all_seqs.fasta	30720
plasmid_clusters_all_seqs.fasta	28880
plasmid_clusters_all_seqs.fasta	28880
plasmid_clusters_all_seqs.fasta	28880
plasmid_clusters_all_seqs.fasta	22080
plasmid_clusters_all_seqs.fasta	23200
plasmid_clusters_all_seqs.fasta	26560
plasmid_clusters_rep_seq.fasta	24480
plasmid_clusters_rep_seq.fasta	22880
plasmid_clusters_rep_seq.fasta	8880
plasmid_clusters_rep_seq.fasta	5600
plasmid_clusters_rep_seq.fasta	26480
plasmid_clusters_rep_seq.fasta	85120
plasmid_clusters_rep_seq.fasta	37040
plasmid_clusters_rep_seq.fasta	20880
plasmid_clusters_rep_seq.fasta	27040
plasmid_clusters_rep_seq.fasta	57520
plasmid_clusters_rep_seq.fasta	60880
plasmid_clusters_rep_seq.fasta	58400
plasmid_clusters_rep_seq.fasta	88480
plasmid_clusters_rep_seq.fasta	17280
plasmid_clusters_rep_seq.fasta	9360
plasmid_clusters_rep_seq.fasta	32640
plasmid_clusters_rep_seq.fasta	29280
plasmid_clusters_rep_seq.fasta	29440
plasmid_clusters_rep_seq.fasta	30240
plasmid_clusters_rep_seq.fasta	24640
plasmid_clusters_rep_seq.fasta	30640
plasmid_clusters_rep_seq.fasta	30640
plasmid_clusters_rep_seq.fasta	30000
plasmid_clusters_rep_seq.fasta	27840
plasmid_clusters_rep_seq.fasta	28160
plasmid_clusters_rep_seq.fasta	30560
plasmid_clusters_rep_seq.fasta	53680
plasmid_clusters_rep_seq.fasta	30560
plasmid_clusters_rep_seq.fasta	31200
plasmid_clusters_rep_seq.fasta	62160
plasmid_clusters_rep_seq.fasta	61360
plasmid_clusters_rep_seq.fasta	26480
plasmid_clusters_rep_seq.fasta	29840
plasmid_clusters_rep_seq.fasta	30160
plasmid_clusters_rep_seq.fasta	30160
plasmid_clusters_rep_seq.fasta	30560
plasmid_clusters_rep_seq.fasta	18320
plasmid_clusters_rep_seq.fasta	30000
plasmid_clusters_rep_seq.fasta	30000
plasmid_clusters_rep_seq.fasta	15520
plasmid_clusters_rep_seq.fasta	27600
plasmid_clusters_rep_seq.fasta	23040
plasmid_clusters_rep_seq.fasta	38880
plasmid_clusters_rep_seq.fasta	27680
plasmid_clusters_rep_seq.fasta	18400
plasmid_clusters_rep_seq.fasta	16240
plasmid_clusters_rep_seq.fasta	22240
plasmid_clusters_rep_seq.fasta	36240
plasmid_clusters_rep_seq.fasta	10160
plasmid_clusters_rep_seq.fasta	58640
plasmid_clusters_rep_seq.fasta	30720
plasmid_clusters_rep_seq.fasta	29760
plasmid_clusters_rep_seq.fasta	30800
plasmid_clusters_rep_seq.fasta	30880
plasmid_clusters_rep_seq.fasta	38800
plasmid_clusters_rep_seq.fasta	30320
plasmid_clusters_rep_seq.fasta	29760
plasmid_clusters_rep_seq.fasta	48160
plasmid_clusters_rep_seq.fasta	23360
plasmid_clusters_rep_seq.fasta	28400
plasmid_clusters_rep_seq.fasta	28880
plasmid_clusters_rep_seq.fasta	24720
plasmid_clusters_rep_seq.fasta	28480
plasmid_clusters_rep_seq.fasta	30000
plasmid_clusters_rep_seq.fasta	6800
plasmid_clusters_rep_seq.fasta	32320
plasmid_clusters_rep_seq.fasta	34240
plasmid_clusters_rep_seq.fasta	59760
plasmid_clusters_rep_seq.fasta	26480
plasmid_clusters_rep_seq.fasta	15840
plasmid_clusters_rep_seq.fasta	29600
plasmid_clusters_rep_seq.fasta	17440
plasmid_clusters_rep_seq.fasta	30640
plasmid_clusters_rep_seq.fasta	20640
plasmid_clusters_rep_seq.fasta	37840
plasmid_clusters_rep_seq.fasta	26480
plasmid_clusters_rep_seq.fasta	60720
plasmid_clusters_rep_seq.fasta	30240
plasmid_clusters_rep_seq.fasta	29840
plasmid_clusters_rep_seq.fasta	30000
plasmid_clusters_rep_seq.fasta	30800
plasmid_clusters_rep_seq.fasta	31040
plasmid_clusters_rep_seq.fasta	30640
plasmid_clusters_rep_seq.fasta	24320
plasmid_clusters_rep_seq.fasta	30080
plasmid_clusters_rep_seq.fasta	24560
plasmid_clusters_rep_seq.fasta	22800
plasmid_clusters_rep_seq.fasta	27520
plasmid_clusters_rep_seq.fasta	15360
plasmid_clusters_rep_seq.fasta	26480
plasmid_clusters_rep_seq.fasta	14880
plasmid_clusters_rep_seq.fasta	30400
plasmid_clusters_rep_seq.fasta	30640
plasmid_clusters_rep_seq.fasta	30240
plasmid_clusters_rep_seq.fasta	30240
plasmid_clusters_rep_seq.fasta	30240
plasmid_clusters_rep_seq.fasta	21280
plasmid_clusters_rep_seq.fasta	30880
plasmid_clusters_rep_seq.fasta	24080
plasmid_clusters_rep_seq.fasta	29680
plasmid_clusters_rep_seq.fasta	16800
plasmid_clusters_rep_seq.fasta	55760
plasmid_clusters_rep_seq.fasta	31280
plasmid_clusters_rep_seq.fasta	31200
plasmid_clusters_rep_seq.fasta	30720
plasmid_clusters_rep_seq.fasta	8880
plasmid_clusters_rep_seq.fasta	27120
plasmid_clusters_rep_seq.fasta	24640
plasmid_clusters_rep_seq.fasta	25840
plasmid_clusters_rep_seq.fasta	30640
plasmid_clusters_rep_seq.fasta	29520
plasmid_clusters_rep_seq.fasta	25680
plasmid_clusters_rep_seq.fasta	26480
plasmid_clusters_rep_seq.fasta	30320
plasmid_clusters_rep_seq.fasta	30000
plasmid_clusters_rep_seq.fasta	27440
plasmid_clusters_rep_seq.fasta	28800
plasmid_clusters_rep_seq.fasta	29920
plasmid_clusters_rep_seq.fasta	27200
plasmid_clusters_rep_seq.fasta	26480
plasmid_clusters_rep_seq.fasta	30880
plasmid_clusters_rep_seq.fasta	30800
plasmid_clusters_rep_seq.fasta	30000
plasmid_clusters_rep_seq.fasta	30000
plasmid_clusters_rep_seq.fasta	17440
plasmid_clusters_rep_seq.fasta	23840
plasmid_clusters_rep_seq.fasta	30800
plasmid_clusters_rep_seq.fasta	30160
plasmid_clusters_rep_seq.fasta	30160
plasmid_clusters_rep_seq.fasta	30240
plasmid_clusters_rep_seq.fasta	29600
plasmid_clusters_rep_seq.fasta	30640
plasmid_clusters_rep_seq.fasta	29520
plasmid_clusters_rep_seq.fasta	28880
plasmid_clusters_rep_seq.fasta	39040
plasmid_clusters_rep_seq.fasta	26480
plasmid_clusters_rep_seq.fasta	30320
plasmid_clusters_rep_seq.fasta	30080
plasmid_clusters_rep_seq.fasta	30720
plasmid_clusters_rep_seq.fasta	30000
plasmid_clusters_rep_seq.fasta	30800
plasmid_clusters_rep_seq.fasta	27760
plasmid_clusters_rep_seq.fasta	28640
plasmid_clusters_rep_seq.fasta	18800
plasmid_clusters_rep_seq.fasta	26480
plasmid_clusters_rep_seq.fasta	30320
plasmid_clusters_rep_seq.fasta	29360
plasmid_clusters_rep_seq.fasta	30400
plasmid_clusters_rep_seq.fasta	30480
plasmid_clusters_rep_seq.fasta	21120
plasmid_clusters_rep_seq.fasta	27840
plasmid_clusters_rep_seq.fasta	30000
plasmid_clusters_rep_seq.fasta	47040
plasmid_clusters_rep_seq.fasta	30640
plasmid_clusters_rep_seq.fasta	30640
plasmid_clusters_rep_seq.fasta	30400
plasmid_clusters_rep_seq.fasta	52400
plasmid_clusters_rep_seq.fasta	30720
plasmid_clusters_rep_seq.fasta	36080
plasmid_clusters_rep_seq.fasta	21200
plasmid_clusters_rep_seq.fasta	23200
plasmid_clusters_rep_seq.fasta	60720
plasmid_clusters_rep_seq.fasta	26640
plasmid_clusters_rep_seq.fasta	19200
plasmid_clusters_rep_seq.fasta	23040
plasmid_clusters_rep_seq.fasta	13280
plasmid_clusters_rep_seq.fasta	26640
plasmid_clusters_rep_seq.fasta	12640
plasmid_clusters_rep_seq.fasta	26640
plasmid_clusters_rep_seq.fasta	26800
plasmid_clusters_rep_seq.fasta	14240
plasmid_clusters_rep_seq.fasta	41520
plasmid_clusters_rep_seq.fasta	12080
plasmid_clusters_rep_seq.fasta	17120
plasmid_clusters_rep_seq.fasta	20400
plasmid_clusters_rep_seq.fasta	53840
plasmid_clusters_rep_seq.fasta	11760
plasmid_clusters_rep_seq.fasta	16080
plasmid_clusters_rep_seq.fasta	27760
plasmid_clusters_rep_seq.fasta	30720
plasmid_clusters_rep_seq.fasta	26560
plasmid_clusters_rep_seq.fasta	8400
plasmid_clusters_rep_seq.fasta	6800
plasmid_clusters_rep_seq.fasta	24240
plasmid_clusters_rep_seq.fasta	59360
plasmid_clusters_rep_seq.fasta	5120
plasmid_clusters_rep_seq.fasta	27760
plasmid_clusters_rep_seq.fasta	27680
plasmid_clusters_rep_seq.fasta	18960
plasmid_clusters_rep_seq.fasta	28880
plasmid_clusters_rep_seq.fasta	21280
plasmid_clusters_rep_seq.fasta	17040
plasmid_clusters_rep_seq.fasta	26480
plasmid_clusters_rep_seq.fasta	17920
plasmid_clusters_rep_seq.fasta	26480
plasmid_clusters_rep_seq.fasta	30240
plasmid_clusters_rep_seq.fasta	30560
plasmid_clusters_rep_seq.fasta	30640
plasmid_clusters_rep_seq.fasta	21120
plasmid_clusters_rep_seq.fasta	21120
plasmid_clusters_rep_seq.fasta	31360
plasmid_clusters_rep_seq.fasta	26480
plasmid_clusters_rep_seq.fasta	29920
plasmid_clusters_rep_seq.fasta	8000
plasmid_clusters_rep_seq.fasta	54080
plasmid_clusters_rep_seq.fasta	48160
plasmid_clusters_rep_seq.fasta	8400
plasmid_clusters_rep_seq.fasta	54880
plasmid_clusters_rep_seq.fasta	26640
plasmid_clusters_rep_seq.fasta	31120
plasmid_clusters_rep_seq.fasta	31040
plasmid_clusters_rep_seq.fasta	16160
plasmid_clusters_rep_seq.fasta	32800
plasmid_clusters_rep_seq.fasta	31680
plasmid_clusters_rep_seq.fasta	25840
plasmid_clusters_rep_seq.fasta	22560
plasmid_clusters_rep_seq.fasta	19280
plasmid_clusters_rep_seq.fasta	5920
plasmid_clusters_rep_seq.fasta	22400
plasmid_clusters_rep_seq.fasta	18720
plasmid_clusters_rep_seq.fasta	21760
plasmid_clusters_rep_seq.fasta	9360
plasmid_clusters_rep_seq.fasta	7760
plasmid_clusters_rep_seq.fasta	25120
plasmid_clusters_rep_seq.fasta	22640
plasmid_clusters_rep_seq.fasta	22560
plasmid_clusters_rep_seq.fasta	53840
plasmid_clusters_rep_seq.fasta	15520
plasmid_clusters_rep_seq.fasta	8800
plasmid_clusters_rep_seq.fasta	27280
plasmid_clusters_rep_seq.fasta	24800
plasmid_clusters_rep_seq.fasta	22720
plasmid_clusters_rep_seq.fasta	12960
plasmid_clusters_rep_seq.fasta	5840
plasmid_clusters_rep_seq.fasta	24400
plasmid_clusters_rep_seq.fasta	53840
plasmid_clusters_rep_seq.fasta	35440
plasmid_clusters_rep_seq.fasta	55760
plasmid_clusters_rep_seq.fasta	47040
plasmid_clusters_rep_seq.fasta	58160
plasmid_clusters_rep_seq.fasta	9360
plasmid_clusters_rep_seq.fasta	11360
plasmid_clusters_rep_seq.fasta	26480
plasmid_clusters_rep_seq.fasta	27440
plasmid_clusters_rep_seq.fasta	28480
plasmid_clusters_rep_seq.fasta	30880
plasmid_clusters_rep_seq.fasta	21840
plasmid_clusters_rep_seq.fasta	19920
plasmid_clusters_rep_seq.fasta	30560
plasmid_clusters_rep_seq.fasta	27920
plasmid_clusters_rep_seq.fasta	26480
plasmid_clusters_rep_seq.fasta	41280
plasmid_clusters_rep_seq.fasta	29520
plasmid_clusters_rep_seq.fasta	30400
plasmid_clusters_rep_seq.fasta	54880
plasmid_clusters_rep_seq.fasta	27040
plasmid_clusters_rep_seq.fasta	28560
plasmid_clusters_rep_seq.fasta	54320
plasmid_clusters_rep_seq.fasta	20960
plasmid_clusters_rep_seq.fasta	26720
plasmid_clusters_rep_seq.fasta	48880
plasmid_clusters_rep_seq.fasta	29760
plasmid_clusters_rep_seq.fasta	54320
plasmid_clusters_rep_seq.fasta	21040
plasmid_clusters_rep_seq.fasta	28560
plasmid_clusters_rep_seq.fasta	25920
plasmid_clusters_rep_seq.fasta	27360
plasmid_clusters_rep_seq.fasta	11280
plasmid_clusters_rep_seq.fasta	27200
plasmid_clusters_rep_seq.fasta	29920
plasmid_clusters_rep_seq.fasta	21120
plasmid_clusters_rep_seq.fasta	27920
plasmid_clusters_rep_seq.fasta	51040
plasmid_clusters_rep_seq.fasta	12880
plasmid_clusters_rep_seq.fasta	22560
plasmid_clusters_rep_seq.fasta	26000
plasmid_clusters_rep_seq.fasta	26960
plasmid_clusters_rep_seq.fasta	21200
plasmid_clusters_rep_seq.fasta	27360
plasmid_clusters_rep_seq.fasta	21040
plasmid_clusters_rep_seq.fasta	59760
plasmid_clusters_rep_seq.fasta	50960
plasmid_clusters_rep_seq.fasta	13520
plasmid_clusters_rep_seq.fasta	27200
plasmid_clusters_rep_seq.fasta	21120
plasmid_clusters_rep_seq.fasta	27680
plasmid_clusters_rep_seq.fasta	25120
plasmid_clusters_rep_seq.fasta	50720
plasmid_clusters_rep_seq.fasta	28400
plasmid_clusters_rep_seq.fasta	21520
plasmid_clusters_rep_seq.fasta	60560
plasmid_clusters_rep_seq.fasta	26640
plasmid_clusters_rep_seq.fasta	53520
plasmid_clusters_rep_seq.fasta	27760
plasmid_clusters_rep_seq.fasta	33520
plasmid_clusters_rep_seq.fasta	27680
plasmid_clusters_rep_seq.fasta	21120
plasmid_clusters_rep_seq.fasta	27440
plasmid_clusters_rep_seq.fasta	19520
plasmid_clusters_rep_seq.fasta	13120
plasmid_clusters_rep_seq.fasta	29920
plasmid_clusters_rep_seq.fasta	32480
plasmid_clusters_rep_seq.fasta	6560
plasmid_clusters_rep_seq.fasta	27280
plasmid_clusters_rep_seq.fasta	32720
plasmid_clusters_rep_seq.fasta	13280
plasmid_clusters_rep_seq.fasta	18400
plasmid_clusters_rep_seq.fasta	21360
plasmid_clusters_rep_seq.fasta	17680
plasmid_clusters_rep_seq.fasta	20080
plasmid_clusters_rep_seq.fasta	27360
plasmid_clusters_rep_seq.fasta	19520
plasmid_clusters_rep_seq.fasta	29760
plasmid_clusters_rep_seq.fasta	13920
plasmid_clusters_rep_seq.fasta	18960
plasmid_clusters_rep_seq.fasta	20080
plasmid_clusters_rep_seq.fasta	10080
plasmid_clusters_rep_seq.fasta	51600
plasmid_clusters_rep_seq.fasta	20080
plasmid_clusters_rep_seq.fasta	28960
plasmid_clusters_rep_seq.fasta	16880
plasmid_clusters_rep_seq.fasta	58720
plasmid_clusters_rep_seq.fasta	6320
plasmid_clusters_rep_seq.fasta	31200
plasmid_clusters_rep_seq.fasta	23840
plasmid_clusters_rep_seq.fasta	26320
plasmid_clusters_rep_seq.fasta	27440
plasmid_clusters_rep_seq.fasta	26480
plasmid_clusters_rep_seq.fasta	27120
plasmid_clusters_rep_seq.fasta	20400
plasmid_clusters_rep_seq.fasta	21040
plasmid_clusters_rep_seq.fasta	17760
plasmid_clusters_rep_seq.fasta	22000
plasmid_clusters_rep_seq.fasta	21600
plasmid_clusters_rep_seq.fasta	9840
plasmid_clusters_rep_seq.fasta	30640
plasmid_clusters_rep_seq.fasta	22960
plasmid_clusters_rep_seq.fasta	30800
plasmid_clusters_rep_seq.fasta	29600
plasmid_clusters_rep_seq.fasta	28560
plasmid_clusters_rep_seq.fasta	28320
plasmid_clusters_rep_seq.fasta	30880
plasmid_clusters_rep_seq.fasta	31360
plasmid_clusters_rep_seq.fasta	51760
plasmid_clusters_rep_seq.fasta	26480
plasmid_clusters_rep_seq.fasta	10640
plasmid_clusters_rep_seq.fasta	8560
plasmid_clusters_rep_seq.fasta	55760
plasmid_clusters_rep_seq.fasta	31360
plasmid_clusters_rep_seq.fasta	22000
plasmid_clusters_rep_seq.fasta	9600
plasmid_clusters_rep_seq.fasta	41520
plasmid_clusters_rep_seq.fasta	7440
plasmid_clusters_rep_seq.fasta	23840
plasmid_clusters_rep_seq.fasta	25360
plasmid_clusters_rep_seq.fasta	7920
plasmid_clusters_rep_seq.fasta	7440
plasmid_clusters_rep_seq.fasta	54480
plasmid_clusters_rep_seq.fasta	46960
plasmid_clusters_rep_seq.fasta	28080
plasmid_clusters_rep_seq.fasta	27840
plasmid_clusters_rep_seq.fasta	27440
plasmid_clusters_rep_seq.fasta	22800
plasmid_clusters_rep_seq.fasta	8880
plasmid_clusters_rep_seq.fasta	54960
plasmid_clusters_rep_seq.fasta	5040
plasmid_clusters_rep_seq.fasta	34880
plasmid_clusters_rep_seq.fasta	22640
plasmid_clusters_rep_seq.fasta	22720
plasmid_clusters_rep_seq.fasta	22640
plasmid_clusters_rep_seq.fasta	41120
plasmid_clusters_rep_seq.fasta	37280
plasmid_clusters_rep_seq.fasta	19920
plasmid_clusters_rep_seq.fasta	22320
plasmid_clusters_rep_seq.fasta	26560
plasmid_clusters_rep_seq.fasta	27200
plasmid_clusters_rep_seq.fasta	30000
plasmid_clusters_rep_seq.fasta	30640
plasmid_clusters_rep_seq.fasta	30000
plasmid_clusters_rep_seq.fasta	31040
plasmid_clusters_rep_seq.fasta	30880
plasmid_clusters_rep_seq.fasta	25200
plasmid_clusters_rep_seq.fasta	29360
plasmid_clusters_rep_seq.fasta	27040
plasmid_clusters_rep_seq.fasta	61120
plasmid_clusters_rep_seq.fasta	40080
plasmid_clusters_rep_seq.fasta	29520
plasmid_clusters_rep_seq.fasta	40640
plasmid_clusters_rep_seq.fasta	36800
plasmid_clusters_rep_seq.fasta	44240
plasmid_clusters_rep_seq.fasta	67040
plasmid_clusters_rep_seq.fasta	26560
plasmid_clusters_rep_seq.fasta	25200
plasmid_clusters_rep_seq.fasta	28720
plasmid_clusters_rep_seq.fasta	24240
plasmid_clusters_rep_seq.fasta	28560
plasmid_clusters_rep_seq.fasta	30720
plasmid_clusters_rep_seq.fasta	30400
plasmid_clusters_rep_seq.fasta	30320
plasmid_clusters_rep_seq.fasta	31200
plasmid_clusters_rep_seq.fasta	36080
plasmid_clusters_rep_seq.fasta	26640
plasmid_clusters_rep_seq.fasta	11680
plasmid_clusters_rep_seq.fasta	27840
plasmid_clusters_rep_seq.fasta	9520
plasmid_clusters_rep_seq.fasta	53840
plasmid_clusters_rep_seq.fasta	27840
plasmid_clusters_rep_seq.fasta	26640
plasmid_clusters_rep_seq.fasta	26480
plasmid_clusters_rep_seq.fasta	20240
plasmid_clusters_rep_seq.fasta	53840
plasmid_clusters_rep_seq.fasta	22000
plasmid_clusters_rep_seq.fasta	8480
plasmid_clusters_rep_seq.fasta	26480
plasmid_clusters_rep_seq.fasta	25680
plasmid_clusters_rep_seq.fasta	30080
plasmid_clusters_rep_seq.fasta	30160
plasmid_clusters_rep_seq.fasta	29520
plasmid_clusters_rep_seq.fasta	28960
plasmid_clusters_rep_seq.fasta	30800
plasmid_clusters_rep_seq.fasta	30640
plasmid_clusters_rep_seq.fasta	28720
plasmid_clusters_rep_seq.fasta	39120
plasmid_clusters_rep_seq.fasta	26560
plasmid_clusters_rep_seq.fasta	27360
plasmid_clusters_rep_seq.fasta	30880
plasmid_clusters_rep_seq.fasta	61040
plasmid_clusters_rep_seq.fasta	53840
plasmid_clusters_rep_seq.fasta	60560
plasmid_clusters_rep_seq.fasta	32560
plasmid_clusters_rep_seq.fasta	19680
plasmid_clusters_rep_seq.fasta	90000
plasmid_clusters_rep_seq.fasta	29680
plasmid_clusters_rep_seq.fasta	29040
plasmid_clusters_rep_seq.fasta	25280
plasmid_clusters_rep_seq.fasta	19280
plasmid_clusters_rep_seq.fasta	28160
plasmid_clusters_rep_seq.fasta	59760
plasmid_clusters_rep_seq.fasta	30320
plasmid_clusters_rep_seq.fasta	26160
plasmid_clusters_rep_seq.fasta	29920
plasmid_clusters_rep_seq.fasta	22400
plasmid_clusters_rep_seq.fasta	36880
plasmid_clusters_rep_seq.fasta	38960
plasmid_clusters_rep_seq.fasta	15280
plasmid_clusters_rep_seq.fasta	91040
plasmid_clusters_rep_seq.fasta	26480
plasmid_clusters_rep_seq.fasta	14400
plasmid_clusters_rep_seq.fasta	88000
plasmid_clusters_rep_seq.fasta	36960
plasmid_clusters_rep_seq.fasta	8480
plasmid_clusters_rep_seq.fasta	27360
plasmid_clusters_rep_seq.fasta	30320
plasmid_clusters_rep_seq.fasta	110640
plasmid_clusters_rep_seq.fasta	51840
plasmid_clusters_rep_seq.fasta	28080
plasmid_clusters_rep_seq.fasta	27040
plasmid_clusters_rep_seq.fasta	32320
plasmid_clusters_rep_seq.fasta	17600
plasmid_clusters_rep_seq.fasta	24960
plasmid_clusters_rep_seq.fasta	27040
plasmid_clusters_rep_seq.fasta	31360
plasmid_clusters_rep_seq.fasta	22480
plasmid_clusters_rep_seq.fasta	57120
plasmid_clusters_rep_seq.fasta	9360
plasmid_clusters_rep_seq.fasta	20800
plasmid_clusters_rep_seq.fasta	23360
plasmid_clusters_rep_seq.fasta	17280
plasmid_clusters_rep_seq.fasta	24560
plasmid_clusters_rep_seq.fasta	27040
plasmid_clusters_rep_seq.fasta	41680
plasmid_clusters_rep_seq.fasta	35440
plasmid_clusters_rep_seq.fasta	58080
plasmid_clusters_rep_seq.fasta	22800
plasmid_clusters_rep_seq.fasta	22000
plasmid_clusters_rep_seq.fasta	23520
plasmid_clusters_rep_seq.fasta	17840
plasmid_clusters_rep_seq.fasta	23840
plasmid_clusters_rep_seq.fasta	22800
plasmid_clusters_rep_seq.fasta	37120
plasmid_clusters_rep_seq.fasta	64000
plasmid_clusters_rep_seq.fasta	27440
plasmid_clusters_rep_seq.fasta	31440
